2025-11-13 22:19:55,960 - INFO - ============================================================
2025-11-13 22:19:55,960 - INFO - JuntaPDF Iniciado
2025-11-13 22:19:55,960 - INFO - Versão Python: 3.12.1 (tags/v3.12.1:2305ca5, Dec  7 2023, 22:03:25) [MSC v.1937 64 bit (AMD64)]
2025-11-13 22:19:55,960 - INFO - Diretório de Log: C:\Users\Pichau\AppData\Local\Temp\JuntaPDF_Logs
2025-11-13 22:19:55,976 - INFO - Política de retenção: 30 dias
2025-11-13 22:19:55,976 - INFO - Rotacionamento: 10MB
2025-11-13 22:19:55,979 - INFO - tkinterdnd2 disponível
2025-11-13 22:19:56,035 - INFO - PyPDF2 disponível
2025-11-13 22:19:56,039 - INFO - pikepdf C++ to Python logger bridge initialized
2025-11-13 22:19:56,070 - INFO - pikepdf disponível
2025-11-13 22:19:56,204 - INFO - Janela criada com suporte a Drag & Drop
2025-11-13 22:19:56,205 - ERROR - Exceção não tratada: NameError: name '_atexit_cleanup_registered' is not defined
NoneType: None
2025-11-13 22:21:14,633 - INFO - ============================================================
2025-11-13 22:21:14,633 - INFO - JuntaPDF Iniciado
2025-11-13 22:21:14,633 - INFO - Versão Python: 3.12.1 (tags/v3.12.1:2305ca5, Dec  7 2023, 22:03:25) [MSC v.1937 64 bit (AMD64)]
2025-11-13 22:21:14,633 - INFO - Diretório de Log: C:\Users\Pichau\AppData\Local\Temp\JuntaPDF_Logs
2025-11-13 22:21:14,633 - INFO - Política de retenção: 30 dias
2025-11-13 22:21:14,634 - INFO - Rotacionamento: 10MB
2025-11-13 22:21:14,637 - INFO - tkinterdnd2 disponível
2025-11-13 22:21:14,679 - INFO - PyPDF2 disponível
2025-11-13 22:21:14,679 - INFO - pikepdf C++ to Python logger bridge initialized
2025-11-13 22:21:14,726 - INFO - pikepdf disponível
2025-11-13 22:21:14,811 - INFO - Janela criada com suporte a Drag & Drop
2025-11-13 22:21:14,811 - INFO - Cleanup registrado no atexit
2025-11-13 22:21:14,811 - INFO - Procurando Ghostscript no sistema...
2025-11-13 22:21:14,811 - INFO - Ghostscript encontrado no PATH: C:\Program Files\gs\gs10.06.0\bin\gswin64c.EXE
2025-11-13 22:21:14,811 - INFO - Perfil ICC encontrado: C:\Program Files\gs\gs10.06.0\iccprofiles\srgb.icc
2025-11-13 22:21:14,811 - INFO - PDF/A disponível: Ghostscript e ICC encontrados
2025-11-13 22:21:14,860 - INFO - ✅ Dependências verificadas:
2025-11-13 22:21:14,860 - INFO -    - PyPDF2: True
2025-11-13 22:21:14,860 - INFO -    - pikepdf: True
2025-11-13 22:21:14,860 - INFO -    - Ghostscript: True
2025-11-13 22:21:14,860 - INFO -    - PDF/A: True
2025-11-13 22:21:14,860 - INFO -    - Drag & Drop: True
2025-11-13 22:21:14,860 - INFO - Status PDF_LIBS_AVAILABLE: True
2025-11-13 22:21:14,862 - INFO - Status GHOSTSCRIPT_PATH: C:\Program Files\gs\gs10.06.0\bin\gswin64c.EXE
2025-11-13 22:21:14,862 - INFO - Status PIKEPDF_AVAILABLE: True
2025-11-13 22:21:14,862 - INFO - Status DND_AVAILABLE: True
2025-11-13 22:21:14,862 - INFO - Status PDFA_AVAILABLE: True
2025-11-13 22:21:14,862 - INFO - ✅ JuntaPDF inicializado com sucesso!
2025-11-13 22:21:14,862 - INFO - 🚀 Iniciando interface gráfica...
2025-11-13 22:21:17,337 - INFO - Iniciando limpeza de arquivos temporários
2025-11-13 22:21:17,381 - INFO - 🧹 Finalizando JuntaPDF...
2025-11-13 22:21:17,381 - INFO - Iniciando limpeza de arquivos temporários
2025-11-13 22:21:17,381 - INFO - Iniciando limpeza de arquivos temporários
2025-11-13 22:21:43,085 - INFO - ============================================================
2025-11-13 22:21:43,085 - INFO - JuntaPDF Iniciado
2025-11-13 22:21:43,085 - INFO - Versão Python: 3.12.1 (tags/v3.12.1:2305ca5, Dec  7 2023, 22:03:25) [MSC v.1937 64 bit (AMD64)]
2025-11-13 22:21:43,085 - INFO - Diretório de Log: C:\Users\Pichau\AppData\Local\Temp\JuntaPDF_Logs
2025-11-13 22:21:43,085 - INFO - Política de retenção: 30 dias
2025-11-13 22:21:43,085 - INFO - Rotacionamento: 10MB
2025-11-13 22:21:43,096 - INFO - tkinterdnd2 disponível
2025-11-13 22:21:43,153 - INFO - PyPDF2 disponível
2025-11-13 22:21:43,163 - INFO - pikepdf C++ to Python logger bridge initialized
2025-11-13 22:21:43,210 - INFO - pikepdf disponível
2025-11-13 22:21:43,298 - INFO - Janela criada com suporte a Drag & Drop
2025-11-13 22:21:43,298 - INFO - Cleanup registrado no atexit
2025-11-13 22:21:43,298 - INFO - Procurando Ghostscript no sistema...
2025-11-13 22:21:43,300 - INFO - Ghostscript encontrado no PATH: C:\Program Files\gs\gs10.06.0\bin\gswin64c.EXE
2025-11-13 22:21:43,300 - INFO - Perfil ICC encontrado: C:\Program Files\gs\gs10.06.0\iccprofiles\srgb.icc
2025-11-13 22:21:43,300 - INFO - PDF/A disponível: Ghostscript e ICC encontrados
2025-11-13 22:21:43,335 - INFO - ✅ Dependências verificadas:
2025-11-13 22:21:43,335 - INFO -    - PyPDF2: True
2025-11-13 22:21:43,335 - INFO -    - pikepdf: True
2025-11-13 22:21:43,335 - INFO -    - Ghostscript: True
2025-11-13 22:21:43,335 - INFO -    - PDF/A: True
2025-11-13 22:21:43,335 - INFO -    - Drag & Drop: True
2025-11-13 22:21:43,335 - INFO - Status PDF_LIBS_AVAILABLE: True
2025-11-13 22:21:43,335 - INFO - Status GHOSTSCRIPT_PATH: C:\Program Files\gs\gs10.06.0\bin\gswin64c.EXE
2025-11-13 22:21:43,335 - INFO - Status PIKEPDF_AVAILABLE: True
2025-11-13 22:21:43,335 - INFO - Status DND_AVAILABLE: True
2025-11-13 22:21:43,335 - INFO - Status PDFA_AVAILABLE: True
2025-11-13 22:21:43,335 - INFO - ✅ JuntaPDF inicializado com sucesso!
2025-11-13 22:21:43,335 - INFO - 🚀 Iniciando interface gráfica...
2025-11-13 22:21:50,663 - INFO - Arquivo adicionado: paginateste3.pdf
2025-11-13 22:21:50,663 - INFO - Arquivo adicionado: paginateste2.pdf
2025-11-13 22:21:50,663 - INFO - Arquivo adicionado: paginateste1.pdf
2025-11-13 22:21:56,140 - INFO - Iniciando união de 3 arquivos -> C:/Users/Pichau/Downloads\ROSANE.pdf
2025-11-13 22:21:56,804 - INFO - PDF unido criado e validado: C:/Users/Pichau/Downloads\ROSANE.pdf (8.4 MB) - PDF válido (12 páginas, 8.43 MB)
2025-11-13 22:21:58,182 - INFO - Pasta aberta: C:/Users/Pichau/Downloads
2025-11-13 22:22:06,292 - INFO - Iniciando união de 3 arquivos -> C:/Users/Pichau/Downloads\ROSANE2.pdf
2025-11-13 22:22:06,638 - INFO - Iniciando compressão: ._tmp_12444_1763083326.pdf -> Compactação Máxima
2025-11-13 22:22:06,638 - INFO - Executando: Compressão Ghostscript
2025-11-13 22:22:13,267 - INFO - Compressão concluída: 8.4MB -> 1.9MB (-77.9%)
2025-11-13 22:22:13,567 - INFO - PDF unido criado e validado: C:/Users/Pichau/Downloads\ROSANE2.pdf (1.9 MB) - PDF válido (12 páginas, 1.86 MB)
2025-11-13 22:22:15,601 - INFO - Pasta aberta: C:/Users/Pichau/Downloads
2025-11-13 22:22:20,967 - INFO - Arquivo adicionado: PROF SUBSTITUTO.pdf
2025-11-13 22:22:27,913 - INFO - Arquivo removido: paginateste1.pdf
2025-11-13 22:22:30,793 - INFO - Arquivo removido: paginateste2.pdf
2025-11-13 22:22:32,325 - INFO - Arquivo removido: paginateste3.pdf
2025-11-13 22:22:41,990 - INFO - Iniciando união de 1 arquivos -> C:/Users/Pichau/Downloads\PROFSUBSTITUTO2.pdf
2025-11-13 22:22:42,045 - INFO - Iniciando compressão: ._tmp_12444_1763083362.pdf -> Compactação Máxima
2025-11-13 22:22:42,045 - INFO - Executando: Compressão Ghostscript
2025-11-13 22:22:51,420 - INFO - Compressão concluída: 25.2MB -> 27.2MB (--8.0%)
2025-11-13 22:22:53,364 - INFO - PDF unido criado e validado: C:/Users/Pichau/Downloads\PROFSUBSTITUTO2.pdf (27.2 MB) - PDF válido (45 páginas, 27.22 MB)
2025-11-13 22:22:54,770 - INFO - Pasta aberta: C:/Users/Pichau/Downloads
2025-11-13 22:23:13,496 - INFO - Iniciando limpeza de arquivos temporários
2025-11-13 22:23:13,525 - INFO - 🧹 Finalizando JuntaPDF...
2025-11-13 22:23:13,525 - INFO - Iniciando limpeza de arquivos temporários
2025-11-13 22:23:13,525 - INFO - Iniciando limpeza de arquivos temporários
2025-11-13 22:24:12,663 - INFO - ============================================================
2025-11-13 22:24:12,663 - INFO - JuntaPDF Iniciado
2025-11-13 22:24:12,663 - INFO - Versão Python: 3.12.10 (tags/v3.12.10:0cc8128, Apr  8 2025, 12:21:36) [MSC v.1943 64 bit (AMD64)]
2025-11-13 22:24:12,663 - INFO - Diretório de Log: C:\Users\Pichau\AppData\Local\Temp\JuntaPDF_Logs
2025-11-13 22:24:12,663 - INFO - Política de retenção: 30 dias
2025-11-13 22:24:12,663 - INFO - Rotacionamento: 10MB
2025-11-13 22:24:12,679 - INFO - tkinterdnd2 disponível
2025-11-13 22:24:12,729 - INFO - PyPDF2 disponível
2025-11-13 22:24:12,743 - INFO - pikepdf C++ to Python logger bridge initialized
2025-11-13 22:24:12,853 - INFO - pikepdf disponível
2025-11-13 22:24:12,961 - INFO - Janela criada com suporte a Drag & Drop
2025-11-13 22:24:12,961 - INFO - Cleanup registrado no atexit
2025-11-13 22:24:12,961 - INFO - Procurando Ghostscript no sistema...
2025-11-13 22:24:12,963 - INFO - Ghostscript encontrado no PATH: C:\Program Files\gs\gs10.06.0\bin\gswin64c.EXE
2025-11-13 22:24:12,963 - INFO - Perfil ICC encontrado: C:\Program Files\gs\gs10.06.0\iccprofiles\srgb.icc
2025-11-13 22:24:12,963 - INFO - PDF/A disponível: Ghostscript e ICC encontrados
2025-11-13 22:24:12,991 - INFO - ✅ Dependências verificadas:
2025-11-13 22:24:12,991 - INFO -    - PyPDF2: True
2025-11-13 22:24:12,991 - INFO -    - pikepdf: True
2025-11-13 22:24:12,991 - INFO -    - Ghostscript: True
2025-11-13 22:24:12,991 - INFO -    - PDF/A: True
2025-11-13 22:24:12,991 - INFO -    - Drag & Drop: True
2025-11-13 22:24:12,991 - INFO - Status PDF_LIBS_AVAILABLE: True
2025-11-13 22:24:12,991 - INFO - Status GHOSTSCRIPT_PATH: C:\Program Files\gs\gs10.06.0\bin\gswin64c.EXE
2025-11-13 22:24:12,991 - INFO - Status PIKEPDF_AVAILABLE: True
2025-11-13 22:24:12,991 - INFO - Status DND_AVAILABLE: True
2025-11-13 22:24:12,991 - INFO - Status PDFA_AVAILABLE: True
2025-11-13 22:24:12,991 - INFO - ✅ JuntaPDF inicializado com sucesso!
2025-11-13 22:24:12,991 - INFO - 🚀 Iniciando interface gráfica...
2025-11-13 22:24:19,323 - INFO - Arquivo adicionado: paginateste3.pdf
2025-11-13 22:24:19,323 - INFO - Arquivo adicionado: paginateste2.pdf
2025-11-13 22:24:19,323 - INFO - Arquivo adicionado: paginateste1.pdf
2025-11-13 22:24:28,202 - INFO - Iniciando união de 3 arquivos -> C:/Users/Pichau/Downloads\nivel1.pdf
2025-11-13 22:24:28,555 - INFO - Iniciando compressão: ._tmp_17672_1763083468.pdf -> Otimização Automática
2025-11-13 22:24:28,555 - INFO - Executando: Compressão Ghostscript
2025-11-13 22:24:36,716 - INFO - Compressão concluída: 8.4MB -> 3.1MB (-63.0%)
2025-11-13 22:24:37,037 - INFO - PDF unido criado e validado: C:/Users/Pichau/Downloads\nivel1.pdf (3.1 MB) - PDF válido (12 páginas, 3.12 MB)
2025-11-13 22:24:50,602 - INFO - Iniciando união de 3 arquivos -> C:/Users/Pichau/Downloads\nivel2.pdf
2025-11-13 22:24:50,942 - INFO - Iniciando compressão: ._tmp_17672_1763083490.pdf -> Compactação Equilibrada
2025-11-13 22:24:50,942 - INFO - Executando: Compressão Ghostscript
2025-11-13 22:24:58,509 - INFO - Compressão concluída: 8.4MB -> 2.2MB (-74.2%)
2025-11-13 22:24:58,836 - INFO - PDF unido criado e validado: C:/Users/Pichau/Downloads\nivel2.pdf (2.2 MB) - PDF válido (12 páginas, 2.17 MB)
2025-11-13 22:25:07,194 - INFO - Iniciando união de 3 arquivos -> C:/Users/Pichau/Downloads\nivel3.pdf
2025-11-13 22:25:07,542 - INFO - Iniciando compressão: ._tmp_17672_1763083507.pdf -> Compactação Máxima
2025-11-13 22:25:07,542 - INFO - Executando: Compressão Ghostscript
2025-11-13 22:25:14,982 - INFO - Compressão concluída: 8.4MB -> 1.9MB (-77.9%)
2025-11-13 22:25:15,384 - INFO - PDF unido criado e validado: C:/Users/Pichau/Downloads\nivel3.pdf (1.9 MB) - PDF válido (12 páginas, 1.86 MB)
2025-11-13 22:25:41,734 - INFO - Pasta aberta: C:/Users/Pichau/Downloads
2025-11-13 22:27:23,632 - INFO - ============================================================
2025-11-13 22:27:23,632 - INFO - JuntaPDF Iniciado
2025-11-13 22:27:23,633 - INFO - Versão Python: 3.12.1 (tags/v3.12.1:2305ca5, Dec  7 2023, 22:03:25) [MSC v.1937 64 bit (AMD64)]
2025-11-13 22:27:23,633 - INFO - Diretório de Log: C:\Users\Pichau\AppData\Local\Temp\JuntaPDF_Logs
2025-11-13 22:27:23,633 - INFO - Política de retenção: 30 dias
2025-11-13 22:27:23,633 - INFO - Rotacionamento: 10MB
2025-11-13 22:27:23,633 - INFO - tkinterdnd2 disponível
2025-11-13 22:27:23,688 - INFO - PyPDF2 disponível
2025-11-13 22:27:23,699 - INFO - pikepdf C++ to Python logger bridge initialized
2025-11-13 22:27:23,742 - INFO - pikepdf disponível
2025-11-13 22:27:23,866 - INFO - Janela criada com suporte a Drag & Drop
2025-11-13 22:27:23,866 - INFO - Cleanup registrado no atexit
2025-11-13 22:27:23,866 - INFO - Procurando Ghostscript no sistema...
2025-11-13 22:27:23,866 - INFO - Ghostscript encontrado no PATH: C:\Program Files\gs\gs10.06.0\bin\gswin64c.EXE
2025-11-13 22:27:23,866 - INFO - Perfil ICC encontrado: C:\Program Files\gs\gs10.06.0\iccprofiles\srgb.icc
2025-11-13 22:27:23,866 - INFO - PDF/A disponível: Ghostscript e ICC encontrados
2025-11-13 22:27:23,986 - INFO - ✅ Dependências verificadas:
2025-11-13 22:27:23,986 - INFO -    - PyPDF2: True
2025-11-13 22:27:23,986 - INFO -    - pikepdf: True
2025-11-13 22:27:23,986 - INFO -    - Ghostscript: True
2025-11-13 22:27:23,986 - INFO -    - PDF/A: True
2025-11-13 22:27:23,986 - INFO -    - Drag & Drop: True
2025-11-13 22:27:23,986 - INFO - Status PDF_LIBS_AVAILABLE: True
2025-11-13 22:27:23,986 - INFO - Status GHOSTSCRIPT_PATH: C:\Program Files\gs\gs10.06.0\bin\gswin64c.EXE
2025-11-13 22:27:23,986 - INFO - Status PIKEPDF_AVAILABLE: True
2025-11-13 22:27:23,986 - INFO - Status DND_AVAILABLE: True
2025-11-13 22:27:23,986 - INFO - Status PDFA_AVAILABLE: True
2025-11-13 22:27:23,986 - INFO - ✅ JuntaPDF inicializado com sucesso!
2025-11-13 22:27:23,986 - INFO - 🚀 Iniciando interface gráfica...
2025-11-13 22:27:47,558 - INFO - Iniciando limpeza de arquivos temporários
2025-11-13 22:27:47,585 - INFO - 🧹 Finalizando JuntaPDF...
2025-11-13 22:27:47,585 - INFO - Iniciando limpeza de arquivos temporários
2025-11-13 22:27:47,585 - INFO - Iniciando limpeza de arquivos temporários
2025-11-13 22:27:49,797 - INFO - ============================================================
2025-11-13 22:27:49,797 - INFO - JuntaPDF Iniciado
2025-11-13 22:27:49,798 - INFO - Versão Python: 3.12.1 (tags/v3.12.1:2305ca5, Dec  7 2023, 22:03:25) [MSC v.1937 64 bit (AMD64)]
2025-11-13 22:27:49,798 - INFO - Diretório de Log: C:\Users\Pichau\AppData\Local\Temp\JuntaPDF_Logs
2025-11-13 22:27:49,798 - INFO - Política de retenção: 30 dias
2025-11-13 22:27:49,798 - INFO - Rotacionamento: 10MB
2025-11-13 22:27:49,801 - INFO - tkinterdnd2 disponível
2025-11-13 22:27:49,848 - INFO - PyPDF2 disponível
2025-11-13 22:27:49,848 - INFO - pikepdf C++ to Python logger bridge initialized
2025-11-13 22:27:49,896 - INFO - pikepdf disponível
2025-11-13 22:27:49,974 - INFO - Janela criada com suporte a Drag & Drop
2025-11-13 22:27:49,974 - INFO - Cleanup registrado no atexit
2025-11-13 22:27:49,974 - INFO - Procurando Ghostscript no sistema...
2025-11-13 22:27:49,975 - INFO - Ghostscript encontrado no PATH: C:\Program Files\gs\gs10.06.0\bin\gswin64c.EXE
2025-11-13 22:27:49,975 - INFO - Perfil ICC encontrado: C:\Program Files\gs\gs10.06.0\iccprofiles\srgb.icc
2025-11-13 22:27:49,975 - INFO - PDF/A disponível: Ghostscript e ICC encontrados
2025-11-13 22:27:50,018 - INFO - ✅ Dependências verificadas:
2025-11-13 22:27:50,018 - INFO -    - PyPDF2: True
2025-11-13 22:27:50,018 - INFO -    - pikepdf: True
2025-11-13 22:27:50,018 - INFO -    - Ghostscript: True
2025-11-13 22:27:50,018 - INFO -    - PDF/A: True
2025-11-13 22:27:50,018 - INFO -    - Drag & Drop: True
2025-11-13 22:27:50,018 - INFO - Status PDF_LIBS_AVAILABLE: True
2025-11-13 22:27:50,018 - INFO - Status GHOSTSCRIPT_PATH: C:\Program Files\gs\gs10.06.0\bin\gswin64c.EXE
2025-11-13 22:27:50,018 - INFO - Status PIKEPDF_AVAILABLE: True
2025-11-13 22:27:50,019 - INFO - Status DND_AVAILABLE: True
2025-11-13 22:27:50,019 - INFO - Status PDFA_AVAILABLE: True
2025-11-13 22:27:50,019 - INFO - ✅ JuntaPDF inicializado com sucesso!
2025-11-13 22:27:50,019 - INFO - 🚀 Iniciando interface gráfica...
2025-11-13 22:28:01,274 - INFO - Iniciando limpeza de arquivos temporários
2025-11-13 22:28:01,307 - INFO - 🧹 Finalizando JuntaPDF...
2025-11-13 22:28:01,307 - INFO - Iniciando limpeza de arquivos temporários
2025-11-13 22:28:01,309 - INFO - Iniciando limpeza de arquivos temporários
2025-11-13 22:30:37,475 - INFO - ============================================================
2025-11-13 22:30:37,475 - INFO - JuntaPDF Iniciado
2025-11-13 22:30:37,475 - INFO - Versão Python: 3.12.1 (tags/v3.12.1:2305ca5, Dec  7 2023, 22:03:25) [MSC v.1937 64 bit (AMD64)]
2025-11-13 22:30:37,475 - INFO - Diretório de Log: C:\Users\Pichau\AppData\Local\Temp\JuntaPDF_Logs
2025-11-13 22:30:37,475 - INFO - Política de retenção: 30 dias
2025-11-13 22:30:37,475 - INFO - Rotacionamento: 10MB
2025-11-13 22:30:37,475 - INFO - tkinterdnd2 disponível
2025-11-13 22:30:37,549 - INFO - PyPDF2 disponível
2025-11-13 22:30:37,553 - INFO - pikepdf C++ to Python logger bridge initialized
2025-11-13 22:30:37,601 - INFO - pikepdf disponível
2025-11-13 22:30:37,726 - INFO - Janela criada com suporte a Drag & Drop
2025-11-13 22:30:37,726 - INFO - Cleanup registrado no atexit
2025-11-13 22:30:37,726 - INFO - Procurando Ghostscript no sistema...
2025-11-13 22:30:37,726 - INFO - Ghostscript encontrado no PATH: C:\Program Files\gs\gs10.06.0\bin\gswin64c.EXE
2025-11-13 22:30:37,726 - INFO - Perfil ICC encontrado: C:\Program Files\gs\gs10.06.0\iccprofiles\srgb.icc
2025-11-13 22:30:37,726 - INFO - PDF/A disponível: Ghostscript e ICC encontrados
2025-11-13 22:30:37,772 - INFO - ✅ Dependências verificadas:
2025-11-13 22:30:37,772 - INFO -    - PyPDF2: True
2025-11-13 22:30:37,772 - INFO -    - pikepdf: True
2025-11-13 22:30:37,772 - INFO -    - Ghostscript: True
2025-11-13 22:30:37,772 - INFO -    - PDF/A: True
2025-11-13 22:30:37,772 - INFO -    - Drag & Drop: True
2025-11-13 22:30:37,772 - INFO - Status PDF_LIBS_AVAILABLE: True
2025-11-13 22:30:37,772 - INFO - Status GHOSTSCRIPT_PATH: C:\Program Files\gs\gs10.06.0\bin\gswin64c.EXE
2025-11-13 22:30:37,772 - INFO - Status PIKEPDF_AVAILABLE: True
2025-11-13 22:30:37,772 - INFO - Status DND_AVAILABLE: True
2025-11-13 22:30:37,772 - INFO - Status PDFA_AVAILABLE: True
2025-11-13 22:30:37,772 - INFO - ✅ JuntaPDF inicializado com sucesso!
2025-11-13 22:30:37,772 - INFO - 🚀 Iniciando interface gráfica...
2025-11-13 22:30:46,293 - INFO - Iniciando limpeza de arquivos temporários
2025-11-13 22:30:46,319 - INFO - 🧹 Finalizando JuntaPDF...
2025-11-13 22:30:46,319 - INFO - Iniciando limpeza de arquivos temporários
2025-11-13 22:30:46,319 - INFO - Iniciando limpeza de arquivos temporários
2025-11-13 22:31:04,851 - INFO - Iniciando limpeza de arquivos temporários
2025-11-13 22:31:04,883 - INFO - 🧹 Finalizando JuntaPDF...
2025-11-13 22:31:04,883 - INFO - Iniciando limpeza de arquivos temporários
2025-11-13 22:31:04,899 - INFO - Iniciando limpeza de arquivos temporários
2025-11-13 23:19:13,522 - INFO - ============================================================
2025-11-13 23:19:13,522 - INFO - JuntaPDF Iniciado
2025-11-13 23:19:13,522 - INFO - Versão Python: 3.12.10 (tags/v3.12.10:0cc8128, Apr  8 2025, 12:21:36) [MSC v.1943 64 bit (AMD64)]
2025-11-13 23:19:13,522 - INFO - Diretório de Log: C:\Users\Pichau\AppData\Local\Temp\JuntaPDF_Logs
2025-11-13 23:19:13,522 - INFO - Política de retenção: 30 dias
2025-11-13 23:19:13,522 - INFO - Rotacionamento: 10MB
2025-11-13 23:19:13,542 - INFO - tkinterdnd2 disponível
2025-11-13 23:19:13,590 - INFO - PyPDF2 disponível
2025-11-13 23:19:13,590 - INFO - pikepdf C++ to Python logger bridge initialized
2025-11-13 23:19:13,668 - INFO - pikepdf disponível
2025-11-13 23:19:13,750 - INFO - Janela criada com suporte a Drag & Drop
2025-11-13 23:19:13,750 - INFO - Cleanup registrado no atexit
2025-11-13 23:19:13,750 - INFO - Procurando Ghostscript no sistema...
2025-11-13 23:19:13,759 - INFO - Ghostscript encontrado no PATH: C:\Program Files\gs\gs10.06.0\bin\gswin64c.EXE
2025-11-13 23:19:13,759 - INFO - Perfil ICC encontrado: C:\Program Files\gs\gs10.06.0\iccprofiles\srgb.icc
2025-11-13 23:19:13,759 - INFO - PDF/A disponível: Ghostscript e ICC encontrados
2025-11-13 23:19:13,849 - INFO - ✅ Dependências verificadas:
2025-11-13 23:19:13,849 - INFO -    - PyPDF2: True
2025-11-13 23:19:13,849 - INFO -    - pikepdf: True
2025-11-13 23:19:13,849 - INFO -    - Ghostscript: True
2025-11-13 23:19:13,849 - INFO -    - PDF/A: True
2025-11-13 23:19:13,849 - INFO -    - Drag & Drop: True
2025-11-13 23:19:13,849 - INFO - Status PDF_LIBS_AVAILABLE: True
2025-11-13 23:19:13,849 - INFO - Status GHOSTSCRIPT_PATH: C:\Program Files\gs\gs10.06.0\bin\gswin64c.EXE
2025-11-13 23:19:13,849 - INFO - Status PIKEPDF_AVAILABLE: True
2025-11-13 23:19:13,849 - INFO - Status DND_AVAILABLE: True
2025-11-13 23:19:13,849 - INFO - Status PDFA_AVAILABLE: True
2025-11-13 23:19:13,849 - INFO - ✅ JuntaPDF inicializado com sucesso!
2025-11-13 23:19:13,849 - INFO - 🚀 Iniciando interface gráfica...
2025-11-13 23:19:34,735 - INFO - Arquivo adicionado: paginateste3.pdf
2025-11-13 23:19:34,736 - INFO - Arquivo adicionado: paginateste2.pdf
2025-11-13 23:19:34,736 - INFO - Arquivo adicionado: paginateste1.pdf
2025-11-13 23:19:34,751 - INFO - Arquivo adicionado: StartDynamicContent - 2025-11-10T114922.412.pdf
2025-11-13 23:19:34,756 - INFO - Arquivo adicionado: StartDynamicContent - 2025-11-10T114438.809.pdf
2025-11-13 23:19:34,771 - INFO - Arquivo adicionado: $11_default_titlePrintVersionOutput$.pdf
2025-11-13 23:19:41,956 - INFO - Iniciando união de 6 arquivos -> C:/Users/Pichau/Downloads\$11_default_titlePri..._unido_6arquivos_2025-11-13_2319.pdf
2025-11-13 23:19:43,462 - INFO - PDF unido criado e validado: C:/Users/Pichau/Downloads\$11_default_titlePri..._unido_6arquivos_2025-11-13_2319.pdf (8.5 MB) - PDF válido (18 páginas, 8.52 MB)
2025-11-13 23:19:45,242 - INFO - Pasta aberta: C:/Users/Pichau/Downloads
2025-11-13 23:37:21,217 - INFO - ============================================================
2025-11-13 23:37:21,217 - INFO - JuntaPDF Iniciado
2025-11-13 23:37:21,217 - INFO - Versão Python: 3.12.1 (tags/v3.12.1:2305ca5, Dec  7 2023, 22:03:25) [MSC v.1937 64 bit (AMD64)]
2025-11-13 23:37:21,217 - INFO - Diretório de Log: C:\Users\Pichau\AppData\Local\Temp\JuntaPDF_Logs
2025-11-13 23:37:21,217 - INFO - Política de retenção: 30 dias
2025-11-13 23:37:21,217 - INFO - Rotacionamento: 10MB
2025-11-13 23:37:21,217 - INFO - tkinterdnd2 disponível
2025-11-13 23:37:21,281 - INFO - PyPDF2 disponível
2025-11-13 23:37:21,281 - INFO - pikepdf C++ to Python logger bridge initialized
2025-11-13 23:37:21,328 - INFO - pikepdf disponível
2025-11-13 23:37:21,440 - INFO - Janela criada com suporte a Drag & Drop
2025-11-13 23:37:21,440 - INFO - Cleanup registrado no atexit
2025-11-13 23:37:21,440 - INFO - Procurando Ghostscript no sistema...
2025-11-13 23:37:21,455 - INFO - Ghostscript encontrado no PATH: C:\Program Files\gs\gs10.06.0\bin\gswin64c.EXE
2025-11-13 23:37:21,455 - INFO - Perfil ICC encontrado: C:\Program Files\gs\gs10.06.0\iccprofiles\srgb.icc
2025-11-13 23:37:21,455 - INFO - PDF/A disponível: Ghostscript e ICC encontrados
2025-11-13 23:37:21,487 - INFO - ✅ Dependências verificadas:
2025-11-13 23:37:21,487 - INFO -    - PyPDF2: True
2025-11-13 23:37:21,487 - INFO -    - pikepdf: True
2025-11-13 23:37:21,487 - INFO -    - Ghostscript: True
2025-11-13 23:37:21,487 - INFO -    - PDF/A: True
2025-11-13 23:37:21,487 - INFO -    - Drag & Drop: True
2025-11-13 23:37:21,487 - INFO - Status PDF_LIBS_AVAILABLE: True
2025-11-13 23:37:21,487 - INFO - Status GHOSTSCRIPT_PATH: C:\Program Files\gs\gs10.06.0\bin\gswin64c.EXE
2025-11-13 23:37:21,487 - INFO - Status PIKEPDF_AVAILABLE: True
2025-11-13 23:37:21,487 - INFO - Status DND_AVAILABLE: True
2025-11-13 23:37:21,487 - INFO - Status PDFA_AVAILABLE: True
2025-11-13 23:37:21,487 - INFO - ✅ JuntaPDF inicializado com sucesso!
2025-11-13 23:37:21,487 - INFO - 🚀 Iniciando interface gráfica...
2025-11-13 23:37:29,372 - INFO - Iniciando limpeza de arquivos temporários
2025-11-13 23:37:29,384 - INFO - 🧹 Finalizando JuntaPDF...
2025-11-13 23:37:29,384 - INFO - Iniciando limpeza de arquivos temporários
2025-11-13 23:37:29,400 - INFO - Iniciando limpeza de arquivos temporários
2025-11-13 23:44:26,593 - INFO - ============================================================
2025-11-13 23:44:26,593 - INFO - JuntaPDF Iniciado
2025-11-13 23:44:26,593 - INFO - Versão Python: 3.12.1 (tags/v3.12.1:2305ca5, Dec  7 2023, 22:03:25) [MSC v.1937 64 bit (AMD64)]
2025-11-13 23:44:26,593 - INFO - Diretório de Log: C:\Users\Pichau\AppData\Local\Temp\JuntaPDF_Logs
2025-11-13 23:44:26,593 - INFO - Política de retenção: 30 dias
2025-11-13 23:44:26,593 - INFO - Rotacionamento: 10MB
2025-11-13 23:44:26,593 - INFO - tkinterdnd2 disponível
2025-11-13 23:44:26,656 - INFO - PyPDF2 disponível
2025-11-13 23:44:26,656 - INFO - pikepdf C++ to Python logger bridge initialized
2025-11-13 23:44:26,711 - INFO - pikepdf disponível
2025-11-13 23:44:26,846 - INFO - Janela criada com suporte a Drag & Drop
2025-11-13 23:44:26,846 - INFO - Cleanup registrado no atexit
2025-11-13 23:44:26,846 - INFO - Procurando Ghostscript no sistema...
2025-11-13 23:44:26,846 - INFO - Ghostscript encontrado no PATH: C:\Program Files\gs\gs10.06.0\bin\gswin64c.EXE
2025-11-13 23:44:26,846 - INFO - Perfil ICC encontrado: C:\Program Files\gs\gs10.06.0\iccprofiles\srgb.icc
2025-11-13 23:44:26,846 - INFO - PDF/A disponível: Ghostscript e ICC encontrados
2025-11-13 23:44:26,941 - INFO - ✅ Dependências verificadas:
2025-11-13 23:44:26,941 - INFO -    - PyPDF2: True
2025-11-13 23:44:26,941 - INFO -    - pikepdf: True
2025-11-13 23:44:26,941 - INFO -    - Ghostscript: True
2025-11-13 23:44:26,941 - INFO -    - PDF/A: True
2025-11-13 23:44:26,941 - INFO -    - Drag & Drop: True
2025-11-13 23:44:26,941 - INFO - Status PDF_LIBS_AVAILABLE: True
2025-11-13 23:44:26,941 - INFO - Status GHOSTSCRIPT_PATH: C:\Program Files\gs\gs10.06.0\bin\gswin64c.EXE
2025-11-13 23:44:26,941 - INFO - Status PIKEPDF_AVAILABLE: True
2025-11-13 23:44:26,941 - INFO - Status DND_AVAILABLE: True
2025-11-13 23:44:26,941 - INFO - Status PDFA_AVAILABLE: True
2025-11-13 23:44:26,941 - INFO - ✅ JuntaPDF inicializado com sucesso!
2025-11-13 23:44:26,941 - INFO - 🚀 Iniciando interface gráfica...
2025-11-13 23:44:28,133 - INFO - Iniciando limpeza de arquivos temporários
2025-11-13 23:44:28,180 - INFO - 🧹 Finalizando JuntaPDF...
2025-11-13 23:44:28,180 - INFO - Iniciando limpeza de arquivos temporários
2025-11-13 23:44:28,181 - INFO - Iniciando limpeza de arquivos temporários
2025-11-13 23:44:34,676 - INFO - ============================================================
2025-11-13 23:44:34,676 - INFO - JuntaPDF Iniciado
2025-11-13 23:44:34,676 - INFO - Versão Python: 3.12.1 (tags/v3.12.1:2305ca5, Dec  7 2023, 22:03:25) [MSC v.1937 64 bit (AMD64)]
2025-11-13 23:44:34,676 - INFO - Diretório de Log: C:\Users\Pichau\AppData\Local\Temp\JuntaPDF_Logs
2025-11-13 23:44:34,676 - INFO - Política de retenção: 30 dias
2025-11-13 23:44:34,676 - INFO - Rotacionamento: 10MB
2025-11-13 23:44:34,691 - INFO - tkinterdnd2 disponível
2025-11-13 23:44:34,748 - INFO - PyPDF2 disponível
2025-11-13 23:44:34,752 - INFO - pikepdf C++ to Python logger bridge initialized
2025-11-13 23:44:34,785 - INFO - pikepdf disponível
2025-11-13 23:44:34,868 - INFO - Janela criada com suporte a Drag & Drop
2025-11-13 23:44:34,868 - INFO - Cleanup registrado no atexit
2025-11-13 23:44:34,868 - INFO - Procurando Ghostscript no sistema...
2025-11-13 23:44:34,881 - INFO - Ghostscript encontrado no PATH: C:\Program Files\gs\gs10.06.0\bin\gswin64c.EXE
2025-11-13 23:44:34,881 - INFO - Perfil ICC encontrado: C:\Program Files\gs\gs10.06.0\iccprofiles\srgb.icc
2025-11-13 23:44:34,881 - INFO - PDF/A disponível: Ghostscript e ICC encontrados
2025-11-13 23:44:34,912 - INFO - ✅ Dependências verificadas:
2025-11-13 23:44:34,912 - INFO -    - PyPDF2: True
2025-11-13 23:44:34,912 - INFO -    - pikepdf: True
2025-11-13 23:44:34,912 - INFO -    - Ghostscript: True
2025-11-13 23:44:34,912 - INFO -    - PDF/A: True
2025-11-13 23:44:34,912 - INFO -    - Drag & Drop: True
2025-11-13 23:44:34,912 - INFO - Status PDF_LIBS_AVAILABLE: True
2025-11-13 23:44:34,912 - INFO - Status GHOSTSCRIPT_PATH: C:\Program Files\gs\gs10.06.0\bin\gswin64c.EXE
2025-11-13 23:44:34,912 - INFO - Status PIKEPDF_AVAILABLE: True
2025-11-13 23:44:34,912 - INFO - Status DND_AVAILABLE: True
2025-11-13 23:44:34,912 - INFO - Status PDFA_AVAILABLE: True
2025-11-13 23:44:34,912 - INFO - ✅ JuntaPDF inicializado com sucesso!
2025-11-13 23:44:34,912 - INFO - 🚀 Iniciando interface gráfica...
2025-11-13 23:44:55,598 - INFO - Iniciando limpeza de arquivos temporários
2025-11-13 23:45:25,291 - INFO - Iniciando limpeza de arquivos temporários
2025-11-13 23:45:25,336 - INFO - 🧹 Finalizando JuntaPDF...
2025-11-13 23:45:25,336 - INFO - Iniciando limpeza de arquivos temporários
2025-11-13 23:45:25,336 - INFO - Iniciando limpeza de arquivos temporários
2025-11-14 00:12:15,473 - INFO - ============================================================
2025-11-14 00:12:15,473 - INFO - JuntaPDF Iniciado
2025-11-14 00:12:15,473 - INFO - Versão Python: 3.12.1 (tags/v3.12.1:2305ca5, Dec  7 2023, 22:03:25) [MSC v.1937 64 bit (AMD64)]
2025-11-14 00:12:15,473 - INFO - Diretório de Log: C:\Users\Pichau\AppData\Local\Temp\JuntaPDF_Logs
2025-11-14 00:12:15,473 - INFO - Política de retenção: 30 dias
2025-11-14 00:12:15,473 - INFO - Rotacionamento: 10MB
2025-11-14 00:12:15,473 - INFO - tkinterdnd2 disponível
2025-11-14 00:12:15,540 - INFO - PyPDF2 disponível
2025-11-14 00:12:15,540 - INFO - pikepdf C++ to Python logger bridge initialized
2025-11-14 00:12:15,584 - INFO - pikepdf disponível
2025-11-14 00:12:15,711 - INFO - Janela criada com suporte a Drag & Drop
2025-11-14 00:12:15,711 - INFO - Cleanup registrado no atexit
2025-11-14 00:12:15,711 - INFO - Procurando Ghostscript no sistema...
2025-11-14 00:12:15,726 - INFO - Ghostscript encontrado no PATH: C:\Program Files\gs\gs10.06.0\bin\gswin64c.EXE
2025-11-14 00:12:15,726 - INFO - Perfil ICC encontrado: C:\Program Files\gs\gs10.06.0\iccprofiles\srgb.icc
2025-11-14 00:12:15,726 - INFO - PDF/A disponível: Ghostscript e ICC encontrados
2025-11-14 00:12:15,837 - INFO - ✅ Dependências verificadas:
2025-11-14 00:12:15,837 - INFO -    - PyPDF2: True
2025-11-14 00:12:15,837 - INFO -    - pikepdf: True
2025-11-14 00:12:15,845 - INFO -    - Ghostscript: True
2025-11-14 00:12:15,845 - INFO -    - PDF/A: True
2025-11-14 00:12:15,845 - INFO -    - Drag & Drop: True
2025-11-14 00:12:15,845 - INFO - Status PDF_LIBS_AVAILABLE: True
2025-11-14 00:12:15,845 - INFO - Status GHOSTSCRIPT_PATH: C:\Program Files\gs\gs10.06.0\bin\gswin64c.EXE
2025-11-14 00:12:15,845 - INFO - Status PIKEPDF_AVAILABLE: True
2025-11-14 00:12:15,845 - INFO - Status DND_AVAILABLE: True
2025-11-14 00:12:15,845 - INFO - Status PDFA_AVAILABLE: True
2025-11-14 00:12:15,845 - INFO - ✅ JuntaPDF inicializado com sucesso!
2025-11-14 00:12:15,845 - INFO - 🚀 Iniciando interface gráfica...
2025-11-14 00:14:45,975 - INFO - ============================================================
2025-11-14 00:14:45,975 - INFO - JuntaPDF Iniciado
2025-11-14 00:14:45,975 - INFO - Versão Python: 3.12.1 (tags/v3.12.1:2305ca5, Dec  7 2023, 22:03:25) [MSC v.1937 64 bit (AMD64)]
2025-11-14 00:14:45,975 - INFO - Diretório de Log: C:\Users\Pichau\AppData\Local\Temp\JuntaPDF_Logs
2025-11-14 00:14:45,975 - INFO - Política de retenção: 30 dias
2025-11-14 00:14:45,975 - INFO - Rotacionamento: 10MB
2025-11-14 00:14:45,975 - INFO - tkinterdnd2 disponível
2025-11-14 00:14:46,022 - INFO - PyPDF2 disponível
2025-11-14 00:14:46,022 - INFO - pikepdf C++ to Python logger bridge initialized
2025-11-14 00:14:46,070 - INFO - pikepdf disponível
2025-11-14 00:14:46,190 - INFO - Janela criada com suporte a Drag & Drop
2025-11-14 00:14:46,190 - INFO - Cleanup registrado no atexit
2025-11-14 00:14:46,190 - INFO - Procurando Ghostscript no sistema...
2025-11-14 00:14:46,190 - INFO - Ghostscript encontrado no PATH: C:\Program Files\gs\gs10.06.0\bin\gswin64c.EXE
2025-11-14 00:14:46,190 - INFO - Perfil ICC encontrado: C:\Program Files\gs\gs10.06.0\iccprofiles\srgb.icc
2025-11-14 00:14:46,190 - INFO - PDF/A disponível: Ghostscript e ICC encontrados
2025-11-14 00:14:46,313 - INFO - ✅ Dependências verificadas:
2025-11-14 00:14:46,313 - INFO -    - PyPDF2: True
2025-11-14 00:14:46,313 - INFO -    - pikepdf: True
2025-11-14 00:14:46,323 - INFO -    - Ghostscript: True
2025-11-14 00:14:46,323 - INFO -    - PDF/A: True
2025-11-14 00:14:46,323 - INFO -    - Drag & Drop: True
2025-11-14 00:14:46,323 - INFO - Status PDF_LIBS_AVAILABLE: True
2025-11-14 00:14:46,323 - INFO - Status GHOSTSCRIPT_PATH: C:\Program Files\gs\gs10.06.0\bin\gswin64c.EXE
2025-11-14 00:14:46,323 - INFO - Status PIKEPDF_AVAILABLE: True
2025-11-14 00:14:46,323 - INFO - Status DND_AVAILABLE: True
2025-11-14 00:14:46,323 - INFO - Status PDFA_AVAILABLE: True
2025-11-14 00:14:46,323 - INFO - ✅ JuntaPDF inicializado com sucesso!
2025-11-14 00:14:46,323 - INFO - 🚀 Iniciando interface gráfica...
2025-11-14 00:14:50,299 - INFO - Iniciando limpeza de arquivos temporários
2025-11-14 00:14:50,327 - INFO - 🧹 Finalizando JuntaPDF...
2025-11-14 00:14:50,330 - INFO - Iniciando limpeza de arquivos temporários
2025-11-14 00:14:50,330 - INFO - Iniciando limpeza de arquivos temporários
2025-11-14 00:15:17,257 - INFO - ============================================================
2025-11-14 00:15:17,257 - INFO - JuntaPDF Iniciado
2025-11-14 00:15:17,257 - INFO - Versão Python: 3.12.1 (tags/v3.12.1:2305ca5, Dec  7 2023, 22:03:25) [MSC v.1937 64 bit (AMD64)]
2025-11-14 00:15:17,257 - INFO - Diretório de Log: C:\Users\Pichau\AppData\Local\Temp\JuntaPDF_Logs
2025-11-14 00:15:17,257 - INFO - Política de retenção: 30 dias
2025-11-14 00:15:17,257 - INFO - Rotacionamento: 10MB
2025-11-14 00:15:17,257 - INFO - tkinterdnd2 disponível
2025-11-14 00:15:17,294 - INFO - PyPDF2 disponível
2025-11-14 00:15:17,311 - INFO - pikepdf C++ to Python logger bridge initialized
2025-11-14 00:15:17,343 - INFO - pikepdf disponível
2025-11-14 00:15:17,422 - INFO - Janela criada com suporte a Drag & Drop
2025-11-14 00:15:17,422 - INFO - Cleanup registrado no atexit
2025-11-14 00:15:17,422 - INFO - Procurando Ghostscript no sistema...
2025-11-14 00:15:17,422 - INFO - Ghostscript encontrado no PATH: C:\Program Files\gs\gs10.06.0\bin\gswin64c.EXE
2025-11-14 00:15:17,422 - INFO - Perfil ICC encontrado: C:\Program Files\gs\gs10.06.0\iccprofiles\srgb.icc
2025-11-14 00:15:17,422 - INFO - PDF/A disponível: Ghostscript e ICC encontrados
2025-11-14 00:15:17,469 - INFO - ✅ Dependências verificadas:
2025-11-14 00:15:17,469 - INFO -    - PyPDF2: True
2025-11-14 00:15:17,469 - INFO -    - pikepdf: True
2025-11-14 00:15:17,469 - INFO -    - Ghostscript: True
2025-11-14 00:15:17,469 - INFO -    - PDF/A: True
2025-11-14 00:15:17,469 - INFO -    - Drag & Drop: True
2025-11-14 00:15:17,469 - INFO - Status PDF_LIBS_AVAILABLE: True
2025-11-14 00:15:17,469 - INFO - Status GHOSTSCRIPT_PATH: C:\Program Files\gs\gs10.06.0\bin\gswin64c.EXE
2025-11-14 00:15:17,469 - INFO - Status PIKEPDF_AVAILABLE: True
2025-11-14 00:15:17,469 - INFO - Status DND_AVAILABLE: True
2025-11-14 00:15:17,469 - INFO - Status PDFA_AVAILABLE: True
2025-11-14 00:15:17,469 - INFO - ✅ JuntaPDF inicializado com sucesso!
2025-11-14 00:15:17,469 - INFO - 🚀 Iniciando interface gráfica...
2025-11-14 00:15:40,199 - INFO - Iniciando limpeza de arquivos temporários
2025-11-14 00:15:40,225 - INFO - 🧹 Finalizando JuntaPDF...
2025-11-14 00:15:40,225 - INFO - Iniciando limpeza de arquivos temporários
2025-11-14 00:15:40,233 - INFO - Iniciando limpeza de arquivos temporários
2025-11-14 00:17:59,926 - INFO - ============================================================
2025-11-14 00:17:59,926 - INFO - JuntaPDF Iniciado
2025-11-14 00:17:59,926 - INFO - Versão Python: 3.12.1 (tags/v3.12.1:2305ca5, Dec  7 2023, 22:03:25) [MSC v.1937 64 bit (AMD64)]
2025-11-14 00:17:59,926 - INFO - Diretório de Log: C:\Users\Pichau\AppData\Local\Temp\JuntaPDF_Logs
2025-11-14 00:17:59,926 - INFO - Política de retenção: 30 dias
2025-11-14 00:17:59,926 - INFO - Rotacionamento: 10MB
2025-11-14 00:17:59,930 - INFO - tkinterdnd2 disponível
2025-11-14 00:17:59,977 - INFO - PyPDF2 disponível
2025-11-14 00:17:59,977 - INFO - pikepdf C++ to Python logger bridge initialized
2025-11-14 00:18:00,025 - INFO - pikepdf disponível
2025-11-14 00:18:00,143 - INFO - Janela criada com suporte a Drag & Drop
2025-11-14 00:18:00,143 - INFO - Cleanup registrado no atexit
2025-11-14 00:18:00,143 - INFO - Procurando Ghostscript no sistema...
2025-11-14 00:18:00,143 - INFO - Ghostscript encontrado no PATH: C:\Program Files\gs\gs10.06.0\bin\gswin64c.EXE
2025-11-14 00:18:00,143 - INFO - Perfil ICC encontrado: C:\Program Files\gs\gs10.06.0\iccprofiles\srgb.icc
2025-11-14 00:18:00,143 - INFO - PDF/A disponível: Ghostscript e ICC encontrados
2025-11-14 00:18:00,278 - INFO - ✅ Dependências verificadas:
2025-11-14 00:18:00,278 - INFO -    - PyPDF2: True
2025-11-14 00:18:00,278 - INFO -    - pikepdf: True
2025-11-14 00:18:00,278 - INFO -    - Ghostscript: True
2025-11-14 00:18:00,278 - INFO -    - PDF/A: True
2025-11-14 00:18:00,278 - INFO -    - Drag & Drop: True
2025-11-14 00:18:00,278 - INFO - Status PDF_LIBS_AVAILABLE: True
2025-11-14 00:18:00,278 - INFO - Status GHOSTSCRIPT_PATH: C:\Program Files\gs\gs10.06.0\bin\gswin64c.EXE
2025-11-14 00:18:00,278 - INFO - Status PIKEPDF_AVAILABLE: True
2025-11-14 00:18:00,278 - INFO - Status DND_AVAILABLE: True
2025-11-14 00:18:00,278 - INFO - Status PDFA_AVAILABLE: True
2025-11-14 00:18:00,278 - INFO - ✅ JuntaPDF inicializado com sucesso!
2025-11-14 00:18:00,278 - INFO - 🚀 Iniciando interface gráfica...
2025-11-14 00:18:42,512 - INFO - Iniciando limpeza de arquivos temporários
2025-11-14 00:18:42,544 - INFO - 🧹 Finalizando JuntaPDF...
2025-11-14 00:18:42,544 - INFO - Iniciando limpeza de arquivos temporários
2025-11-14 00:18:42,544 - INFO - Iniciando limpeza de arquivos temporários
2025-11-14 00:18:55,085 - INFO - ============================================================
2025-11-14 00:18:55,085 - INFO - JuntaPDF Iniciado
2025-11-14 00:18:55,085 - INFO - Versão Python: 3.12.1 (tags/v3.12.1:2305ca5, Dec  7 2023, 22:03:25) [MSC v.1937 64 bit (AMD64)]
2025-11-14 00:18:55,085 - INFO - Diretório de Log: C:\Users\Pichau\AppData\Local\Temp\JuntaPDF_Logs
2025-11-14 00:18:55,085 - INFO - Política de retenção: 30 dias
2025-11-14 00:18:55,085 - INFO - Rotacionamento: 10MB
2025-11-14 00:18:55,085 - INFO - tkinterdnd2 disponível
2025-11-14 00:18:55,128 - INFO - PyPDF2 disponível
2025-11-14 00:18:55,143 - INFO - pikepdf C++ to Python logger bridge initialized
2025-11-14 00:18:55,175 - INFO - pikepdf disponível
2025-11-14 00:18:55,255 - INFO - Janela criada com suporte a Drag & Drop
2025-11-14 00:18:55,255 - INFO - Cleanup registrado no atexit
2025-11-14 00:18:55,255 - INFO - Procurando Ghostscript no sistema...
2025-11-14 00:18:55,255 - INFO - Ghostscript encontrado no PATH: C:\Program Files\gs\gs10.06.0\bin\gswin64c.EXE
2025-11-14 00:18:55,255 - INFO - Perfil ICC encontrado: C:\Program Files\gs\gs10.06.0\iccprofiles\srgb.icc
2025-11-14 00:18:55,255 - INFO - PDF/A disponível: Ghostscript e ICC encontrados
2025-11-14 00:18:55,302 - INFO - ✅ Dependências verificadas:
2025-11-14 00:18:55,302 - INFO -    - PyPDF2: True
2025-11-14 00:18:55,302 - INFO -    - pikepdf: True
2025-11-14 00:18:55,302 - INFO -    - Ghostscript: True
2025-11-14 00:18:55,302 - INFO -    - PDF/A: True
2025-11-14 00:18:55,302 - INFO -    - Drag & Drop: True
2025-11-14 00:18:55,302 - INFO - Status PDF_LIBS_AVAILABLE: True
2025-11-14 00:18:55,302 - INFO - Status GHOSTSCRIPT_PATH: C:\Program Files\gs\gs10.06.0\bin\gswin64c.EXE
2025-11-14 00:18:55,302 - INFO - Status PIKEPDF_AVAILABLE: True
2025-11-14 00:18:55,302 - INFO - Status DND_AVAILABLE: True
2025-11-14 00:18:55,302 - INFO - Status PDFA_AVAILABLE: True
2025-11-14 00:18:55,302 - INFO - ✅ JuntaPDF inicializado com sucesso!
2025-11-14 00:18:55,302 - INFO - 🚀 Iniciando interface gráfica...
2025-11-14 00:18:59,054 - INFO - Iniciando limpeza de arquivos temporários
2025-11-14 00:18:59,075 - INFO - 🧹 Finalizando JuntaPDF...
2025-11-14 00:18:59,075 - INFO - Iniciando limpeza de arquivos temporários
2025-11-14 00:18:59,091 - INFO - Iniciando limpeza de arquivos temporários
2025-11-14 00:19:12,257 - INFO - ============================================================
2025-11-14 00:19:12,257 - INFO - JuntaPDF Iniciado
2025-11-14 00:19:12,257 - INFO - Versão Python: 3.12.1 (tags/v3.12.1:2305ca5, Dec  7 2023, 22:03:25) [MSC v.1937 64 bit (AMD64)]
2025-11-14 00:19:12,257 - INFO - Diretório de Log: C:\Users\Pichau\AppData\Local\Temp\JuntaPDF_Logs
2025-11-14 00:19:12,257 - INFO - Política de retenção: 30 dias
2025-11-14 00:19:12,257 - INFO - Rotacionamento: 10MB
2025-11-14 00:19:12,257 - INFO - tkinterdnd2 disponível
2025-11-14 00:19:12,305 - INFO - PyPDF2 disponível
2025-11-14 00:19:12,305 - INFO - pikepdf C++ to Python logger bridge initialized
2025-11-14 00:19:12,352 - INFO - pikepdf disponível
2025-11-14 00:19:12,431 - INFO - Janela criada com suporte a Drag & Drop
2025-11-14 00:19:12,431 - INFO - Cleanup registrado no atexit
2025-11-14 00:19:12,431 - INFO - Procurando Ghostscript no sistema...
2025-11-14 00:19:12,431 - INFO - Ghostscript encontrado no PATH: C:\Program Files\gs\gs10.06.0\bin\gswin64c.EXE
2025-11-14 00:19:12,431 - INFO - Perfil ICC encontrado: C:\Program Files\gs\gs10.06.0\iccprofiles\srgb.icc
2025-11-14 00:19:12,431 - INFO - PDF/A disponível: Ghostscript e ICC encontrados
2025-11-14 00:19:12,463 - INFO - ✅ Dependências verificadas:
2025-11-14 00:19:12,463 - INFO -    - PyPDF2: True
2025-11-14 00:19:12,463 - INFO -    - pikepdf: True
2025-11-14 00:19:12,463 - INFO -    - Ghostscript: True
2025-11-14 00:19:12,463 - INFO -    - PDF/A: True
2025-11-14 00:19:12,463 - INFO -    - Drag & Drop: True
2025-11-14 00:19:12,463 - INFO - Status PDF_LIBS_AVAILABLE: True
2025-11-14 00:19:12,463 - INFO - Status GHOSTSCRIPT_PATH: C:\Program Files\gs\gs10.06.0\bin\gswin64c.EXE
2025-11-14 00:19:12,463 - INFO - Status PIKEPDF_AVAILABLE: True
2025-11-14 00:19:12,463 - INFO - Status DND_AVAILABLE: True
2025-11-14 00:19:12,463 - INFO - Status PDFA_AVAILABLE: True
2025-11-14 00:19:12,463 - INFO - ✅ JuntaPDF inicializado com sucesso!
2025-11-14 00:19:12,479 - INFO - 🚀 Iniciando interface gráfica...
2025-11-14 00:19:14,875 - INFO - Iniciando limpeza de arquivos temporários
2025-11-14 00:19:14,915 - INFO - 🧹 Finalizando JuntaPDF...
2025-11-14 00:19:14,915 - INFO - Iniciando limpeza de arquivos temporários
2025-11-14 00:19:14,915 - INFO - Iniciando limpeza de arquivos temporários
2025-11-14 00:19:28,967 - INFO - ============================================================
2025-11-14 00:19:28,967 - INFO - JuntaPDF Iniciado
2025-11-14 00:19:28,967 - INFO - Versão Python: 3.12.1 (tags/v3.12.1:2305ca5, Dec  7 2023, 22:03:25) [MSC v.1937 64 bit (AMD64)]
2025-11-14 00:19:28,967 - INFO - Diretório de Log: C:\Users\Pichau\AppData\Local\Temp\JuntaPDF_Logs
2025-11-14 00:19:28,967 - INFO - Política de retenção: 30 dias
2025-11-14 00:19:28,967 - INFO - Rotacionamento: 10MB
2025-11-14 00:19:28,975 - INFO - tkinterdnd2 disponível
2025-11-14 00:19:29,023 - INFO - PyPDF2 disponível
2025-11-14 00:19:29,023 - INFO - pikepdf C++ to Python logger bridge initialized
2025-11-14 00:19:29,057 - INFO - pikepdf disponível
2025-11-14 00:19:29,151 - INFO - Janela criada com suporte a Drag & Drop
2025-11-14 00:19:29,151 - INFO - Cleanup registrado no atexit
2025-11-14 00:19:29,151 - INFO - Procurando Ghostscript no sistema...
2025-11-14 00:19:29,151 - INFO - Ghostscript encontrado no PATH: C:\Program Files\gs\gs10.06.0\bin\gswin64c.EXE
2025-11-14 00:19:29,151 - INFO - Perfil ICC encontrado: C:\Program Files\gs\gs10.06.0\iccprofiles\srgb.icc
2025-11-14 00:19:29,151 - INFO - PDF/A disponível: Ghostscript e ICC encontrados
2025-11-14 00:19:29,180 - INFO - ✅ Dependências verificadas:
2025-11-14 00:19:29,180 - INFO -    - PyPDF2: True
2025-11-14 00:19:29,180 - INFO -    - pikepdf: True
2025-11-14 00:19:29,180 - INFO -    - Ghostscript: True
2025-11-14 00:19:29,180 - INFO -    - PDF/A: True
2025-11-14 00:19:29,180 - INFO -    - Drag & Drop: True
2025-11-14 00:19:29,180 - INFO - Status PDF_LIBS_AVAILABLE: True
2025-11-14 00:19:29,180 - INFO - Status GHOSTSCRIPT_PATH: C:\Program Files\gs\gs10.06.0\bin\gswin64c.EXE
2025-11-14 00:19:29,180 - INFO - Status PIKEPDF_AVAILABLE: True
2025-11-14 00:19:29,180 - INFO - Status DND_AVAILABLE: True
2025-11-14 00:19:29,180 - INFO - Status PDFA_AVAILABLE: True
2025-11-14 00:19:29,180 - INFO - ✅ JuntaPDF inicializado com sucesso!
2025-11-14 00:19:29,180 - INFO - 🚀 Iniciando interface gráfica...
2025-11-14 00:21:55,663 - INFO - ============================================================
2025-11-14 00:21:55,663 - INFO - JuntaPDF Iniciado
2025-11-14 00:21:55,663 - INFO - Versão Python: 3.12.1 (tags/v3.12.1:2305ca5, Dec  7 2023, 22:03:25) [MSC v.1937 64 bit (AMD64)]
2025-11-14 00:21:55,663 - INFO - Diretório de Log: C:\Users\Pichau\AppData\Local\Temp\JuntaPDF_Logs
2025-11-14 00:21:55,663 - INFO - Política de retenção: 30 dias
2025-11-14 00:21:55,663 - INFO - Rotacionamento: 10MB
2025-11-14 00:21:55,663 - INFO - tkinterdnd2 disponível
2025-11-14 00:21:55,710 - INFO - PyPDF2 disponível
2025-11-14 00:21:55,710 - INFO - pikepdf C++ to Python logger bridge initialized
2025-11-14 00:21:55,757 - INFO - pikepdf disponível
2025-11-14 00:21:55,884 - INFO - Janela criada com suporte a Drag & Drop
2025-11-14 00:21:55,884 - INFO - Cleanup registrado no atexit
2025-11-14 00:21:55,884 - INFO - Procurando Ghostscript no sistema...
2025-11-14 00:21:55,884 - INFO - Ghostscript encontrado no PATH: C:\Program Files\gs\gs10.06.0\bin\gswin64c.EXE
2025-11-14 00:21:55,884 - INFO - Perfil ICC encontrado: C:\Program Files\gs\gs10.06.0\iccprofiles\srgb.icc
2025-11-14 00:21:55,884 - INFO - PDF/A disponível: Ghostscript e ICC encontrados
2025-11-14 00:21:55,922 - INFO - ✅ Dependências verificadas:
2025-11-14 00:21:55,922 - INFO -    - PyPDF2: True
2025-11-14 00:21:55,922 - INFO -    - pikepdf: True
2025-11-14 00:21:55,922 - INFO -    - Ghostscript: True
2025-11-14 00:21:55,922 - INFO -    - PDF/A: True
2025-11-14 00:21:55,922 - INFO -    - Drag & Drop: True
2025-11-14 00:21:55,922 - INFO - Status PDF_LIBS_AVAILABLE: True
2025-11-14 00:21:55,922 - INFO - Status GHOSTSCRIPT_PATH: C:\Program Files\gs\gs10.06.0\bin\gswin64c.EXE
2025-11-14 00:21:55,922 - INFO - Status PIKEPDF_AVAILABLE: True
2025-11-14 00:21:55,922 - INFO - Status DND_AVAILABLE: True
2025-11-14 00:21:55,922 - INFO - Status PDFA_AVAILABLE: True
2025-11-14 00:21:55,922 - INFO - ✅ JuntaPDF inicializado com sucesso!
2025-11-14 00:21:55,922 - INFO - 🚀 Iniciando interface gráfica...
2025-11-14 00:22:36,514 - INFO - Iniciando limpeza de arquivos temporários
2025-11-14 00:22:36,549 - INFO - 🧹 Finalizando JuntaPDF...
2025-11-14 00:22:36,549 - INFO - Iniciando limpeza de arquivos temporários
2025-11-14 00:22:36,554 - INFO - Iniciando limpeza de arquivos temporários
2025-11-14 00:22:39,341 - INFO - ============================================================
2025-11-14 00:22:39,341 - INFO - JuntaPDF Iniciado
2025-11-14 00:22:39,341 - INFO - Versão Python: 3.12.1 (tags/v3.12.1:2305ca5, Dec  7 2023, 22:03:25) [MSC v.1937 64 bit (AMD64)]
2025-11-14 00:22:39,341 - INFO - Diretório de Log: C:\Users\Pichau\AppData\Local\Temp\JuntaPDF_Logs
2025-11-14 00:22:39,341 - INFO - Política de retenção: 30 dias
2025-11-14 00:22:39,341 - INFO - Rotacionamento: 10MB
2025-11-14 00:22:39,341 - INFO - tkinterdnd2 disponível
2025-11-14 00:22:39,389 - INFO - PyPDF2 disponível
2025-11-14 00:22:39,389 - INFO - pikepdf C++ to Python logger bridge initialized
2025-11-14 00:22:39,436 - INFO - pikepdf disponível
2025-11-14 00:22:39,519 - INFO - Janela criada com suporte a Drag & Drop
2025-11-14 00:22:39,519 - INFO - Cleanup registrado no atexit
2025-11-14 00:22:39,519 - INFO - Procurando Ghostscript no sistema...
2025-11-14 00:22:39,519 - INFO - Ghostscript encontrado no PATH: C:\Program Files\gs\gs10.06.0\bin\gswin64c.EXE
2025-11-14 00:22:39,519 - INFO - Perfil ICC encontrado: C:\Program Files\gs\gs10.06.0\iccprofiles\srgb.icc
2025-11-14 00:22:39,519 - INFO - PDF/A disponível: Ghostscript e ICC encontrados
2025-11-14 00:22:39,562 - INFO - ✅ Dependências verificadas:
2025-11-14 00:22:39,562 - INFO -    - PyPDF2: True
2025-11-14 00:22:39,562 - INFO -    - pikepdf: True
2025-11-14 00:22:39,562 - INFO -    - Ghostscript: True
2025-11-14 00:22:39,562 - INFO -    - PDF/A: True
2025-11-14 00:22:39,562 - INFO -    - Drag & Drop: True
2025-11-14 00:22:39,562 - INFO - Status PDF_LIBS_AVAILABLE: True
2025-11-14 00:22:39,562 - INFO - Status GHOSTSCRIPT_PATH: C:\Program Files\gs\gs10.06.0\bin\gswin64c.EXE
2025-11-14 00:22:39,562 - INFO - Status PIKEPDF_AVAILABLE: True
2025-11-14 00:22:39,562 - INFO - Status DND_AVAILABLE: True
2025-11-14 00:22:39,562 - INFO - Status PDFA_AVAILABLE: True
2025-11-14 00:22:39,562 - INFO - ✅ JuntaPDF inicializado com sucesso!
2025-11-14 00:22:39,562 - INFO - 🚀 Iniciando interface gráfica...
2025-11-14 00:23:05,966 - INFO - Iniciando limpeza de arquivos temporários
2025-11-14 00:23:05,982 - INFO - 🧹 Finalizando JuntaPDF...
2025-11-14 00:23:05,982 - INFO - Iniciando limpeza de arquivos temporários
2025-11-14 00:23:05,998 - INFO - Iniciando limpeza de arquivos temporários
2025-11-14 00:23:08,349 - INFO - ============================================================
2025-11-14 00:23:08,349 - INFO - JuntaPDF Iniciado
2025-11-14 00:23:08,349 - INFO - Versão Python: 3.12.1 (tags/v3.12.1:2305ca5, Dec  7 2023, 22:03:25) [MSC v.1937 64 bit (AMD64)]
2025-11-14 00:23:08,349 - INFO - Diretório de Log: C:\Users\Pichau\AppData\Local\Temp\JuntaPDF_Logs
2025-11-14 00:23:08,349 - INFO - Política de retenção: 30 dias
2025-11-14 00:23:08,349 - INFO - Rotacionamento: 10MB
2025-11-14 00:23:08,349 - INFO - tkinterdnd2 disponível
2025-11-14 00:23:08,399 - INFO - PyPDF2 disponível
2025-11-14 00:23:08,399 - INFO - pikepdf C++ to Python logger bridge initialized
2025-11-14 00:23:08,428 - INFO - pikepdf disponível
2025-11-14 00:23:08,523 - INFO - Janela criada com suporte a Drag & Drop
2025-11-14 00:23:08,523 - INFO - Cleanup registrado no atexit
2025-11-14 00:23:08,523 - INFO - Procurando Ghostscript no sistema...
2025-11-14 00:23:08,523 - INFO - Ghostscript encontrado no PATH: C:\Program Files\gs\gs10.06.0\bin\gswin64c.EXE
2025-11-14 00:23:08,523 - INFO - Perfil ICC encontrado: C:\Program Files\gs\gs10.06.0\iccprofiles\srgb.icc
2025-11-14 00:23:08,523 - INFO - PDF/A disponível: Ghostscript e ICC encontrados
2025-11-14 00:23:08,555 - INFO - ✅ Dependências verificadas:
2025-11-14 00:23:08,555 - INFO -    - PyPDF2: True
2025-11-14 00:23:08,555 - INFO -    - pikepdf: True
2025-11-14 00:23:08,555 - INFO -    - Ghostscript: True
2025-11-14 00:23:08,555 - INFO -    - PDF/A: True
2025-11-14 00:23:08,555 - INFO -    - Drag & Drop: True
2025-11-14 00:23:08,555 - INFO - Status PDF_LIBS_AVAILABLE: True
2025-11-14 00:23:08,555 - INFO - Status GHOSTSCRIPT_PATH: C:\Program Files\gs\gs10.06.0\bin\gswin64c.EXE
2025-11-14 00:23:08,555 - INFO - Status PIKEPDF_AVAILABLE: True
2025-11-14 00:23:08,555 - INFO - Status DND_AVAILABLE: True
2025-11-14 00:23:08,555 - INFO - Status PDFA_AVAILABLE: True
2025-11-14 00:23:08,555 - INFO - ✅ JuntaPDF inicializado com sucesso!
2025-11-14 00:23:08,555 - INFO - 🚀 Iniciando interface gráfica...
2025-11-14 00:23:16,512 - INFO - Pasta de saída selecionada: C:/Users/Pichau/Downloads/03-2025
2025-11-14 00:27:00,086 - INFO - Iniciando limpeza de arquivos temporários
2025-11-14 00:27:00,116 - INFO - 🧹 Finalizando JuntaPDF...
2025-11-14 00:27:00,116 - INFO - Iniciando limpeza de arquivos temporários
2025-11-14 00:27:00,116 - INFO - Iniciando limpeza de arquivos temporários
2025-11-14 00:27:01,021 - INFO - Iniciando limpeza de arquivos temporários
2025-11-14 00:27:01,037 - INFO - 🧹 Finalizando JuntaPDF...
2025-11-14 00:27:01,037 - INFO - Iniciando limpeza de arquivos temporários
2025-11-14 00:27:01,037 - INFO - Iniciando limpeza de arquivos temporários
2025-11-14 00:27:01,604 - INFO - Iniciando limpeza de arquivos temporários
2025-11-14 00:27:01,625 - INFO - 🧹 Finalizando JuntaPDF...
2025-11-14 00:27:01,625 - INFO - Iniciando limpeza de arquivos temporários
2025-11-14 00:27:01,625 - INFO - Iniciando limpeza de arquivos temporários
2025-11-14 00:27:05,504 - INFO - ============================================================
2025-11-14 00:27:05,504 - INFO - JuntaPDF Iniciado
2025-11-14 00:27:05,504 - INFO - Versão Python: 3.12.1 (tags/v3.12.1:2305ca5, Dec  7 2023, 22:03:25) [MSC v.1937 64 bit (AMD64)]
2025-11-14 00:27:05,504 - INFO - Diretório de Log: C:\Users\Pichau\AppData\Local\Temp\JuntaPDF_Logs
2025-11-14 00:27:05,504 - INFO - Política de retenção: 30 dias
2025-11-14 00:27:05,504 - INFO - Rotacionamento: 10MB
2025-11-14 00:27:05,520 - INFO - tkinterdnd2 disponível
2025-11-14 00:27:05,577 - INFO - PyPDF2 disponível
2025-11-14 00:27:05,581 - INFO - pikepdf C++ to Python logger bridge initialized
2025-11-14 00:27:05,631 - INFO - pikepdf disponível
2025-11-14 00:27:05,741 - INFO - Janela criada com suporte a Drag & Drop
2025-11-14 00:27:05,741 - INFO - Cleanup registrado no atexit
2025-11-14 00:27:05,741 - INFO - Procurando Ghostscript no sistema...
2025-11-14 00:27:05,741 - INFO - Ghostscript encontrado no PATH: C:\Program Files\gs\gs10.06.0\bin\gswin64c.EXE
2025-11-14 00:27:05,741 - INFO - Perfil ICC encontrado: C:\Program Files\gs\gs10.06.0\iccprofiles\srgb.icc
2025-11-14 00:27:05,741 - INFO - PDF/A disponível: Ghostscript e ICC encontrados
2025-11-14 00:27:05,789 - INFO - ✅ Dependências verificadas:
2025-11-14 00:27:05,789 - INFO -    - PyPDF2: True
2025-11-14 00:27:05,789 - INFO -    - pikepdf: True
2025-11-14 00:27:05,789 - INFO -    - Ghostscript: True
2025-11-14 00:27:05,789 - INFO -    - PDF/A: True
2025-11-14 00:27:05,789 - INFO -    - Drag & Drop: True
2025-11-14 00:27:05,789 - INFO - Status PDF_LIBS_AVAILABLE: True
2025-11-14 00:27:05,789 - INFO - Status GHOSTSCRIPT_PATH: C:\Program Files\gs\gs10.06.0\bin\gswin64c.EXE
2025-11-14 00:27:05,789 - INFO - Status PIKEPDF_AVAILABLE: True
2025-11-14 00:27:05,789 - INFO - Status DND_AVAILABLE: True
2025-11-14 00:27:05,789 - INFO - Status PDFA_AVAILABLE: True
2025-11-14 00:27:05,789 - INFO - ✅ JuntaPDF inicializado com sucesso!
2025-11-14 00:27:05,789 - INFO - 🚀 Iniciando interface gráfica...
2025-11-14 00:27:49,554 - INFO - ============================================================
2025-11-14 00:27:49,554 - INFO - JuntaPDF Iniciado
2025-11-14 00:27:49,554 - INFO - Versão Python: 3.12.1 (tags/v3.12.1:2305ca5, Dec  7 2023, 22:03:25) [MSC v.1937 64 bit (AMD64)]
2025-11-14 00:27:49,554 - INFO - Diretório de Log: C:\Users\Pichau\AppData\Local\Temp\JuntaPDF_Logs
2025-11-14 00:27:49,554 - INFO - Política de retenção: 30 dias
2025-11-14 00:27:49,554 - INFO - Rotacionamento: 10MB
2025-11-14 00:27:49,554 - INFO - tkinterdnd2 disponível
2025-11-14 00:27:49,601 - INFO - PyPDF2 disponível
2025-11-14 00:27:49,601 - INFO - pikepdf C++ to Python logger bridge initialized
2025-11-14 00:27:49,649 - INFO - pikepdf disponível
2025-11-14 00:27:49,740 - INFO - Janela criada com suporte a Drag & Drop
2025-11-14 00:27:49,742 - INFO - Cleanup registrado no atexit
2025-11-14 00:27:49,742 - INFO - Procurando Ghostscript no sistema...
2025-11-14 00:27:49,744 - INFO - Ghostscript encontrado no PATH: C:\Program Files\gs\gs10.06.0\bin\gswin64c.EXE
2025-11-14 00:27:49,744 - INFO - Perfil ICC encontrado: C:\Program Files\gs\gs10.06.0\iccprofiles\srgb.icc
2025-11-14 00:27:49,744 - INFO - PDF/A disponível: Ghostscript e ICC encontrados
2025-11-14 00:27:49,777 - INFO - ✅ Dependências verificadas:
2025-11-14 00:27:49,777 - INFO -    - PyPDF2: True
2025-11-14 00:27:49,777 - INFO -    - pikepdf: True
2025-11-14 00:27:49,777 - INFO -    - Ghostscript: True
2025-11-14 00:27:49,777 - INFO -    - PDF/A: True
2025-11-14 00:27:49,777 - INFO -    - Drag & Drop: True
2025-11-14 00:27:49,777 - INFO - Status PDF_LIBS_AVAILABLE: True
2025-11-14 00:27:49,777 - INFO - Status GHOSTSCRIPT_PATH: C:\Program Files\gs\gs10.06.0\bin\gswin64c.EXE
2025-11-14 00:27:49,777 - INFO - Status PIKEPDF_AVAILABLE: True
2025-11-14 00:27:49,777 - INFO - Status DND_AVAILABLE: True
2025-11-14 00:27:49,777 - INFO - Status PDFA_AVAILABLE: True
2025-11-14 00:27:49,777 - INFO - ✅ JuntaPDF inicializado com sucesso!
2025-11-14 00:27:49,777 - INFO - 🚀 Iniciando interface gráfica...
2025-11-14 00:31:37,462 - INFO - Iniciando limpeza de arquivos temporários
2025-11-14 00:31:37,499 - INFO - 🧹 Finalizando JuntaPDF...
2025-11-14 00:31:37,499 - INFO - Iniciando limpeza de arquivos temporários
2025-11-14 00:31:37,499 - INFO - Iniciando limpeza de arquivos temporários
2025-11-14 00:31:44,073 - INFO - ============================================================
2025-11-14 00:31:44,073 - INFO - JuntaPDF Iniciado
2025-11-14 00:31:44,073 - INFO - Versão Python: 3.12.1 (tags/v3.12.1:2305ca5, Dec  7 2023, 22:03:25) [MSC v.1937 64 bit (AMD64)]
2025-11-14 00:31:44,073 - INFO - Diretório de Log: C:\Users\Pichau\AppData\Local\Temp\JuntaPDF_Logs
2025-11-14 00:31:44,073 - INFO - Política de retenção: 30 dias
2025-11-14 00:31:44,073 - INFO - Rotacionamento: 10MB
2025-11-14 00:31:44,084 - INFO - tkinterdnd2 disponível
2025-11-14 00:31:44,148 - INFO - PyPDF2 disponível
2025-11-14 00:31:44,150 - INFO - pikepdf C++ to Python logger bridge initialized
2025-11-14 00:31:44,195 - INFO - pikepdf disponível
2025-11-14 00:31:44,322 - INFO - Janela criada com suporte a Drag & Drop
2025-11-14 00:31:44,322 - INFO - Cleanup registrado no atexit
2025-11-14 00:31:44,322 - INFO - Procurando Ghostscript no sistema...
2025-11-14 00:31:44,322 - INFO - Ghostscript encontrado no PATH: C:\Program Files\gs\gs10.06.0\bin\gswin64c.EXE
2025-11-14 00:31:44,322 - INFO - Perfil ICC encontrado: C:\Program Files\gs\gs10.06.0\iccprofiles\srgb.icc
2025-11-14 00:31:44,322 - INFO - PDF/A disponível: Ghostscript e ICC encontrados
2025-11-14 00:31:44,322 - ERROR - Exceção não tratada: NameError: name 'on_closing' is not defined
NoneType: None
2025-11-14 00:31:48,911 - INFO - Iniciando limpeza de arquivos temporários
2025-11-14 00:33:25,989 - INFO - ============================================================
2025-11-14 00:33:25,989 - INFO - JuntaPDF Iniciado
2025-11-14 00:33:25,989 - INFO - Versão Python: 3.12.1 (tags/v3.12.1:2305ca5, Dec  7 2023, 22:03:25) [MSC v.1937 64 bit (AMD64)]
2025-11-14 00:33:25,989 - INFO - Diretório de Log: C:\Users\Pichau\AppData\Local\Temp\JuntaPDF_Logs
2025-11-14 00:33:25,989 - INFO - Política de retenção: 30 dias
2025-11-14 00:33:25,989 - INFO - Rotacionamento: 10MB
2025-11-14 00:33:26,005 - INFO - tkinterdnd2 disponível
2025-11-14 00:33:26,052 - INFO - PyPDF2 disponível
2025-11-14 00:33:26,052 - INFO - pikepdf C++ to Python logger bridge initialized
2025-11-14 00:33:26,110 - INFO - pikepdf disponível
2025-11-14 00:33:26,243 - INFO - Janela criada com suporte a Drag & Drop
2025-11-14 00:33:26,243 - INFO - Cleanup registrado no atexit
2025-11-14 00:33:26,243 - INFO - Procurando Ghostscript no sistema...
2025-11-14 00:33:26,243 - INFO - Ghostscript encontrado no PATH: C:\Program Files\gs\gs10.06.0\bin\gswin64c.EXE
2025-11-14 00:33:26,243 - INFO - Perfil ICC encontrado: C:\Program Files\gs\gs10.06.0\iccprofiles\srgb.icc
2025-11-14 00:33:26,243 - INFO - PDF/A disponível: Ghostscript e ICC encontrados
2025-11-14 00:33:26,243 - ERROR - Exceção não tratada: NameError: name 'on_closing' is not defined
NoneType: None
2025-11-14 00:33:30,847 - INFO - Iniciando limpeza de arquivos temporários
2025-11-14 00:37:40,617 - INFO - ============================================================
2025-11-14 00:37:40,617 - INFO - JuntaPDF Iniciado
2025-11-14 00:37:40,617 - INFO - Versão Python: 3.12.1 (tags/v3.12.1:2305ca5, Dec  7 2023, 22:03:25) [MSC v.1937 64 bit (AMD64)]
2025-11-14 00:37:40,617 - INFO - Diretório de Log: C:\Users\Pichau\AppData\Local\Temp\JuntaPDF_Logs
2025-11-14 00:37:40,617 - INFO - Política de retenção: 30 dias
2025-11-14 00:37:40,617 - INFO - Rotacionamento: 10MB
2025-11-14 00:37:40,617 - INFO - tkinterdnd2 disponível
2025-11-14 00:37:40,681 - INFO - PyPDF2 disponível
2025-11-14 00:37:40,688 - INFO - pikepdf C++ to Python logger bridge initialized
2025-11-14 00:37:40,729 - INFO - pikepdf disponível
2025-11-14 00:37:40,855 - INFO - Janela criada com suporte a Drag & Drop
2025-11-14 00:37:40,855 - INFO - Cleanup registrado no atexit
2025-11-14 00:37:40,855 - INFO - Procurando Ghostscript no sistema...
2025-11-14 00:37:40,855 - INFO - Ghostscript encontrado no PATH: C:\Program Files\gs\gs10.06.0\bin\gswin64c.EXE
2025-11-14 00:37:40,855 - INFO - Perfil ICC encontrado: C:\Program Files\gs\gs10.06.0\iccprofiles\srgb.icc
2025-11-14 00:37:40,855 - INFO - PDF/A disponível: Ghostscript e ICC encontrados
2025-11-14 00:37:40,903 - INFO - ✅ Dependências verificadas:
2025-11-14 00:37:40,903 - INFO -    - PyPDF2: True
2025-11-14 00:37:40,903 - INFO -    - pikepdf: True
2025-11-14 00:37:40,903 - INFO -    - Ghostscript: True
2025-11-14 00:37:40,903 - INFO -    - PDF/A: True
2025-11-14 00:37:40,903 - INFO -    - Drag & Drop: True
2025-11-14 00:37:40,903 - INFO - Status PDF_LIBS_AVAILABLE: True
2025-11-14 00:37:40,903 - INFO - Status GHOSTSCRIPT_PATH: C:\Program Files\gs\gs10.06.0\bin\gswin64c.EXE
2025-11-14 00:37:40,903 - INFO - Status PIKEPDF_AVAILABLE: True
2025-11-14 00:37:40,903 - INFO - Status DND_AVAILABLE: True
2025-11-14 00:37:40,903 - INFO - Status PDFA_AVAILABLE: True
2025-11-14 00:37:40,903 - INFO - ✅ JuntaPDF inicializado com sucesso!
2025-11-14 00:37:40,903 - INFO - 🚀 Iniciando interface gráfica...
2025-11-14 00:38:03,268 - INFO - Arquivo adicionado: contracheque.pdf
2025-11-14 00:38:03,281 - INFO - Arquivo adicionado: plano setor velho.pdf
2025-11-14 00:38:03,296 - INFO - Arquivo adicionado: 1579-calendarios-de-eventos-2025-v2.pdf
2025-11-14 00:38:03,296 - INFO - Arquivo adicionado: 1558-calendario-de-eventos-2024-.pdf
2025-11-14 00:38:11,496 - INFO - Arquivo removido: 1579-calendarios-de-eventos-2025-v2.pdf
2025-11-14 00:38:48,284 - INFO - Iniciando limpeza de arquivos temporários
2025-11-14 00:38:48,316 - INFO - 🧹 Finalizando JuntaPDF...
2025-11-14 00:38:48,316 - INFO - Iniciando limpeza de arquivos temporários
2025-11-14 00:38:48,316 - INFO - Iniciando limpeza de arquivos temporários
2025-11-14 01:24:26,359 - INFO - ============================================================
2025-11-14 01:24:26,359 - INFO - JuntaPDF Iniciado
2025-11-14 01:24:26,359 - INFO - Versão Python: 3.12.1 (tags/v3.12.1:2305ca5, Dec  7 2023, 22:03:25) [MSC v.1937 64 bit (AMD64)]
2025-11-14 01:24:26,359 - INFO - Diretório de Log: C:\Users\Pichau\AppData\Local\Temp\JuntaPDF_Logs
2025-11-14 01:24:26,359 - INFO - Política de retenção: 30 dias
2025-11-14 01:24:26,359 - INFO - Rotacionamento: 10MB
2025-11-14 01:24:26,399 - INFO - tkinterdnd2 disponível
2025-11-14 01:24:26,879 - INFO - PyPDF2 disponível
2025-11-14 01:24:26,907 - INFO - pikepdf C++ to Python logger bridge initialized
2025-11-14 01:24:27,256 - INFO - pikepdf disponível
2025-11-14 01:24:27,398 - INFO - Janela criada com suporte a Drag & Drop
2025-11-14 01:24:27,398 - INFO - Cleanup registrado no atexit
2025-11-14 01:24:27,398 - INFO - Procurando Ghostscript no sistema...
2025-11-14 01:24:27,398 - INFO - Ghostscript encontrado no PATH: C:\Program Files\gs\gs10.06.0\bin\gswin64c.EXE
2025-11-14 01:24:27,398 - INFO - Perfil ICC encontrado: C:\Program Files\gs\gs10.06.0\iccprofiles\srgb.icc
2025-11-14 01:24:27,398 - INFO - PDF/A disponível: Ghostscript e ICC encontrados
2025-11-14 01:24:27,507 - INFO - ✅ Dependências verificadas:
2025-11-14 01:24:27,507 - INFO -    - PyPDF2: True
2025-11-14 01:24:27,507 - INFO -    - pikepdf: True
2025-11-14 01:24:27,507 - INFO -    - Ghostscript: True
2025-11-14 01:24:27,507 - INFO -    - PDF/A: True
2025-11-14 01:24:27,507 - INFO -    - Drag & Drop: True
2025-11-14 01:24:27,507 - INFO - Status PDF_LIBS_AVAILABLE: True
2025-11-14 01:24:27,507 - INFO - Status GHOSTSCRIPT_PATH: C:\Program Files\gs\gs10.06.0\bin\gswin64c.EXE
2025-11-14 01:24:27,507 - INFO - Status PIKEPDF_AVAILABLE: True
2025-11-14 01:24:27,507 - INFO - Status DND_AVAILABLE: True
2025-11-14 01:24:27,507 - INFO - Status PDFA_AVAILABLE: True
2025-11-14 01:24:27,507 - INFO - ✅ JuntaPDF inicializado com sucesso!
2025-11-14 01:24:27,507 - INFO - 🚀 Iniciando interface gráfica...
2025-11-14 01:24:39,054 - INFO - Iniciando limpeza de arquivos temporários
2025-11-14 01:24:39,085 - INFO - 🧹 Finalizando JuntaPDF...
2025-11-14 01:24:39,085 - INFO - Iniciando limpeza de arquivos temporários
2025-11-14 01:24:39,087 - INFO - Iniciando limpeza de arquivos temporários
2025-11-14 11:24:54,310 - INFO - ============================================================
2025-11-14 11:24:54,310 - INFO - JuntaPDF Iniciado
2025-11-14 11:24:54,312 - INFO - Versão Python: 3.12.1 (tags/v3.12.1:2305ca5, Dec  7 2023, 22:03:25) [MSC v.1937 64 bit (AMD64)]
2025-11-14 11:24:54,312 - INFO - Diretório de Log: C:\Users\Pichau\AppData\Local\Temp\JuntaPDF_Logs
2025-11-14 11:24:54,312 - INFO - Política de retenção: 30 dias
2025-11-14 11:24:54,312 - INFO - Rotacionamento: 10MB
2025-11-14 11:24:54,344 - INFO - tkinterdnd2 disponível
2025-11-14 11:24:54,872 - INFO - PyPDF2 disponível
2025-11-14 11:24:54,969 - INFO - pikepdf C++ to Python logger bridge initialized
2025-11-14 11:24:55,479 - INFO - pikepdf disponível
2025-11-14 11:24:56,113 - INFO - Janela criada com suporte a Drag & Drop
2025-11-14 11:24:56,114 - INFO - Cleanup registrado no atexit
2025-11-14 11:24:56,114 - INFO - Procurando Ghostscript no sistema...
2025-11-14 11:24:56,115 - INFO - Ghostscript encontrado no PATH: C:\Program Files\gs\gs10.06.0\bin\gswin64c.EXE
2025-11-14 11:24:56,117 - INFO - Perfil ICC encontrado: C:\Program Files\gs\gs10.06.0\iccprofiles\srgb.icc
2025-11-14 11:24:56,117 - INFO - PDF/A disponível: Ghostscript e ICC encontrados
2025-11-14 11:24:56,420 - INFO - ✅ Dependências verificadas:
2025-11-14 11:24:56,420 - INFO -    - PyPDF2: True
2025-11-14 11:24:56,420 - INFO -    - pikepdf: True
2025-11-14 11:24:56,420 - INFO -    - Ghostscript: True
2025-11-14 11:24:56,420 - INFO -    - PDF/A: True
2025-11-14 11:24:56,420 - INFO -    - Drag & Drop: True
2025-11-14 11:24:56,420 - INFO - Status PDF_LIBS_AVAILABLE: True
2025-11-14 11:24:56,420 - INFO - Status GHOSTSCRIPT_PATH: C:\Program Files\gs\gs10.06.0\bin\gswin64c.EXE
2025-11-14 11:24:56,420 - INFO - Status PIKEPDF_AVAILABLE: True
2025-11-14 11:24:56,420 - INFO - Status DND_AVAILABLE: True
2025-11-14 11:24:56,420 - INFO - Status PDFA_AVAILABLE: True
2025-11-14 11:24:56,420 - INFO - ✅ JuntaPDF inicializado com sucesso!
2025-11-14 11:24:56,420 - INFO - 🚀 Iniciando interface gráfica...
2025-11-14 11:25:04,147 - INFO - Arquivo adicionado: paginateste3.pdf
2025-11-14 11:25:04,160 - INFO - Arquivo adicionado: paginateste2.pdf
2025-11-14 11:25:04,175 - INFO - Arquivo adicionado: paginateste1.pdf
2025-11-14 11:38:14,490 - INFO - Iniciando limpeza de arquivos temporários
2025-11-14 11:38:14,507 - INFO - 🧹 Finalizando JuntaPDF...
2025-11-14 11:38:14,507 - INFO - Iniciando limpeza de arquivos temporários
2025-11-14 11:38:14,507 - INFO - Iniciando limpeza de arquivos temporários
2025-11-14 11:55:24,838 - INFO - ============================================================
2025-11-14 11:55:24,838 - INFO - JuntaPDF Iniciado
2025-11-14 11:55:24,838 - INFO - Versão Python: 3.12.1 (tags/v3.12.1:2305ca5, Dec  7 2023, 22:03:25) [MSC v.1937 64 bit (AMD64)]
2025-11-14 11:55:24,838 - INFO - Diretório de Log: C:\Users\Pichau\AppData\Local\Temp\JuntaPDF_Logs
2025-11-14 11:55:24,838 - INFO - Política de retenção: 30 dias
2025-11-14 11:55:24,838 - INFO - Rotacionamento: 10MB
2025-11-14 11:55:24,891 - INFO - tkinterdnd2 disponível
2025-11-14 11:55:24,942 - INFO - PyPDF2 disponível
2025-11-14 11:55:24,944 - INFO - pikepdf C++ to Python logger bridge initialized
2025-11-14 11:55:24,982 - INFO - pikepdf disponível
2025-11-14 11:55:25,092 - INFO - Janela criada com suporte a Drag & Drop
2025-11-14 11:55:25,092 - INFO - Cleanup registrado no atexit
2025-11-14 11:55:25,092 - INFO - Procurando Ghostscript no sistema...
2025-11-14 11:55:25,092 - INFO - Ghostscript encontrado no PATH: C:\Program Files\gs\gs10.06.0\bin\gswin64c.EXE
2025-11-14 11:55:25,092 - INFO - Perfil ICC encontrado: C:\Program Files\gs\gs10.06.0\iccprofiles\srgb.icc
2025-11-14 11:55:25,092 - INFO - PDF/A disponível: Ghostscript e ICC encontrados
2025-11-14 11:55:25,123 - INFO - ✅ Dependências verificadas:
2025-11-14 11:55:25,124 - INFO -    - PyPDF2: True
2025-11-14 11:55:25,124 - INFO -    - pikepdf: True
2025-11-14 11:55:25,124 - INFO -    - Ghostscript: True
2025-11-14 11:55:25,124 - INFO -    - PDF/A: True
2025-11-14 11:55:25,124 - INFO -    - Drag & Drop: True
2025-11-14 11:55:25,124 - INFO - Status PDF_LIBS_AVAILABLE: True
2025-11-14 11:55:25,124 - INFO - Status GHOSTSCRIPT_PATH: C:\Program Files\gs\gs10.06.0\bin\gswin64c.EXE
2025-11-14 11:55:25,124 - INFO - Status PIKEPDF_AVAILABLE: True
2025-11-14 11:55:25,124 - INFO - Status DND_AVAILABLE: True
2025-11-14 11:55:25,124 - INFO - Status PDFA_AVAILABLE: True
2025-11-14 11:55:25,124 - INFO - ✅ JuntaPDF inicializado com sucesso!
2025-11-14 11:55:25,124 - INFO - 🚀 Iniciando interface gráfica...
2025-11-14 11:59:01,931 - INFO - Iniciando limpeza de arquivos temporários
2025-11-14 11:59:01,961 - INFO - 🧹 Finalizando JuntaPDF...
2025-11-14 11:59:01,962 - INFO - Iniciando limpeza de arquivos temporários
2025-11-14 11:59:01,963 - INFO - Iniciando limpeza de arquivos temporários
2025-11-14 12:04:12,992 - INFO - ============================================================
2025-11-14 12:04:12,992 - INFO - JuntaPDF Iniciado
2025-11-14 12:04:12,992 - INFO - Versão Python: 3.12.1 (tags/v3.12.1:2305ca5, Dec  7 2023, 22:03:25) [MSC v.1937 64 bit (AMD64)]
2025-11-14 12:04:12,992 - INFO - Diretório de Log: C:\Users\Pichau\AppData\Local\Temp\JuntaPDF_Logs
2025-11-14 12:04:12,992 - INFO - Política de retenção: 30 dias
2025-11-14 12:04:12,992 - INFO - Rotacionamento: 10MB
2025-11-14 12:04:13,053 - INFO - tkinterdnd2 disponível
2025-11-14 12:04:13,103 - INFO - PyPDF2 disponível
2025-11-14 12:04:13,103 - INFO - pikepdf C++ to Python logger bridge initialized
2025-11-14 12:04:13,134 - INFO - pikepdf disponível
2025-11-14 12:04:13,244 - INFO - Janela criada com suporte a Drag & Drop
2025-11-14 12:04:13,244 - INFO - Cleanup registrado no atexit
2025-11-14 12:04:13,244 - INFO - Procurando Ghostscript no sistema...
2025-11-14 12:04:13,244 - INFO - Ghostscript encontrado no PATH: C:\Program Files\gs\gs10.06.0\bin\gswin64c.EXE
2025-11-14 12:04:13,244 - INFO - Perfil ICC encontrado: C:\Program Files\gs\gs10.06.0\iccprofiles\srgb.icc
2025-11-14 12:04:13,244 - INFO - PDF/A disponível: Ghostscript e ICC encontrados
2025-11-14 12:04:13,276 - INFO - ✅ Dependências verificadas:
2025-11-14 12:04:13,276 - INFO -    - PyPDF2: True
2025-11-14 12:04:13,276 - INFO -    - pikepdf: True
2025-11-14 12:04:13,276 - INFO -    - Ghostscript: True
2025-11-14 12:04:13,276 - INFO -    - PDF/A: True
2025-11-14 12:04:13,276 - INFO -    - Drag & Drop: True
2025-11-14 12:04:13,276 - INFO - Status PDF_LIBS_AVAILABLE: True
2025-11-14 12:04:13,276 - INFO - Status GHOSTSCRIPT_PATH: C:\Program Files\gs\gs10.06.0\bin\gswin64c.EXE
2025-11-14 12:04:13,276 - INFO - Status PIKEPDF_AVAILABLE: True
2025-11-14 12:04:13,276 - INFO - Status DND_AVAILABLE: True
2025-11-14 12:04:13,276 - INFO - Status PDFA_AVAILABLE: True
2025-11-14 12:04:13,276 - INFO - ✅ JuntaPDF inicializado com sucesso!
2025-11-14 12:04:13,276 - INFO - 🚀 Iniciando interface gráfica...
2025-11-14 12:04:30,848 - INFO - Iniciando limpeza de arquivos temporários
2025-11-14 12:04:30,878 - INFO - 🧹 Finalizando JuntaPDF...
2025-11-14 12:04:30,878 - INFO - Iniciando limpeza de arquivos temporários
2025-11-14 12:04:30,878 - INFO - Iniciando limpeza de arquivos temporários
2025-11-14 12:08:09,197 - INFO - ============================================================
2025-11-14 12:08:09,197 - INFO - JuntaPDF Iniciado
2025-11-14 12:08:09,197 - INFO - Versão Python: 3.12.1 (tags/v3.12.1:2305ca5, Dec  7 2023, 22:03:25) [MSC v.1937 64 bit (AMD64)]
2025-11-14 12:08:09,197 - INFO - Diretório de Log: C:\Users\Pichau\AppData\Local\Temp\JuntaPDF_Logs
2025-11-14 12:08:09,197 - INFO - Política de retenção: 30 dias
2025-11-14 12:08:09,197 - INFO - Rotacionamento: 10MB
2025-11-14 12:08:09,244 - INFO - tkinterdnd2 disponível
2025-11-14 12:08:09,292 - INFO - PyPDF2 disponível
2025-11-14 12:08:09,292 - INFO - pikepdf C++ to Python logger bridge initialized
2025-11-14 12:08:09,333 - INFO - pikepdf disponível
2025-11-14 12:08:09,447 - INFO - Janela criada com suporte a Drag & Drop
2025-11-14 12:08:09,447 - INFO - Cleanup registrado no atexit
2025-11-14 12:08:09,447 - INFO - Procurando Ghostscript no sistema...
2025-11-14 12:08:09,447 - INFO - Ghostscript encontrado no PATH: C:\Program Files\gs\gs10.06.0\bin\gswin64c.EXE
2025-11-14 12:08:09,447 - INFO - Perfil ICC encontrado: C:\Program Files\gs\gs10.06.0\iccprofiles\srgb.icc
2025-11-14 12:08:09,447 - INFO - PDF/A disponível: Ghostscript e ICC encontrados
2025-11-14 12:08:09,466 - INFO - ✅ Dependências verificadas:
2025-11-14 12:08:09,466 - INFO -    - PyPDF2: True
2025-11-14 12:08:09,466 - INFO -    - pikepdf: True
2025-11-14 12:08:09,466 - INFO -    - Ghostscript: True
2025-11-14 12:08:09,466 - INFO -    - PDF/A: True
2025-11-14 12:08:09,466 - INFO -    - Drag & Drop: True
2025-11-14 12:08:09,466 - INFO - Status PDF_LIBS_AVAILABLE: True
2025-11-14 12:08:09,466 - INFO - Status GHOSTSCRIPT_PATH: C:\Program Files\gs\gs10.06.0\bin\gswin64c.EXE
2025-11-14 12:08:09,466 - INFO - Status PIKEPDF_AVAILABLE: True
2025-11-14 12:08:09,466 - INFO - Status DND_AVAILABLE: True
2025-11-14 12:08:09,466 - INFO - Status PDFA_AVAILABLE: True
2025-11-14 12:08:09,466 - INFO - ✅ JuntaPDF inicializado com sucesso!
2025-11-14 12:08:09,466 - INFO - 🚀 Iniciando interface gráfica...
2025-11-14 12:08:16,558 - INFO - Iniciando limpeza de arquivos temporários
2025-11-14 12:08:16,590 - INFO - 🧹 Finalizando JuntaPDF...
2025-11-14 12:08:16,590 - INFO - Iniciando limpeza de arquivos temporários
2025-11-14 12:08:16,590 - INFO - Iniciando limpeza de arquivos temporários
2025-11-14 12:08:57,167 - INFO - ============================================================
2025-11-14 12:08:57,167 - INFO - JuntaPDF Iniciado
2025-11-14 12:08:57,167 - INFO - Versão Python: 3.12.1 (tags/v3.12.1:2305ca5, Dec  7 2023, 22:03:25) [MSC v.1937 64 bit (AMD64)]
2025-11-14 12:08:57,183 - INFO - Diretório de Log: C:\Users\Pichau\AppData\Local\Temp\JuntaPDF_Logs
2025-11-14 12:08:57,183 - INFO - Política de retenção: 30 dias
2025-11-14 12:08:57,183 - INFO - Rotacionamento: 10MB
2025-11-14 12:08:57,183 - INFO - tkinterdnd2 disponível
2025-11-14 12:08:57,230 - INFO - PyPDF2 disponível
2025-11-14 12:08:57,233 - INFO - pikepdf C++ to Python logger bridge initialized
2025-11-14 12:08:57,266 - INFO - pikepdf disponível
2025-11-14 12:08:57,340 - INFO - Janela criada com suporte a Drag & Drop
2025-11-14 12:08:57,340 - INFO - Cleanup registrado no atexit
2025-11-14 12:08:57,340 - INFO - Procurando Ghostscript no sistema...
2025-11-14 12:08:57,340 - INFO - Ghostscript encontrado no PATH: C:\Program Files\gs\gs10.06.0\bin\gswin64c.EXE
2025-11-14 12:08:57,340 - INFO - Perfil ICC encontrado: C:\Program Files\gs\gs10.06.0\iccprofiles\srgb.icc
2025-11-14 12:08:57,340 - INFO - PDF/A disponível: Ghostscript e ICC encontrados
2025-11-14 12:08:57,433 - INFO - ✅ Dependências verificadas:
2025-11-14 12:08:57,433 - INFO -    - PyPDF2: True
2025-11-14 12:08:57,433 - INFO -    - pikepdf: True
2025-11-14 12:08:57,433 - INFO -    - Ghostscript: True
2025-11-14 12:08:57,433 - INFO -    - PDF/A: True
2025-11-14 12:08:57,433 - INFO -    - Drag & Drop: True
2025-11-14 12:08:57,433 - INFO - Status PDF_LIBS_AVAILABLE: True
2025-11-14 12:08:57,433 - INFO - Status GHOSTSCRIPT_PATH: C:\Program Files\gs\gs10.06.0\bin\gswin64c.EXE
2025-11-14 12:08:57,433 - INFO - Status PIKEPDF_AVAILABLE: True
2025-11-14 12:08:57,433 - INFO - Status DND_AVAILABLE: True
2025-11-14 12:08:57,433 - INFO - Status PDFA_AVAILABLE: True
2025-11-14 12:08:57,433 - INFO - ✅ JuntaPDF inicializado com sucesso!
2025-11-14 12:08:57,433 - INFO - 🚀 Iniciando interface gráfica...
2025-11-14 12:09:01,380 - INFO - Iniciando limpeza de arquivos temporários
2025-11-14 12:09:01,412 - INFO - 🧹 Finalizando JuntaPDF...
2025-11-14 12:09:01,412 - INFO - Iniciando limpeza de arquivos temporários
2025-11-14 12:09:01,412 - INFO - Iniciando limpeza de arquivos temporários
2025-11-14 12:23:24,853 - INFO - ============================================================
2025-11-14 12:23:24,853 - INFO - JuntaPDF Iniciado
2025-11-14 12:23:24,853 - INFO - Versão Python: 3.12.1 (tags/v3.12.1:2305ca5, Dec  7 2023, 22:03:25) [MSC v.1937 64 bit (AMD64)]
2025-11-14 12:23:24,853 - INFO - Diretório de Log: C:\Users\Pichau\AppData\Local\Temp\JuntaPDF_Logs
2025-11-14 12:23:24,853 - INFO - Política de retenção: 30 dias
2025-11-14 12:23:24,853 - INFO - Rotacionamento: 10MB
2025-11-14 12:23:24,901 - INFO - tkinterdnd2 disponível
2025-11-14 12:23:24,949 - INFO - PyPDF2 disponível
2025-11-14 12:23:24,962 - INFO - pikepdf C++ to Python logger bridge initialized
2025-11-14 12:23:24,996 - INFO - pikepdf disponível
2025-11-14 12:23:25,097 - INFO - Janela criada com suporte a Drag & Drop
2025-11-14 12:23:25,097 - INFO - Cleanup registrado no atexit
2025-11-14 12:23:25,097 - INFO - Procurando Ghostscript no sistema...
2025-11-14 12:23:25,106 - INFO - Ghostscript encontrado no PATH: C:\Program Files\gs\gs10.06.0\bin\gswin64c.EXE
2025-11-14 12:23:25,106 - INFO - Perfil ICC encontrado: C:\Program Files\gs\gs10.06.0\iccprofiles\srgb.icc
2025-11-14 12:23:25,106 - INFO - PDF/A disponível: Ghostscript e ICC encontrados
2025-11-14 12:23:25,122 - INFO - Status PDF_LIBS_AVAILABLE: True
2025-11-14 12:23:25,122 - INFO - Status GHOSTSCRIPT_PATH: C:\Program Files\gs\gs10.06.0\bin\gswin64c.EXE
2025-11-14 12:23:25,122 - INFO - Status PIKEPDF_AVAILABLE: True
2025-11-14 12:23:25,122 - INFO - Status DND_AVAILABLE: True
2025-11-14 12:23:25,122 - INFO - Status PDFA_AVAILABLE: True
2025-11-14 12:23:25,122 - INFO - ✅ JuntaPDF inicializado com sucesso!
2025-11-14 12:23:25,122 - INFO - 🚀 Iniciando interface gráfica...
2025-11-14 12:26:31,239 - INFO - ============================================================
2025-11-14 12:26:31,239 - INFO - JuntaPDF Iniciado
2025-11-14 12:26:31,239 - INFO - Versão Python: 3.12.1 (tags/v3.12.1:2305ca5, Dec  7 2023, 22:03:25) [MSC v.1937 64 bit (AMD64)]
2025-11-14 12:26:31,239 - INFO - Diretório de Log: C:\Users\Pichau\AppData\Local\Temp\JuntaPDF_Logs
2025-11-14 12:26:31,239 - INFO - Política de retenção: 30 dias
2025-11-14 12:26:31,239 - INFO - Rotacionamento: 10MB
2025-11-14 12:26:31,302 - INFO - tkinterdnd2 disponível
2025-11-14 12:26:31,336 - INFO - PyPDF2 disponível
2025-11-14 12:26:31,336 - INFO - pikepdf C++ to Python logger bridge initialized
2025-11-14 12:26:31,383 - INFO - pikepdf disponível
2025-11-14 12:26:31,476 - INFO - Janela criada com suporte a Drag & Drop
2025-11-14 12:26:31,476 - INFO - Cleanup registrado no atexit
2025-11-14 12:26:31,476 - INFO - Procurando Ghostscript no sistema...
2025-11-14 12:26:31,476 - INFO - Ghostscript encontrado no PATH: C:\Program Files\gs\gs10.06.0\bin\gswin64c.EXE
2025-11-14 12:26:31,476 - INFO - Perfil ICC encontrado: C:\Program Files\gs\gs10.06.0\iccprofiles\srgb.icc
2025-11-14 12:26:31,476 - INFO - PDF/A disponível: Ghostscript e ICC encontrados
2025-11-14 12:26:31,508 - INFO - Status PDF_LIBS_AVAILABLE: True
2025-11-14 12:26:31,508 - INFO - Status GHOSTSCRIPT_PATH: C:\Program Files\gs\gs10.06.0\bin\gswin64c.EXE
2025-11-14 12:26:31,508 - INFO - Status PIKEPDF_AVAILABLE: True
2025-11-14 12:26:31,508 - INFO - Status DND_AVAILABLE: True
2025-11-14 12:26:31,508 - INFO - Status PDFA_AVAILABLE: True
2025-11-14 12:26:31,508 - INFO - ✅ JuntaPDF inicializado com sucesso!
2025-11-14 12:26:31,508 - INFO - 🚀 Iniciando interface gráfica...
2025-11-14 12:26:38,524 - INFO - Iniciando limpeza de arquivos temporários
2025-11-14 12:26:38,555 - INFO - 🧹 Finalizando JuntaPDF...
2025-11-14 12:26:38,555 - INFO - Iniciando limpeza de arquivos temporários
2025-11-14 12:26:38,555 - INFO - Iniciando limpeza de arquivos temporários
2025-11-14 12:29:06,745 - INFO - ============================================================
2025-11-14 12:29:06,745 - INFO - JuntaPDF Iniciado
2025-11-14 12:29:06,745 - INFO - Versão Python: 3.12.1 (tags/v3.12.1:2305ca5, Dec  7 2023, 22:03:25) [MSC v.1937 64 bit (AMD64)]
2025-11-14 12:29:06,745 - INFO - Diretório de Log: C:\Users\Pichau\AppData\Local\Temp\JuntaPDF_Logs
2025-11-14 12:29:06,745 - INFO - Política de retenção: 30 dias
2025-11-14 12:29:06,747 - INFO - Rotacionamento: 10MB
2025-11-14 12:29:06,793 - INFO - tkinterdnd2 disponível
2025-11-14 12:29:06,828 - INFO - PyPDF2 disponível
2025-11-14 12:29:06,828 - INFO - pikepdf C++ to Python logger bridge initialized
2025-11-14 12:29:06,875 - INFO - pikepdf disponível
2025-11-14 12:29:06,983 - INFO - Janela criada com suporte a Drag & Drop
2025-11-14 12:29:06,984 - INFO - Cleanup registrado no atexit
2025-11-14 12:29:06,984 - INFO - Procurando Ghostscript no sistema...
2025-11-14 12:29:06,986 - INFO - Ghostscript encontrado no PATH: C:\Program Files\gs\gs10.06.0\bin\gswin64c.EXE
2025-11-14 12:29:06,986 - INFO - Perfil ICC encontrado: C:\Program Files\gs\gs10.06.0\iccprofiles\srgb.icc
2025-11-14 12:29:06,986 - INFO - PDF/A disponível: Ghostscript e ICC encontrados
2025-11-14 12:29:07,017 - INFO - Status PDF_LIBS_AVAILABLE: True
2025-11-14 12:29:07,017 - INFO - Status GHOSTSCRIPT_PATH: C:\Program Files\gs\gs10.06.0\bin\gswin64c.EXE
2025-11-14 12:29:07,017 - INFO - Status PIKEPDF_AVAILABLE: True
2025-11-14 12:29:07,017 - INFO - Status DND_AVAILABLE: True
2025-11-14 12:29:07,017 - INFO - Status PDFA_AVAILABLE: True
2025-11-14 12:29:07,017 - INFO - ✅ JuntaPDF inicializado com sucesso!
2025-11-14 12:29:07,017 - INFO - 🚀 Iniciando interface gráfica...
2025-11-14 12:29:16,981 - INFO - Iniciando limpeza de arquivos temporários
2025-11-14 12:29:17,023 - INFO - 🧹 Finalizando JuntaPDF...
2025-11-14 12:29:17,023 - INFO - Iniciando limpeza de arquivos temporários
2025-11-14 12:29:17,023 - INFO - Iniciando limpeza de arquivos temporários
2025-11-14 12:33:08,754 - INFO - Iniciando limpeza de arquivos temporários
2025-11-14 12:33:08,786 - INFO - 🧹 Finalizando JuntaPDF...
2025-11-14 12:33:08,786 - INFO - Iniciando limpeza de arquivos temporários
2025-11-14 12:33:08,791 - INFO - Iniciando limpeza de arquivos temporários
2025-11-14 13:20:37,542 - INFO - ============================================================
2025-11-14 13:20:37,542 - INFO - JuntaPDF Iniciado
2025-11-14 13:20:37,542 - INFO - Versão Python: 3.12.1 (tags/v3.12.1:2305ca5, Dec  7 2023, 22:03:25) [MSC v.1937 64 bit (AMD64)]
2025-11-14 13:20:37,542 - INFO - Diretório de Log: C:\Users\Pichau\AppData\Local\Temp\JuntaPDF_Logs
2025-11-14 13:20:37,543 - INFO - Política de retenção: 30 dias
2025-11-14 13:20:37,543 - INFO - Rotacionamento: 10MB
2025-11-14 13:20:37,582 - INFO - tkinterdnd2 disponível
2025-11-14 13:20:37,636 - INFO - PyPDF2 disponível
2025-11-14 13:20:37,636 - INFO - pikepdf C++ to Python logger bridge initialized
2025-11-14 13:20:37,686 - INFO - pikepdf disponível
2025-11-14 13:20:37,800 - INFO - Janela criada com suporte a Drag & Drop
2025-11-14 13:20:37,801 - INFO - Cleanup registrado no atexit
2025-11-14 13:20:37,801 - INFO - Procurando Ghostscript no sistema...
2025-11-14 13:20:37,801 - INFO - Ghostscript encontrado no PATH: C:\Program Files\gs\gs10.06.0\bin\gswin64c.EXE
2025-11-14 13:20:37,801 - INFO - Perfil ICC encontrado: C:\Program Files\gs\gs10.06.0\iccprofiles\srgb.icc
2025-11-14 13:20:37,801 - INFO - PDF/A disponível: Ghostscript e ICC encontrados
2025-11-14 13:20:37,817 - INFO - Status PDF_LIBS_AVAILABLE: True
2025-11-14 13:20:37,817 - INFO - Status GHOSTSCRIPT_PATH: C:\Program Files\gs\gs10.06.0\bin\gswin64c.EXE
2025-11-14 13:20:37,817 - INFO - Status PIKEPDF_AVAILABLE: True
2025-11-14 13:20:37,833 - INFO - Status DND_AVAILABLE: True
2025-11-14 13:20:37,833 - INFO - Status PDFA_AVAILABLE: True
2025-11-14 13:20:37,833 - INFO - ✅ JuntaPDF inicializado com sucesso!
2025-11-14 13:20:37,833 - INFO - 🚀 Iniciando interface gráfica...
2025-11-15 09:46:37,292 - INFO - Iniciando limpeza de arquivos temporários
2025-11-15 09:46:37,316 - INFO - 🧹 Finalizando JuntaPDF...
2025-11-15 09:46:37,316 - INFO - Iniciando limpeza de arquivos temporários
2025-11-15 09:46:37,322 - INFO - Iniciando limpeza de arquivos temporários
2025-11-15 09:49:05,284 - INFO - ============================================================
2025-11-15 09:49:05,284 - INFO - JuntaPDF Iniciado
2025-11-15 09:49:05,285 - INFO - Versão Python: 3.12.1 (tags/v3.12.1:2305ca5, Dec  7 2023, 22:03:25) [MSC v.1937 64 bit (AMD64)]
2025-11-15 09:49:05,285 - INFO - Diretório de Log: C:\Users\Pichau\AppData\Local\Temp\JuntaPDF_Logs
2025-11-15 09:49:05,285 - INFO - Política de retenção: 30 dias
2025-11-15 09:49:05,285 - INFO - Rotacionamento: 10MB
2025-11-15 09:49:05,653 - INFO - tkinterdnd2 disponível
2025-11-15 09:49:05,717 - INFO - PyPDF2 disponível
2025-11-15 09:49:05,769 - INFO - pikepdf C++ to Python logger bridge initialized
2025-11-15 09:49:05,899 - INFO - pikepdf disponível
2025-11-15 09:49:06,066 - INFO - Janela criada com suporte a Drag & Drop
2025-11-15 09:49:06,066 - INFO - Cleanup registrado no atexit
2025-11-15 09:49:06,067 - INFO - Procurando Ghostscript no sistema...
2025-11-15 09:49:06,067 - INFO - Ghostscript encontrado no PATH: C:\Program Files\gs\gs10.06.0\bin\gswin64c.EXE
2025-11-15 09:49:06,067 - INFO - Perfil ICC encontrado: C:\Program Files\gs\gs10.06.0\iccprofiles\srgb.icc
2025-11-15 09:49:06,067 - INFO - PDF/A disponível: Ghostscript e ICC encontrados
2025-11-15 09:49:06,115 - INFO - Status PDF_LIBS_AVAILABLE: True
2025-11-15 09:49:06,115 - INFO - Status GHOSTSCRIPT_PATH: C:\Program Files\gs\gs10.06.0\bin\gswin64c.EXE
2025-11-15 09:49:06,115 - INFO - Status PIKEPDF_AVAILABLE: True
2025-11-15 09:49:06,115 - INFO - Status DND_AVAILABLE: True
2025-11-15 09:49:06,115 - INFO - Status PDFA_AVAILABLE: True
2025-11-15 09:49:06,115 - INFO - ✅ JuntaPDF inicializado com sucesso!
2025-11-15 09:49:06,115 - INFO - 🚀 Iniciando interface gráfica...
2025-11-17 09:37:33,683 - INFO - ============================================================
2025-11-17 09:37:33,683 - INFO - JuntaPDF Iniciado
2025-11-17 09:37:33,683 - INFO - Versão Python: 3.12.1 (tags/v3.12.1:2305ca5, Dec  7 2023, 22:03:25) [MSC v.1937 64 bit (AMD64)]
2025-11-17 09:37:33,683 - INFO - Diretório de Log: C:\Users\Pichau\AppData\Local\Temp\JuntaPDF_Logs
2025-11-17 09:37:33,683 - INFO - Política de retenção: 30 dias
2025-11-17 09:37:33,683 - INFO - Rotacionamento: 10MB
2025-11-17 09:37:33,727 - INFO - tkinterdnd2 disponível
2025-11-17 09:37:34,232 - INFO - PyPDF2 disponível
2025-11-17 09:37:34,316 - INFO - pikepdf C++ to Python logger bridge initialized
2025-11-17 09:37:34,774 - INFO - pikepdf disponível
2025-11-17 09:37:35,379 - INFO - Janela criada com suporte a Drag & Drop
2025-11-17 09:37:35,379 - INFO - Cleanup registrado no atexit
2025-11-17 09:37:35,379 - INFO - Procurando Ghostscript no sistema...
2025-11-17 09:37:35,383 - INFO - Ghostscript encontrado no PATH: C:\Program Files\gs\gs10.06.0\bin\gswin64c.EXE
2025-11-17 09:37:35,383 - INFO - Perfil ICC encontrado: C:\Program Files\gs\gs10.06.0\iccprofiles\srgb.icc
2025-11-17 09:37:35,383 - INFO - PDF/A disponível: Ghostscript e ICC encontrados
2025-11-17 09:37:35,581 - INFO - ✅ Dependências verificadas:
2025-11-17 09:37:35,581 - INFO -    - PyPDF2: True
2025-11-17 09:37:35,581 - INFO -    - pikepdf: True
2025-11-17 09:37:35,581 - INFO -    - Ghostscript: True
2025-11-17 09:37:35,581 - INFO -    - PDF/A: True
2025-11-17 09:37:35,581 - INFO -    - Drag & Drop: True
2025-11-17 09:37:35,581 - INFO - Status PDF_LIBS_AVAILABLE: True
2025-11-17 09:37:35,581 - INFO - Status GHOSTSCRIPT_PATH: C:\Program Files\gs\gs10.06.0\bin\gswin64c.EXE
2025-11-17 09:37:35,581 - INFO - Status PIKEPDF_AVAILABLE: True
2025-11-17 09:37:35,582 - INFO - Status DND_AVAILABLE: True
2025-11-17 09:37:35,582 - INFO - Status PDFA_AVAILABLE: True
2025-11-17 09:37:35,582 - INFO - ✅ JuntaPDF inicializado com sucesso!
2025-11-17 09:37:35,582 - INFO - 🚀 Iniciando interface gráfica...
2025-11-17 09:39:17,743 - INFO - Arquivo adicionado: $11_default_titlePri..._unido_6arquivos_2025-11-13_2319.pdf
2025-11-17 09:39:17,775 - INFO - Arquivo adicionado: paginateste1_unido_3arquivos_2025-11-13_2317.pdf
2025-11-17 09:39:17,807 - INFO - Arquivo adicionado: paginateste3_unido_3arquivos_2025-11-13_2314.pdf
2025-11-17 09:39:17,825 - INFO - Arquivo adicionado: cnu matricula_p1240-1300_PDFA.pdf
2025-11-17 09:39:18,035 - INFO - Arquivo adicionado: cnu matricula.pdf
2025-11-17 09:39:18,109 - INFO - Arquivo adicionado: PROF SUBSTITUTO_comprimido_pdfa_comprimido_pdfa_comprimido_pdfa.pdf
2025-11-17 09:39:18,170 - INFO - Arquivo adicionado: PROF SUBSTITUTO_comprimido_pdfa_comprimido_pdfa.pdf
2025-11-17 09:39:18,192 - INFO - Arquivo adicionado: paginateste3.pdf
2025-11-17 09:39:18,205 - INFO - Arquivo adicionado: paginateste2.pdf
2025-11-17 09:39:18,222 - INFO - Arquivo adicionado: paginateste1.pdf
2025-11-17 09:39:18,234 - INFO - Arquivo adicionado: StartDynamicContent - 2025-11-10T114922.412.pdf
2025-11-17 09:41:14,296 - INFO - Iniciando limpeza de arquivos temporários
2025-11-17 09:41:14,335 - INFO - 🧹 Finalizando JuntaPDF...
2025-11-17 09:41:14,335 - INFO - Iniciando limpeza de arquivos temporários
2025-11-17 09:41:14,335 - INFO - Iniciando limpeza de arquivos temporários
2025-11-17 09:41:18,257 - INFO - ============================================================
2025-11-17 09:41:18,257 - INFO - JuntaPDF Iniciado
2025-11-17 09:41:18,257 - INFO - Versão Python: 3.12.1 (tags/v3.12.1:2305ca5, Dec  7 2023, 22:03:25) [MSC v.1937 64 bit (AMD64)]
2025-11-17 09:41:18,257 - INFO - Diretório de Log: C:\Users\Pichau\AppData\Local\Temp\JuntaPDF_Logs
2025-11-17 09:41:18,257 - INFO - Política de retenção: 30 dias
2025-11-17 09:41:18,257 - INFO - Rotacionamento: 10MB
2025-11-17 09:41:18,257 - INFO - tkinterdnd2 disponível
2025-11-17 09:41:18,301 - INFO - PyPDF2 disponível
2025-11-17 09:41:18,301 - INFO - pikepdf C++ to Python logger bridge initialized
2025-11-17 09:41:18,348 - INFO - pikepdf disponível
2025-11-17 09:41:18,459 - INFO - Janela criada com suporte a Drag & Drop
2025-11-17 09:41:18,459 - INFO - Cleanup registrado no atexit
2025-11-17 09:41:18,459 - INFO - Procurando Ghostscript no sistema...
2025-11-17 09:41:18,459 - INFO - Ghostscript encontrado no PATH: C:\Program Files\gs\gs10.06.0\bin\gswin64c.EXE
2025-11-17 09:41:18,459 - INFO - Perfil ICC encontrado: C:\Program Files\gs\gs10.06.0\iccprofiles\srgb.icc
2025-11-17 09:41:18,459 - INFO - PDF/A disponível: Ghostscript e ICC encontrados
2025-11-17 09:41:18,554 - INFO - ✅ Dependências verificadas:
2025-11-17 09:41:18,554 - INFO -    - PyPDF2: True
2025-11-17 09:41:18,554 - INFO -    - pikepdf: True
2025-11-17 09:41:18,554 - INFO -    - Ghostscript: True
2025-11-17 09:41:18,554 - INFO -    - PDF/A: True
2025-11-17 09:41:18,554 - INFO -    - Drag & Drop: True
2025-11-17 09:41:18,554 - INFO - Status PDF_LIBS_AVAILABLE: True
2025-11-17 09:41:18,554 - INFO - Status GHOSTSCRIPT_PATH: C:\Program Files\gs\gs10.06.0\bin\gswin64c.EXE
2025-11-17 09:41:18,554 - INFO - Status PIKEPDF_AVAILABLE: True
2025-11-17 09:41:18,554 - INFO - Status DND_AVAILABLE: True
2025-11-17 09:41:18,554 - INFO - Status PDFA_AVAILABLE: True
2025-11-17 09:41:18,554 - INFO - ✅ JuntaPDF inicializado com sucesso!
2025-11-17 09:41:18,554 - INFO - 🚀 Iniciando interface gráfica...
2025-11-17 09:41:23,618 - INFO - Iniciando limpeza de arquivos temporários
2025-11-17 09:41:23,634 - INFO - 🧹 Finalizando JuntaPDF...
2025-11-17 09:41:23,634 - INFO - Iniciando limpeza de arquivos temporários
2025-11-17 09:41:23,634 - INFO - Iniciando limpeza de arquivos temporários
2025-11-17 09:41:24,397 - INFO - Iniciando limpeza de arquivos temporários
2025-11-17 09:41:24,429 - INFO - 🧹 Finalizando JuntaPDF...
2025-11-17 09:41:24,431 - INFO - Iniciando limpeza de arquivos temporários
2025-11-17 09:41:24,431 - INFO - Iniciando limpeza de arquivos temporários
2025-11-17 09:41:26,282 - INFO - ============================================================
2025-11-17 09:41:26,282 - INFO - JuntaPDF Iniciado
2025-11-17 09:41:26,282 - INFO - Versão Python: 3.12.1 (tags/v3.12.1:2305ca5, Dec  7 2023, 22:03:25) [MSC v.1937 64 bit (AMD64)]
2025-11-17 09:41:26,282 - INFO - Diretório de Log: C:\Users\Pichau\AppData\Local\Temp\JuntaPDF_Logs
2025-11-17 09:41:26,282 - INFO - Política de retenção: 30 dias
2025-11-17 09:41:26,282 - INFO - Rotacionamento: 10MB
2025-11-17 09:41:26,282 - INFO - tkinterdnd2 disponível
2025-11-17 09:41:26,329 - INFO - PyPDF2 disponível
2025-11-17 09:41:26,329 - INFO - pikepdf C++ to Python logger bridge initialized
2025-11-17 09:41:26,361 - INFO - pikepdf disponível
2025-11-17 09:41:26,440 - INFO - Janela criada com suporte a Drag & Drop
2025-11-17 09:41:26,440 - INFO - Cleanup registrado no atexit
2025-11-17 09:41:26,440 - INFO - Procurando Ghostscript no sistema...
2025-11-17 09:41:26,440 - INFO - Ghostscript encontrado no PATH: C:\Program Files\gs\gs10.06.0\bin\gswin64c.EXE
2025-11-17 09:41:26,440 - INFO - Perfil ICC encontrado: C:\Program Files\gs\gs10.06.0\iccprofiles\srgb.icc
2025-11-17 09:41:26,440 - INFO - PDF/A disponível: Ghostscript e ICC encontrados
2025-11-17 09:41:26,472 - INFO - ✅ Dependências verificadas:
2025-11-17 09:41:26,472 - INFO -    - PyPDF2: True
2025-11-17 09:41:26,472 - INFO -    - pikepdf: True
2025-11-17 09:41:26,472 - INFO -    - Ghostscript: True
2025-11-17 09:41:26,472 - INFO -    - PDF/A: True
2025-11-17 09:41:26,472 - INFO -    - Drag & Drop: True
2025-11-17 09:41:26,472 - INFO - Status PDF_LIBS_AVAILABLE: True
2025-11-17 09:41:26,472 - INFO - Status GHOSTSCRIPT_PATH: C:\Program Files\gs\gs10.06.0\bin\gswin64c.EXE
2025-11-17 09:41:26,472 - INFO - Status PIKEPDF_AVAILABLE: True
2025-11-17 09:41:26,472 - INFO - Status DND_AVAILABLE: True
2025-11-17 09:41:26,472 - INFO - Status PDFA_AVAILABLE: True
2025-11-17 09:41:26,472 - INFO - ✅ JuntaPDF inicializado com sucesso!
2025-11-17 09:41:26,472 - INFO - 🚀 Iniciando interface gráfica...
2025-11-17 09:41:29,384 - INFO - Iniciando limpeza de arquivos temporários
2025-11-17 09:41:29,399 - INFO - 🧹 Finalizando JuntaPDF...
2025-11-17 09:41:29,399 - INFO - Iniciando limpeza de arquivos temporários
2025-11-17 09:41:29,399 - INFO - Iniciando limpeza de arquivos temporários
2025-11-17 09:41:30,542 - INFO - ============================================================
2025-11-17 09:41:30,542 - INFO - JuntaPDF Iniciado
2025-11-17 09:41:30,542 - INFO - Versão Python: 3.12.1 (tags/v3.12.1:2305ca5, Dec  7 2023, 22:03:25) [MSC v.1937 64 bit (AMD64)]
2025-11-17 09:41:30,542 - INFO - Diretório de Log: C:\Users\Pichau\AppData\Local\Temp\JuntaPDF_Logs
2025-11-17 09:41:30,542 - INFO - Política de retenção: 30 dias
2025-11-17 09:41:30,542 - INFO - Rotacionamento: 10MB
2025-11-17 09:41:30,542 - INFO - tkinterdnd2 disponível
2025-11-17 09:41:30,606 - INFO - PyPDF2 disponível
2025-11-17 09:41:30,608 - INFO - pikepdf C++ to Python logger bridge initialized
2025-11-17 09:41:30,652 - INFO - pikepdf disponível
2025-11-17 09:41:30,730 - INFO - Janela criada com suporte a Drag & Drop
2025-11-17 09:41:30,730 - INFO - Cleanup registrado no atexit
2025-11-17 09:41:30,730 - INFO - Procurando Ghostscript no sistema...
2025-11-17 09:41:30,746 - INFO - Ghostscript encontrado no PATH: C:\Program Files\gs\gs10.06.0\bin\gswin64c.EXE
2025-11-17 09:41:30,746 - INFO - Perfil ICC encontrado: C:\Program Files\gs\gs10.06.0\iccprofiles\srgb.icc
2025-11-17 09:41:30,746 - INFO - PDF/A disponível: Ghostscript e ICC encontrados
2025-11-17 09:41:30,793 - INFO - ✅ Dependências verificadas:
2025-11-17 09:41:30,793 - INFO -    - PyPDF2: True
2025-11-17 09:41:30,793 - INFO -    - pikepdf: True
2025-11-17 09:41:30,793 - INFO -    - Ghostscript: True
2025-11-17 09:41:30,793 - INFO -    - PDF/A: True
2025-11-17 09:41:30,793 - INFO -    - Drag & Drop: True
2025-11-17 09:41:30,793 - INFO - Status PDF_LIBS_AVAILABLE: True
2025-11-17 09:41:30,793 - INFO - Status GHOSTSCRIPT_PATH: C:\Program Files\gs\gs10.06.0\bin\gswin64c.EXE
2025-11-17 09:41:30,793 - INFO - Status PIKEPDF_AVAILABLE: True
2025-11-17 09:41:30,793 - INFO - Status DND_AVAILABLE: True
2025-11-17 09:41:30,793 - INFO - Status PDFA_AVAILABLE: True
2025-11-17 09:41:30,793 - INFO - ✅ JuntaPDF inicializado com sucesso!
2025-11-17 09:41:30,793 - INFO - 🚀 Iniciando interface gráfica...
2025-11-17 09:41:35,223 - INFO - Iniciando limpeza de arquivos temporários
2025-11-17 09:41:35,239 - INFO - 🧹 Finalizando JuntaPDF...
2025-11-17 09:41:35,239 - INFO - Iniciando limpeza de arquivos temporários
2025-11-17 09:41:35,255 - INFO - Iniciando limpeza de arquivos temporários
2025-11-17 09:41:39,551 - INFO - ============================================================
2025-11-17 09:41:39,551 - INFO - JuntaPDF Iniciado
2025-11-17 09:41:39,552 - INFO - Versão Python: 3.12.1 (tags/v3.12.1:2305ca5, Dec  7 2023, 22:03:25) [MSC v.1937 64 bit (AMD64)]
2025-11-17 09:41:39,552 - INFO - Diretório de Log: C:\Users\Pichau\AppData\Local\Temp\JuntaPDF_Logs
2025-11-17 09:41:39,552 - INFO - Política de retenção: 30 dias
2025-11-17 09:41:39,552 - INFO - Rotacionamento: 10MB
2025-11-17 09:41:39,583 - INFO - tkinterdnd2 disponível
2025-11-17 09:41:39,643 - INFO - PyPDF2 disponível
2025-11-17 09:41:39,651 - INFO - pikepdf C++ to Python logger bridge initialized
2025-11-17 09:41:39,800 - INFO - pikepdf disponível
2025-11-17 09:41:39,970 - INFO - Janela criada com suporte a Drag & Drop
2025-11-17 09:41:39,970 - INFO - Cleanup registrado no atexit
2025-11-17 09:41:39,970 - INFO - Procurando Ghostscript no sistema...
2025-11-17 09:41:39,970 - INFO - Ghostscript encontrado no PATH: C:\Program Files\gs\gs10.06.0\bin\gswin64c.EXE
2025-11-17 09:41:39,970 - INFO - Perfil ICC encontrado: C:\Program Files\gs\gs10.06.0\iccprofiles\srgb.icc
2025-11-17 09:41:39,970 - INFO - PDF/A disponível: Ghostscript e ICC encontrados
2025-11-17 09:41:40,017 - INFO - ✅ Dependências verificadas:
2025-11-17 09:41:40,017 - INFO -    - PyPDF2: True
2025-11-17 09:41:40,017 - INFO -    - pikepdf: True
2025-11-17 09:41:40,017 - INFO -    - Ghostscript: True
2025-11-17 09:41:40,017 - INFO -    - PDF/A: True
2025-11-17 09:41:40,017 - INFO -    - Drag & Drop: True
2025-11-17 09:41:40,017 - INFO - Status PDF_LIBS_AVAILABLE: True
2025-11-17 09:41:40,017 - INFO - Status GHOSTSCRIPT_PATH: C:\Program Files\gs\gs10.06.0\bin\gswin64c.EXE
2025-11-17 09:41:40,017 - INFO - Status PIKEPDF_AVAILABLE: True
2025-11-17 09:41:40,017 - INFO - Status DND_AVAILABLE: True
2025-11-17 09:41:40,017 - INFO - Status PDFA_AVAILABLE: True
2025-11-17 09:41:40,017 - INFO - ✅ JuntaPDF inicializado com sucesso!
2025-11-17 09:41:40,017 - INFO - 🚀 Iniciando interface gráfica...
2025-11-17 09:41:54,486 - INFO - Iniciando limpeza de arquivos temporários
2025-11-17 09:41:54,518 - INFO - 🧹 Finalizando JuntaPDF...
2025-11-17 09:41:54,518 - INFO - Iniciando limpeza de arquivos temporários
2025-11-17 09:41:54,518 - INFO - Iniciando limpeza de arquivos temporários
2025-11-17 09:45:17,853 - INFO - ============================================================
2025-11-17 09:45:17,853 - INFO - JuntaPDF Iniciado
2025-11-17 09:45:17,853 - INFO - Versão Python: 3.12.1 (tags/v3.12.1:2305ca5, Dec  7 2023, 22:03:25) [MSC v.1937 64 bit (AMD64)]
2025-11-17 09:45:17,853 - INFO - Diretório de Log: C:\Users\Pichau\AppData\Local\Temp\JuntaPDF_Logs
2025-11-17 09:45:17,853 - INFO - Política de retenção: 30 dias
2025-11-17 09:45:17,853 - INFO - Rotacionamento: 10MB
2025-11-17 09:45:17,853 - INFO - tkinterdnd2 disponível
2025-11-17 09:45:17,902 - INFO - PyPDF2 disponível
2025-11-17 09:45:17,902 - INFO - pikepdf C++ to Python logger bridge initialized
2025-11-17 09:45:17,927 - INFO - pikepdf disponível
2025-11-17 09:45:18,054 - INFO - Janela criada com suporte a Drag & Drop
2025-11-17 09:45:18,054 - INFO - Cleanup registrado no atexit
2025-11-17 09:45:18,054 - INFO - Procurando Ghostscript no sistema...
2025-11-17 09:45:18,054 - INFO - Ghostscript encontrado no PATH: C:\Program Files\gs\gs10.06.0\bin\gswin64c.EXE
2025-11-17 09:45:18,054 - INFO - Perfil ICC encontrado: C:\Program Files\gs\gs10.06.0\iccprofiles\srgb.icc
2025-11-17 09:45:18,054 - INFO - PDF/A disponível: Ghostscript e ICC encontrados
2025-11-17 09:45:18,101 - INFO - ✅ Dependências verificadas:
2025-11-17 09:45:18,101 - INFO -    - PyPDF2: True
2025-11-17 09:45:18,101 - INFO -    - pikepdf: True
2025-11-17 09:45:18,101 - INFO -    - Ghostscript: True
2025-11-17 09:45:18,101 - INFO -    - PDF/A: True
2025-11-17 09:45:18,101 - INFO -    - Drag & Drop: True
2025-11-17 09:45:18,101 - INFO - Status PDF_LIBS_AVAILABLE: True
2025-11-17 09:45:18,101 - INFO - Status GHOSTSCRIPT_PATH: C:\Program Files\gs\gs10.06.0\bin\gswin64c.EXE
2025-11-17 09:45:18,101 - INFO - Status PIKEPDF_AVAILABLE: True
2025-11-17 09:45:18,101 - INFO - Status DND_AVAILABLE: True
2025-11-17 09:45:18,101 - INFO - Status PDFA_AVAILABLE: True
2025-11-17 09:45:18,101 - INFO - ✅ JuntaPDF inicializado com sucesso!
2025-11-17 09:45:18,101 - INFO - 🚀 Iniciando interface gráfica...
2025-11-17 09:45:20,173 - INFO - Iniciando limpeza de arquivos temporários
2025-11-17 09:45:20,188 - INFO - 🧹 Finalizando JuntaPDF...
2025-11-17 09:45:20,188 - INFO - Iniciando limpeza de arquivos temporários
2025-11-17 09:45:20,204 - INFO - Iniciando limpeza de arquivos temporários
2025-11-17 10:02:56,738 - INFO - ============================================================
2025-11-17 10:02:56,738 - INFO - JuntaPDF Iniciado
2025-11-17 10:02:56,738 - INFO - Versão Python: 3.12.1 (tags/v3.12.1:2305ca5, Dec  7 2023, 22:03:25) [MSC v.1937 64 bit (AMD64)]
2025-11-17 10:02:56,738 - INFO - Diretório de Log: C:\Users\Pichau\AppData\Local\Temp\JuntaPDF_Logs
2025-11-17 10:02:56,738 - INFO - Política de retenção: 30 dias
2025-11-17 10:02:56,738 - INFO - Rotacionamento: 10MB
2025-11-17 10:02:56,784 - INFO - tkinterdnd2 disponível
2025-11-17 10:02:56,847 - INFO - PyPDF2 disponível
2025-11-17 10:02:56,852 - INFO - pikepdf C++ to Python logger bridge initialized
2025-11-17 10:02:56,893 - INFO - pikepdf disponível
2025-11-17 10:02:56,988 - INFO - Janela criada com suporte a Drag & Drop
2025-11-17 10:02:56,988 - INFO - Cleanup registrado no atexit
2025-11-17 10:02:56,988 - INFO - Procurando Ghostscript no sistema...
2025-11-17 10:02:57,003 - INFO - Ghostscript encontrado no PATH: C:\Program Files\gs\gs10.06.0\bin\gswin64c.EXE
2025-11-17 10:02:57,003 - INFO - Perfil ICC encontrado: C:\Program Files\gs\gs10.06.0\iccprofiles\srgb.icc
2025-11-17 10:02:57,003 - INFO - PDF/A disponível: Ghostscript e ICC encontrados
2025-11-17 10:02:57,496 - INFO - Status PDF_LIBS_AVAILABLE: True
2025-11-17 10:02:57,496 - INFO - Status GHOSTSCRIPT_PATH: C:\Program Files\gs\gs10.06.0\bin\gswin64c.EXE
2025-11-17 10:02:57,496 - INFO - Status PIKEPDF_AVAILABLE: True
2025-11-17 10:02:57,496 - INFO - Status DND_AVAILABLE: True
2025-11-17 10:02:57,496 - INFO - Status PDFA_AVAILABLE: True
2025-11-17 10:02:57,496 - INFO - ✅ JuntaPDF inicializado com sucesso!
2025-11-17 10:02:57,496 - INFO - 🚀 Iniciando interface gráfica...
2025-11-17 10:03:24,709 - INFO - Iniciando limpeza de arquivos temporários
2025-11-17 10:03:24,741 - INFO - 🧹 Finalizando JuntaPDF...
2025-11-17 10:03:24,741 - INFO - Iniciando limpeza de arquivos temporários
2025-11-17 10:03:24,741 - INFO - Iniciando limpeza de arquivos temporários
2025-11-17 10:03:26,113 - INFO - ============================================================
2025-11-17 10:03:26,113 - INFO - JuntaPDF Iniciado
2025-11-17 10:03:26,113 - INFO - Versão Python: 3.12.1 (tags/v3.12.1:2305ca5, Dec  7 2023, 22:03:25) [MSC v.1937 64 bit (AMD64)]
2025-11-17 10:03:26,113 - INFO - Diretório de Log: C:\Users\Pichau\AppData\Local\Temp\JuntaPDF_Logs
2025-11-17 10:03:26,113 - INFO - Política de retenção: 30 dias
2025-11-17 10:03:26,113 - INFO - Rotacionamento: 10MB
2025-11-17 10:03:26,164 - INFO - tkinterdnd2 disponível
2025-11-17 10:03:26,195 - INFO - PyPDF2 disponível
2025-11-17 10:03:26,195 - INFO - pikepdf C++ to Python logger bridge initialized
2025-11-17 10:03:26,243 - INFO - pikepdf disponível
2025-11-17 10:03:26,306 - INFO - Janela criada com suporte a Drag & Drop
2025-11-17 10:03:26,306 - INFO - Cleanup registrado no atexit
2025-11-17 10:03:26,306 - INFO - Procurando Ghostscript no sistema...
2025-11-17 10:03:26,306 - INFO - Ghostscript encontrado no PATH: C:\Program Files\gs\gs10.06.0\bin\gswin64c.EXE
2025-11-17 10:03:26,306 - INFO - Perfil ICC encontrado: C:\Program Files\gs\gs10.06.0\iccprofiles\srgb.icc
2025-11-17 10:03:26,306 - INFO - PDF/A disponível: Ghostscript e ICC encontrados
2025-11-17 10:03:26,671 - INFO - Status PDF_LIBS_AVAILABLE: True
2025-11-17 10:03:26,671 - INFO - Status GHOSTSCRIPT_PATH: C:\Program Files\gs\gs10.06.0\bin\gswin64c.EXE
2025-11-17 10:03:26,671 - INFO - Status PIKEPDF_AVAILABLE: True
2025-11-17 10:03:26,671 - INFO - Status DND_AVAILABLE: True
2025-11-17 10:03:26,671 - INFO - Status PDFA_AVAILABLE: True
2025-11-17 10:03:26,671 - INFO - ✅ JuntaPDF inicializado com sucesso!
2025-11-17 10:03:26,671 - INFO - 🚀 Iniciando interface gráfica...
2025-11-17 10:13:28,640 - INFO - Iniciando limpeza de arquivos temporários
2025-11-17 10:13:28,683 - INFO - 🧹 Finalizando JuntaPDF...
2025-11-17 10:13:28,683 - INFO - Iniciando limpeza de arquivos temporários
2025-11-17 10:13:28,686 - INFO - Iniciando limpeza de arquivos temporários
2025-11-17 10:16:50,782 - INFO - ============================================================
2025-11-17 10:16:50,782 - INFO - JuntaPDF Iniciado
2025-11-17 10:16:50,782 - INFO - Versão Python: 3.12.1 (tags/v3.12.1:2305ca5, Dec  7 2023, 22:03:25) [MSC v.1937 64 bit (AMD64)]
2025-11-17 10:16:50,782 - INFO - Diretório de Log: C:\Users\Pichau\AppData\Local\Temp\JuntaPDF_Logs
2025-11-17 10:16:50,783 - INFO - Política de retenção: 30 dias
2025-11-17 10:16:50,783 - INFO - Rotacionamento: 10MB
2025-11-17 10:16:50,787 - INFO - tkinterdnd2 disponível
2025-11-17 10:16:50,841 - INFO - PyPDF2 disponível
2025-11-17 10:16:50,843 - INFO - pikepdf C++ to Python logger bridge initialized
2025-11-17 10:16:50,882 - INFO - pikepdf disponível
2025-11-17 10:16:50,974 - INFO - Janela criada com suporte a Drag & Drop
2025-11-17 10:16:50,974 - INFO - Cleanup registrado no atexit
2025-11-17 10:16:50,974 - INFO - Procurando Ghostscript no sistema...
2025-11-17 10:16:50,974 - INFO - Ghostscript encontrado no PATH: C:\Program Files\gs\gs10.06.0\bin\gswin64c.EXE
2025-11-17 10:16:50,974 - INFO - Perfil ICC encontrado: C:\Program Files\gs\gs10.06.0\iccprofiles\srgb.icc
2025-11-17 10:16:50,974 - INFO - PDF/A disponível: Ghostscript e ICC encontrados
2025-11-17 10:16:51,316 - ERROR - Exceção não tratada: NameError: name 'merge_filename_entry' is not defined
NoneType: None
2025-11-17 10:17:30,495 - INFO - Iniciando limpeza de arquivos temporários
2025-11-17 10:17:35,263 - INFO - ============================================================
2025-11-17 10:17:35,263 - INFO - JuntaPDF Iniciado
2025-11-17 10:17:35,263 - INFO - Versão Python: 3.12.1 (tags/v3.12.1:2305ca5, Dec  7 2023, 22:03:25) [MSC v.1937 64 bit (AMD64)]
2025-11-17 10:17:35,263 - INFO - Diretório de Log: C:\Users\Pichau\AppData\Local\Temp\JuntaPDF_Logs
2025-11-17 10:17:35,263 - INFO - Política de retenção: 30 dias
2025-11-17 10:17:35,263 - INFO - Rotacionamento: 10MB
2025-11-17 10:17:35,263 - INFO - tkinterdnd2 disponível
2025-11-17 10:17:35,310 - INFO - PyPDF2 disponível
2025-11-17 10:17:35,310 - INFO - pikepdf C++ to Python logger bridge initialized
2025-11-17 10:17:35,342 - INFO - pikepdf disponível
2025-11-17 10:17:35,421 - INFO - Janela criada com suporte a Drag & Drop
2025-11-17 10:17:35,421 - INFO - Cleanup registrado no atexit
2025-11-17 10:17:35,421 - INFO - Procurando Ghostscript no sistema...
2025-11-17 10:17:35,437 - INFO - Ghostscript encontrado no PATH: C:\Program Files\gs\gs10.06.0\bin\gswin64c.EXE
2025-11-17 10:17:35,437 - INFO - Perfil ICC encontrado: C:\Program Files\gs\gs10.06.0\iccprofiles\srgb.icc
2025-11-17 10:17:35,437 - INFO - PDF/A disponível: Ghostscript e ICC encontrados
2025-11-17 10:17:35,740 - ERROR - Exceção não tratada: NameError: name 'merge_filename_entry' is not defined
NoneType: None
2025-11-17 10:17:49,319 - INFO - Iniciando limpeza de arquivos temporários
2025-11-17 11:21:16,313 - INFO - ============================================================
2025-11-17 11:21:16,313 - INFO - JuntaPDF Iniciado
2025-11-17 11:21:16,313 - INFO - Versão Python: 3.12.1 (tags/v3.12.1:2305ca5, Dec  7 2023, 22:03:25) [MSC v.1937 64 bit (AMD64)]
2025-11-17 11:21:16,313 - INFO - Diretório de Log: C:\Users\Pichau\AppData\Local\Temp\JuntaPDF_Logs
2025-11-17 11:21:16,313 - INFO - Política de retenção: 30 dias
2025-11-17 11:21:16,313 - INFO - Rotacionamento: 10MB
2025-11-17 11:21:16,320 - INFO - tkinterdnd2 disponível
2025-11-17 11:21:16,373 - INFO - PyPDF2 disponível
2025-11-17 11:21:16,421 - INFO - pikepdf C++ to Python logger bridge initialized
2025-11-17 11:21:16,548 - INFO - pikepdf disponível
2025-11-17 11:21:17,197 - INFO - Janela criada com suporte a Drag & Drop
2025-11-17 11:21:17,197 - INFO - Cleanup registrado no atexit
2025-11-17 11:21:17,197 - INFO - Procurando Ghostscript no sistema...
2025-11-17 11:21:17,197 - INFO - Ghostscript encontrado no PATH: C:\Program Files\gs\gs10.06.0\bin\gswin64c.EXE
2025-11-17 11:21:17,197 - INFO - Perfil ICC encontrado: C:\Program Files\gs\gs10.06.0\iccprofiles\srgb.icc
2025-11-17 11:21:17,197 - INFO - PDF/A disponível: Ghostscript e ICC encontrados
2025-11-17 11:21:17,545 - ERROR - Exceção não tratada: NameError: name 'split_pages_entry' is not defined
NoneType: None
2025-11-17 11:21:19,529 - INFO - Trace do compress_var configurado
2025-11-17 11:21:19,529 - INFO - Trace do pdfa_var configurado
2025-11-17 11:21:19,533 - INFO - Trace do protect_var configurado
2025-11-17 11:21:19,534 - INFO - Preview inicial atualizado
2025-11-17 11:21:20,877 - INFO - Iniciando limpeza de arquivos temporários
2025-11-17 11:21:22,897 - INFO - ============================================================
2025-11-17 11:21:22,897 - INFO - JuntaPDF Iniciado
2025-11-17 11:21:22,897 - INFO - Versão Python: 3.12.1 (tags/v3.12.1:2305ca5, Dec  7 2023, 22:03:25) [MSC v.1937 64 bit (AMD64)]
2025-11-17 11:21:22,897 - INFO - Diretório de Log: C:\Users\Pichau\AppData\Local\Temp\JuntaPDF_Logs
2025-11-17 11:21:22,897 - INFO - Política de retenção: 30 dias
2025-11-17 11:21:22,897 - INFO - Rotacionamento: 10MB
2025-11-17 11:21:22,901 - INFO - tkinterdnd2 disponível
2025-11-17 11:21:22,959 - INFO - PyPDF2 disponível
2025-11-17 11:21:22,963 - INFO - pikepdf C++ to Python logger bridge initialized
2025-11-17 11:21:23,005 - INFO - pikepdf disponível
2025-11-17 11:21:23,093 - INFO - Janela criada com suporte a Drag & Drop
2025-11-17 11:21:23,093 - INFO - Cleanup registrado no atexit
2025-11-17 11:21:23,093 - INFO - Procurando Ghostscript no sistema...
2025-11-17 11:21:23,096 - INFO - Ghostscript encontrado no PATH: C:\Program Files\gs\gs10.06.0\bin\gswin64c.EXE
2025-11-17 11:21:23,096 - INFO - Perfil ICC encontrado: C:\Program Files\gs\gs10.06.0\iccprofiles\srgb.icc
2025-11-17 11:21:23,096 - INFO - PDF/A disponível: Ghostscript e ICC encontrados
2025-11-17 11:21:23,414 - ERROR - Exceção não tratada: NameError: name 'split_pages_entry' is not defined
NoneType: None
2025-11-17 11:21:25,436 - INFO - Trace do compress_var configurado
2025-11-17 11:21:25,436 - INFO - Trace do pdfa_var configurado
2025-11-17 11:21:25,436 - INFO - Trace do protect_var configurado
2025-11-17 11:21:25,437 - INFO - Preview inicial atualizado
2025-11-17 11:21:33,713 - INFO - Iniciando limpeza de arquivos temporários
2025-11-17 11:32:30,665 - INFO - ============================================================
2025-11-17 11:32:30,665 - INFO - JuntaPDF Iniciado
2025-11-17 11:32:30,665 - INFO - Versão Python: 3.12.1 (tags/v3.12.1:2305ca5, Dec  7 2023, 22:03:25) [MSC v.1937 64 bit (AMD64)]
2025-11-17 11:32:30,665 - INFO - Diretório de Log: C:\Users\Pichau\AppData\Local\Temp\JuntaPDF_Logs
2025-11-17 11:32:30,665 - INFO - Política de retenção: 30 dias
2025-11-17 11:32:30,665 - INFO - Rotacionamento: 10MB
2025-11-17 11:32:30,681 - INFO - tkinterdnd2 disponível
2025-11-17 11:32:30,731 - INFO - PyPDF2 disponível
2025-11-17 11:32:30,731 - INFO - pikepdf C++ to Python logger bridge initialized
2025-11-17 11:32:30,776 - INFO - pikepdf disponível
2025-11-17 11:32:30,909 - INFO - Janela criada com suporte a Drag & Drop
2025-11-17 11:32:30,909 - INFO - Cleanup registrado no atexit
2025-11-17 11:32:30,909 - INFO - Procurando Ghostscript no sistema...
2025-11-17 11:32:30,909 - INFO - Ghostscript encontrado no PATH: C:\Program Files\gs\gs10.06.0\bin\gswin64c.EXE
2025-11-17 11:32:30,909 - INFO - Perfil ICC encontrado: C:\Program Files\gs\gs10.06.0\iccprofiles\srgb.icc
2025-11-17 11:32:30,909 - INFO - PDF/A disponível: Ghostscript e ICC encontrados
2025-11-17 11:32:31,251 - ERROR - Exceção não tratada: NameError: name 'split_pages_entry' is not defined
NoneType: None
2025-11-17 11:32:33,261 - INFO - Trace do compress_var configurado
2025-11-17 11:32:33,261 - INFO - Trace do pdfa_var configurado
2025-11-17 11:32:33,261 - INFO - Trace do protect_var configurado
2025-11-17 11:32:33,261 - INFO - Preview inicial atualizado
2025-11-17 11:32:33,295 - INFO - Iniciando limpeza de arquivos temporários
2025-11-17 11:33:46,987 - INFO - ============================================================
2025-11-17 11:33:46,987 - INFO - JuntaPDF Iniciado
2025-11-17 11:33:46,988 - INFO - Versão Python: 3.12.1 (tags/v3.12.1:2305ca5, Dec  7 2023, 22:03:25) [MSC v.1937 64 bit (AMD64)]
2025-11-17 11:33:46,988 - INFO - Diretório de Log: C:\Users\Pichau\AppData\Local\Temp\JuntaPDF_Logs
2025-11-17 11:33:46,988 - INFO - Política de retenção: 30 dias
2025-11-17 11:33:46,988 - INFO - Rotacionamento: 10MB
2025-11-17 11:33:46,992 - INFO - tkinterdnd2 disponível
2025-11-17 11:33:47,042 - INFO - PyPDF2 disponível
2025-11-17 11:33:47,045 - INFO - pikepdf C++ to Python logger bridge initialized
2025-11-17 11:33:47,084 - INFO - pikepdf disponível
2025-11-17 11:33:47,179 - INFO - Janela criada com suporte a Drag & Drop
2025-11-17 11:33:47,180 - INFO - Cleanup registrado no atexit
2025-11-17 11:33:47,180 - INFO - Procurando Ghostscript no sistema...
2025-11-17 11:33:47,182 - INFO - Ghostscript encontrado no PATH: C:\Program Files\gs\gs10.06.0\bin\gswin64c.EXE
2025-11-17 11:33:47,182 - INFO - Perfil ICC encontrado: C:\Program Files\gs\gs10.06.0\iccprofiles\srgb.icc
2025-11-17 11:33:47,182 - INFO - PDF/A disponível: Ghostscript e ICC encontrados
2025-11-17 11:33:47,518 - ERROR - Exceção não tratada: NameError: name 'merge_list' is not defined
NoneType: None
2025-11-17 11:33:49,528 - INFO - Trace do compress_var configurado
2025-11-17 11:33:49,530 - INFO - Trace do pdfa_var configurado
2025-11-17 11:33:49,530 - INFO - Trace do protect_var configurado
2025-11-17 11:33:49,530 - INFO - Preview inicial atualizado
2025-11-17 11:34:22,576 - INFO - Iniciando limpeza de arquivos temporários
2025-11-17 11:47:49,435 - INFO - ============================================================
2025-11-17 11:47:49,435 - INFO - JuntaPDF Iniciado
2025-11-17 11:47:49,435 - INFO - Versão Python: 3.12.1 (tags/v3.12.1:2305ca5, Dec  7 2023, 22:03:25) [MSC v.1937 64 bit (AMD64)]
2025-11-17 11:47:49,435 - INFO - Diretório de Log: C:\Users\Pichau\AppData\Local\Temp\JuntaPDF_Logs
2025-11-17 11:47:49,435 - INFO - Política de retenção: 30 dias
2025-11-17 11:47:49,435 - INFO - Rotacionamento: 10MB
2025-11-17 11:47:49,441 - INFO - tkinterdnd2 disponível
2025-11-17 11:47:49,489 - INFO - PyPDF2 disponível
2025-11-17 11:47:49,489 - INFO - pikepdf C++ to Python logger bridge initialized
2025-11-17 11:47:49,551 - INFO - pikepdf disponível
2025-11-17 11:47:49,677 - INFO - Janela criada com suporte a Drag & Drop
2025-11-17 11:47:49,677 - INFO - Cleanup registrado no atexit
2025-11-17 11:47:49,677 - INFO - Procurando Ghostscript no sistema...
2025-11-17 11:47:49,677 - INFO - Ghostscript encontrado no PATH: C:\Program Files\gs\gs10.06.0\bin\gswin64c.EXE
2025-11-17 11:47:49,677 - INFO - Perfil ICC encontrado: C:\Program Files\gs\gs10.06.0\iccprofiles\srgb.icc
2025-11-17 11:47:49,677 - INFO - PDF/A disponível: Ghostscript e ICC encontrados
2025-11-17 11:47:49,961 - ERROR - Exceção não tratada: NameError: name 'merge_filename_entry' is not defined
NoneType: None
2025-11-17 11:51:32,570 - INFO - Iniciando limpeza de arquivos temporários
2025-11-17 12:02:26,696 - INFO - ============================================================
2025-11-17 12:02:26,696 - INFO - JuntaPDF Iniciado
2025-11-17 12:02:26,696 - INFO - Versão Python: 3.12.1 (tags/v3.12.1:2305ca5, Dec  7 2023, 22:03:25) [MSC v.1937 64 bit (AMD64)]
2025-11-17 12:02:26,696 - INFO - Diretório de Log: C:\Users\Pichau\AppData\Local\Temp\JuntaPDF_Logs
2025-11-17 12:02:26,696 - INFO - Política de retenção: 30 dias
2025-11-17 12:02:26,696 - INFO - Rotacionamento: 10MB
2025-11-17 12:02:26,696 - INFO - tkinterdnd2 disponível
2025-11-17 12:02:26,744 - INFO - PyPDF2 disponível
2025-11-17 12:02:26,756 - INFO - pikepdf C++ to Python logger bridge initialized
2025-11-17 12:02:26,803 - INFO - pikepdf disponível
2025-11-17 12:02:26,920 - INFO - Janela criada com suporte a Drag & Drop
2025-11-17 12:02:26,920 - INFO - Cleanup registrado no atexit
2025-11-17 12:02:26,920 - INFO - Procurando Ghostscript no sistema...
2025-11-17 12:02:26,920 - INFO - Ghostscript encontrado no PATH: C:\Program Files\gs\gs10.06.0\bin\gswin64c.EXE
2025-11-17 12:02:26,920 - INFO - Perfil ICC encontrado: C:\Program Files\gs\gs10.06.0\iccprofiles\srgb.icc
2025-11-17 12:02:26,920 - INFO - PDF/A disponível: Ghostscript e ICC encontrados
2025-11-17 12:02:27,009 - INFO - ✅ Dependências verificadas:
2025-11-17 12:02:27,009 - INFO -    - PyPDF2: True
2025-11-17 12:02:27,009 - INFO -    - pikepdf: True
2025-11-17 12:02:27,009 - INFO -    - Ghostscript: True
2025-11-17 12:02:27,009 - INFO -    - PDF/A: True
2025-11-17 12:02:27,009 - INFO -    - Drag & Drop: True
2025-11-17 12:02:27,009 - INFO - Status PDF_LIBS_AVAILABLE: True
2025-11-17 12:02:27,009 - INFO - Status GHOSTSCRIPT_PATH: C:\Program Files\gs\gs10.06.0\bin\gswin64c.EXE
2025-11-17 12:02:27,009 - INFO - Status PIKEPDF_AVAILABLE: True
2025-11-17 12:02:27,009 - INFO - Status DND_AVAILABLE: True
2025-11-17 12:02:27,009 - INFO - Status PDFA_AVAILABLE: True
2025-11-17 12:02:27,009 - INFO - ✅ JuntaPDF inicializado com sucesso!
2025-11-17 12:02:27,009 - INFO - 🚀 Iniciando interface gráfica...
2025-11-17 12:02:28,185 - INFO - Iniciando limpeza de arquivos temporários
2025-11-17 12:02:28,217 - INFO - 🧹 Finalizando JuntaPDF...
2025-11-17 12:02:28,217 - INFO - Iniciando limpeza de arquivos temporários
2025-11-17 12:02:28,217 - INFO - Iniciando limpeza de arquivos temporários
2025-11-17 12:03:23,990 - INFO - ============================================================
2025-11-17 12:03:23,990 - INFO - JuntaPDF Iniciado
2025-11-17 12:03:23,990 - INFO - Versão Python: 3.12.1 (tags/v3.12.1:2305ca5, Dec  7 2023, 22:03:25) [MSC v.1937 64 bit (AMD64)]
2025-11-17 12:03:23,990 - INFO - Diretório de Log: C:\Users\Pichau\AppData\Local\Temp\JuntaPDF_Logs
2025-11-17 12:03:23,990 - INFO - Política de retenção: 30 dias
2025-11-17 12:03:23,990 - INFO - Rotacionamento: 10MB
2025-11-17 12:03:23,990 - INFO - tkinterdnd2 disponível
2025-11-17 12:03:24,038 - INFO - PyPDF2 disponível
2025-11-17 12:03:24,054 - INFO - pikepdf C++ to Python logger bridge initialized
2025-11-17 12:03:24,094 - INFO - pikepdf disponível
2025-11-17 12:03:24,164 - INFO - Janela criada com suporte a Drag & Drop
2025-11-17 12:03:24,164 - INFO - Cleanup registrado no atexit
2025-11-17 12:03:24,164 - INFO - Procurando Ghostscript no sistema...
2025-11-17 12:03:24,164 - INFO - Ghostscript encontrado no PATH: C:\Program Files\gs\gs10.06.0\bin\gswin64c.EXE
2025-11-17 12:03:24,164 - INFO - Perfil ICC encontrado: C:\Program Files\gs\gs10.06.0\iccprofiles\srgb.icc
2025-11-17 12:03:24,164 - INFO - PDF/A disponível: Ghostscript e ICC encontrados
2025-11-17 12:03:24,211 - INFO - ✅ Dependências verificadas:
2025-11-17 12:03:24,211 - INFO -    - PyPDF2: True
2025-11-17 12:03:24,211 - INFO -    - pikepdf: True
2025-11-17 12:03:24,211 - INFO -    - Ghostscript: True
2025-11-17 12:03:24,211 - INFO -    - PDF/A: True
2025-11-17 12:03:24,211 - INFO -    - Drag & Drop: True
2025-11-17 12:03:24,211 - INFO - Status PDF_LIBS_AVAILABLE: True
2025-11-17 12:03:24,211 - INFO - Status GHOSTSCRIPT_PATH: C:\Program Files\gs\gs10.06.0\bin\gswin64c.EXE
2025-11-17 12:03:24,211 - INFO - Status PIKEPDF_AVAILABLE: True
2025-11-17 12:03:24,211 - INFO - Status DND_AVAILABLE: True
2025-11-17 12:03:24,211 - INFO - Status PDFA_AVAILABLE: True
2025-11-17 12:03:24,211 - INFO - ✅ JuntaPDF inicializado com sucesso!
2025-11-17 12:03:24,211 - INFO - 🚀 Iniciando interface gráfica...
2025-11-17 12:32:52,104 - INFO - ============================================================
2025-11-17 12:32:52,104 - INFO - JuntaPDF Iniciado
2025-11-17 12:32:52,104 - INFO - Versão Python: 3.12.1 (tags/v3.12.1:2305ca5, Dec  7 2023, 22:03:25) [MSC v.1937 64 bit (AMD64)]
2025-11-17 12:32:52,104 - INFO - Diretório de Log: C:\Users\Pichau\AppData\Local\Temp\JuntaPDF_Logs
2025-11-17 12:32:52,104 - INFO - Política de retenção: 30 dias
2025-11-17 12:32:52,104 - INFO - Rotacionamento: 10MB
2025-11-17 12:32:52,104 - INFO - tkinterdnd2 disponível
2025-11-17 12:32:52,168 - INFO - PyPDF2 disponível
2025-11-17 12:32:52,168 - INFO - pikepdf C++ to Python logger bridge initialized
2025-11-17 12:32:52,219 - INFO - pikepdf disponível
2025-11-17 12:32:52,342 - INFO - Janela criada com suporte a Drag & Drop
2025-11-17 12:32:52,342 - INFO - Cleanup registrado no atexit
2025-11-17 12:32:52,342 - INFO - Procurando Ghostscript no sistema...
2025-11-17 12:32:52,342 - INFO - Ghostscript encontrado no PATH: C:\Program Files\gs\gs10.06.0\bin\gswin64c.EXE
2025-11-17 12:32:52,342 - INFO - Perfil ICC encontrado: C:\Program Files\gs\gs10.06.0\iccprofiles\srgb.icc
2025-11-17 12:32:52,342 - INFO - PDF/A disponível: Ghostscript e ICC encontrados
2025-11-17 12:32:52,452 - INFO - ✅ Dependências verificadas:
2025-11-17 12:32:52,452 - INFO -    - PyPDF2: True
2025-11-17 12:32:52,452 - INFO -    - pikepdf: True
2025-11-17 12:32:52,452 - INFO -    - Ghostscript: True
2025-11-17 12:32:52,452 - INFO -    - PDF/A: True
2025-11-17 12:32:52,452 - INFO -    - Drag & Drop: True
2025-11-17 12:32:52,452 - INFO - Status PDF_LIBS_AVAILABLE: True
2025-11-17 12:32:52,452 - INFO - Status GHOSTSCRIPT_PATH: C:\Program Files\gs\gs10.06.0\bin\gswin64c.EXE
2025-11-17 12:32:52,452 - INFO - Status PIKEPDF_AVAILABLE: True
2025-11-17 12:32:52,452 - INFO - Status DND_AVAILABLE: True
2025-11-17 12:32:52,452 - INFO - Status PDFA_AVAILABLE: True
2025-11-17 12:32:52,452 - INFO - ✅ JuntaPDF inicializado com sucesso!
2025-11-17 12:32:52,452 - INFO - 🚀 Iniciando interface gráfica...
2025-11-17 12:32:58,876 - INFO - Arquivo adicionado: $11_default_titlePri..._unido_6arquivos_2025-11-13_2319.pdf
2025-11-17 12:32:58,876 - INFO - Arquivo adicionado: paginateste1_unido_3arquivos_2025-11-13_2317.pdf
2025-11-17 12:32:58,883 - INFO - Arquivo adicionado: paginateste3_unido_3arquivos_2025-11-13_2314.pdf
2025-11-17 12:32:58,901 - INFO - Arquivo adicionado: cnu matricula_p1240-1300_PDFA.pdf
2025-11-17 12:32:59,080 - INFO - Arquivo adicionado: cnu matricula.pdf
2025-11-17 12:33:21,579 - INFO - Iniciando limpeza de arquivos temporários
2025-11-17 12:33:21,626 - INFO - 🧹 Finalizando JuntaPDF...
2025-11-17 12:33:21,626 - INFO - Iniciando limpeza de arquivos temporários
2025-11-17 12:33:21,626 - INFO - Iniciando limpeza de arquivos temporários
2025-11-17 12:33:23,119 - INFO - ============================================================
2025-11-17 12:33:23,119 - INFO - JuntaPDF Iniciado
2025-11-17 12:33:23,119 - INFO - Versão Python: 3.12.1 (tags/v3.12.1:2305ca5, Dec  7 2023, 22:03:25) [MSC v.1937 64 bit (AMD64)]
2025-11-17 12:33:23,119 - INFO - Diretório de Log: C:\Users\Pichau\AppData\Local\Temp\JuntaPDF_Logs
2025-11-17 12:33:23,119 - INFO - Política de retenção: 30 dias
2025-11-17 12:33:23,119 - INFO - Rotacionamento: 10MB
2025-11-17 12:33:23,119 - INFO - tkinterdnd2 disponível
2025-11-17 12:33:23,170 - INFO - PyPDF2 disponível
2025-11-17 12:33:23,170 - INFO - pikepdf C++ to Python logger bridge initialized
2025-11-17 12:33:23,198 - INFO - pikepdf disponível
2025-11-17 12:33:23,281 - INFO - Janela criada com suporte a Drag & Drop
2025-11-17 12:33:23,281 - INFO - Cleanup registrado no atexit
2025-11-17 12:33:23,281 - INFO - Procurando Ghostscript no sistema...
2025-11-17 12:33:23,281 - INFO - Ghostscript encontrado no PATH: C:\Program Files\gs\gs10.06.0\bin\gswin64c.EXE
2025-11-17 12:33:23,281 - INFO - Perfil ICC encontrado: C:\Program Files\gs\gs10.06.0\iccprofiles\srgb.icc
2025-11-17 12:33:23,281 - INFO - PDF/A disponível: Ghostscript e ICC encontrados
2025-11-17 12:33:23,325 - INFO - ✅ Dependências verificadas:
2025-11-17 12:33:23,325 - INFO -    - PyPDF2: True
2025-11-17 12:33:23,325 - INFO -    - pikepdf: True
2025-11-17 12:33:23,325 - INFO -    - Ghostscript: True
2025-11-17 12:33:23,325 - INFO -    - PDF/A: True
2025-11-17 12:33:23,325 - INFO -    - Drag & Drop: True
2025-11-17 12:33:23,325 - INFO - Status PDF_LIBS_AVAILABLE: True
2025-11-17 12:33:23,325 - INFO - Status GHOSTSCRIPT_PATH: C:\Program Files\gs\gs10.06.0\bin\gswin64c.EXE
2025-11-17 12:33:23,325 - INFO - Status PIKEPDF_AVAILABLE: True
2025-11-17 12:33:23,325 - INFO - Status DND_AVAILABLE: True
2025-11-17 12:33:23,325 - INFO - Status PDFA_AVAILABLE: True
2025-11-17 12:33:23,325 - INFO - ✅ JuntaPDF inicializado com sucesso!
2025-11-17 12:33:23,325 - INFO - 🚀 Iniciando interface gráfica...
2025-11-17 12:38:33,813 - INFO - ============================================================
2025-11-17 12:38:33,813 - INFO - JuntaPDF Iniciado
2025-11-17 12:38:33,813 - INFO - Versão Python: 3.12.1 (tags/v3.12.1:2305ca5, Dec  7 2023, 22:03:25) [MSC v.1937 64 bit (AMD64)]
2025-11-17 12:38:33,813 - INFO - Diretório de Log: C:\Users\Pichau\AppData\Local\Temp\JuntaPDF_Logs
2025-11-17 12:38:33,813 - INFO - Política de retenção: 30 dias
2025-11-17 12:38:33,813 - INFO - Rotacionamento: 10MB
2025-11-17 12:38:33,813 - INFO - tkinterdnd2 disponível
2025-11-17 12:38:33,860 - INFO - PyPDF2 disponível
2025-11-17 12:38:33,860 - INFO - pikepdf C++ to Python logger bridge initialized
2025-11-17 12:38:33,892 - INFO - pikepdf disponível
2025-11-17 12:38:34,019 - INFO - Janela criada com suporte a Drag & Drop
2025-11-17 12:38:34,019 - INFO - Cleanup registrado no atexit
2025-11-17 12:38:34,019 - INFO - Procurando Ghostscript no sistema...
2025-11-17 12:38:34,019 - INFO - Ghostscript encontrado no PATH: C:\Program Files\gs\gs10.06.0\bin\gswin64c.EXE
2025-11-17 12:38:34,019 - INFO - Perfil ICC encontrado: C:\Program Files\gs\gs10.06.0\iccprofiles\srgb.icc
2025-11-17 12:38:34,019 - INFO - PDF/A disponível: Ghostscript e ICC encontrados
2025-11-17 12:38:34,129 - INFO - ✅ Dependências verificadas:
2025-11-17 12:38:34,129 - INFO -    - PyPDF2: True
2025-11-17 12:38:34,129 - INFO -    - pikepdf: True
2025-11-17 12:38:34,129 - INFO -    - Ghostscript: True
2025-11-17 12:38:34,129 - INFO -    - PDF/A: True
2025-11-17 12:38:34,129 - INFO -    - Drag & Drop: True
2025-11-17 12:38:34,129 - INFO - Status PDF_LIBS_AVAILABLE: True
2025-11-17 12:38:34,129 - INFO - Status GHOSTSCRIPT_PATH: C:\Program Files\gs\gs10.06.0\bin\gswin64c.EXE
2025-11-17 12:38:34,129 - INFO - Status PIKEPDF_AVAILABLE: True
2025-11-17 12:38:34,129 - INFO - Status DND_AVAILABLE: True
2025-11-17 12:38:34,129 - INFO - Status PDFA_AVAILABLE: True
2025-11-17 12:38:34,129 - INFO - ✅ JuntaPDF inicializado com sucesso!
2025-11-17 12:38:34,129 - INFO - 🚀 Iniciando interface gráfica...
2025-11-17 12:39:24,856 - INFO - Iniciando limpeza de arquivos temporários
2025-11-17 12:39:24,888 - INFO - 🧹 Finalizando JuntaPDF...
2025-11-17 12:39:24,888 - INFO - Iniciando limpeza de arquivos temporários
2025-11-17 12:39:24,897 - INFO - Iniciando limpeza de arquivos temporários
2025-11-17 12:39:25,420 - INFO - Iniciando limpeza de arquivos temporários
2025-11-17 12:39:25,452 - INFO - 🧹 Finalizando JuntaPDF...
2025-11-17 12:39:25,452 - INFO - Iniciando limpeza de arquivos temporários
2025-11-17 12:39:25,465 - INFO - Iniciando limpeza de arquivos temporários
2025-11-17 12:43:39,726 - INFO - ============================================================
2025-11-17 12:43:39,726 - INFO - JuntaPDF Iniciado
2025-11-17 12:43:39,726 - INFO - Versão Python: 3.12.1 (tags/v3.12.1:2305ca5, Dec  7 2023, 22:03:25) [MSC v.1937 64 bit (AMD64)]
2025-11-17 12:43:39,726 - INFO - Diretório de Log: C:\Users\Pichau\AppData\Local\Temp\JuntaPDF_Logs
2025-11-17 12:43:39,726 - INFO - Política de retenção: 30 dias
2025-11-17 12:43:39,726 - INFO - Rotacionamento: 10MB
2025-11-17 12:43:39,741 - INFO - tkinterdnd2 disponível
2025-11-17 12:43:39,789 - INFO - PyPDF2 disponível
2025-11-17 12:43:39,789 - INFO - pikepdf C++ to Python logger bridge initialized
2025-11-17 12:43:39,840 - INFO - pikepdf disponível
2025-11-17 12:43:39,947 - INFO - Janela criada com suporte a Drag & Drop
2025-11-17 12:43:39,947 - INFO - Cleanup registrado no atexit
2025-11-17 12:43:39,963 - INFO - Procurando Ghostscript no sistema...
2025-11-17 12:43:39,963 - INFO - Ghostscript encontrado no PATH: C:\Program Files\gs\gs10.06.0\bin\gswin64c.EXE
2025-11-17 12:43:39,963 - INFO - Perfil ICC encontrado: C:\Program Files\gs\gs10.06.0\iccprofiles\srgb.icc
2025-11-17 12:43:39,963 - INFO - PDF/A disponível: Ghostscript e ICC encontrados
2025-11-17 12:43:39,995 - INFO - ✅ Dependências verificadas:
2025-11-17 12:43:39,995 - INFO -    - PyPDF2: True
2025-11-17 12:43:39,995 - INFO -    - pikepdf: True
2025-11-17 12:43:39,995 - INFO -    - Ghostscript: True
2025-11-17 12:43:39,995 - INFO -    - PDF/A: True
2025-11-17 12:43:39,995 - INFO -    - Drag & Drop: True
2025-11-17 12:43:39,995 - INFO - Status PDF_LIBS_AVAILABLE: True
2025-11-17 12:43:39,995 - INFO - Status GHOSTSCRIPT_PATH: C:\Program Files\gs\gs10.06.0\bin\gswin64c.EXE
2025-11-17 12:43:39,995 - INFO - Status PIKEPDF_AVAILABLE: True
2025-11-17 12:43:39,995 - INFO - Status DND_AVAILABLE: True
2025-11-17 12:43:39,995 - INFO - Status PDFA_AVAILABLE: True
2025-11-17 12:43:39,995 - INFO - ✅ JuntaPDF inicializado com sucesso!
2025-11-17 12:43:39,995 - INFO - 🚀 Iniciando interface gráfica...
2025-11-17 12:47:20,081 - INFO - Arquivo adicionado: $11_default_titlePri..._unido_6arquivos_2025-11-13_2319.pdf
2025-11-17 12:47:20,090 - INFO - Arquivo adicionado: paginateste1_unido_3arquivos_2025-11-13_2317.pdf
2025-11-17 12:47:20,095 - INFO - Arquivo adicionado: paginateste3_unido_3arquivos_2025-11-13_2314.pdf
2025-11-17 12:47:41,882 - INFO - Iniciando união de 3 arquivos -> C:/Users/Pichau/Downloads\$11_default_titlePri..._unido_3arquivos_2025-11-17_1247.pdf
2025-11-17 12:47:43,294 - INFO - PDF unido criado e validado: C:/Users/Pichau/Downloads\$11_default_titlePri..._unido_3arquivos_2025-11-17_1247.pdf (20.1 MB) - PDF válido (42 páginas, 20.07 MB)
2025-11-17 12:47:46,367 - INFO - Pasta aberta: C:/Users/Pichau/Downloads
2025-11-17 12:48:28,737 - INFO - Iniciando limpeza de arquivos temporários
2025-11-17 12:48:28,785 - INFO - 🧹 Finalizando JuntaPDF...
2025-11-17 12:48:28,785 - INFO - Iniciando limpeza de arquivos temporários
2025-11-17 12:48:28,792 - INFO - Iniciando limpeza de arquivos temporários
2025-11-17 12:48:59,752 - INFO - ============================================================
2025-11-17 12:48:59,752 - INFO - JuntaPDF Iniciado
2025-11-17 12:48:59,752 - INFO - Versão Python: 3.12.1 (tags/v3.12.1:2305ca5, Dec  7 2023, 22:03:25) [MSC v.1937 64 bit (AMD64)]
2025-11-17 12:48:59,752 - INFO - Diretório de Log: C:\Users\Pichau\AppData\Local\Temp\JuntaPDF_Logs
2025-11-17 12:48:59,752 - INFO - Política de retenção: 30 dias
2025-11-17 12:48:59,752 - INFO - Rotacionamento: 10MB
2025-11-17 12:48:59,752 - INFO - tkinterdnd2 disponível
2025-11-17 12:48:59,812 - INFO - PyPDF2 disponível
2025-11-17 12:48:59,812 - INFO - pikepdf C++ to Python logger bridge initialized
2025-11-17 12:48:59,860 - INFO - pikepdf disponível
2025-11-17 12:48:59,974 - INFO - Janela criada com suporte a Drag & Drop
2025-11-17 12:48:59,974 - INFO - Cleanup registrado no atexit
2025-11-17 12:48:59,974 - INFO - Procurando Ghostscript no sistema...
2025-11-17 12:48:59,974 - INFO - Ghostscript encontrado no PATH: C:\Program Files\gs\gs10.06.0\bin\gswin64c.EXE
2025-11-17 12:48:59,974 - INFO - Perfil ICC encontrado: C:\Program Files\gs\gs10.06.0\iccprofiles\srgb.icc
2025-11-17 12:48:59,974 - INFO - PDF/A disponível: Ghostscript e ICC encontrados
2025-11-17 12:49:00,053 - INFO - ✅ Dependências verificadas:
2025-11-17 12:49:00,069 - INFO -    - PyPDF2: True
2025-11-17 12:49:00,069 - INFO -    - pikepdf: True
2025-11-17 12:49:00,069 - INFO -    - Ghostscript: True
2025-11-17 12:49:00,069 - INFO -    - PDF/A: True
2025-11-17 12:49:00,069 - INFO -    - Drag & Drop: True
2025-11-17 12:49:00,069 - INFO - Status PDF_LIBS_AVAILABLE: True
2025-11-17 12:49:00,069 - INFO - Status GHOSTSCRIPT_PATH: C:\Program Files\gs\gs10.06.0\bin\gswin64c.EXE
2025-11-17 12:49:00,069 - INFO - Status PIKEPDF_AVAILABLE: True
2025-11-17 12:49:00,069 - INFO - Status DND_AVAILABLE: True
2025-11-17 12:49:00,069 - INFO - Status PDFA_AVAILABLE: True
2025-11-17 12:49:00,069 - INFO - ✅ JuntaPDF inicializado com sucesso!
2025-11-17 12:49:00,069 - INFO - 🚀 Iniciando interface gráfica...
2025-11-17 12:49:04,925 - INFO - Iniciando limpeza de arquivos temporários
2025-11-17 12:49:04,957 - INFO - 🧹 Finalizando JuntaPDF...
2025-11-17 12:49:04,957 - INFO - Iniciando limpeza de arquivos temporários
2025-11-17 12:49:04,957 - INFO - Iniciando limpeza de arquivos temporários
2025-11-17 13:01:26,605 - INFO - ============================================================
2025-11-17 13:01:26,605 - INFO - JuntaPDF Iniciado
2025-11-17 13:01:26,605 - INFO - Versão Python: 3.12.1 (tags/v3.12.1:2305ca5, Dec  7 2023, 22:03:25) [MSC v.1937 64 bit (AMD64)]
2025-11-17 13:01:26,605 - INFO - Diretório de Log: C:\Users\Pichau\AppData\Local\Temp\JuntaPDF_Logs
2025-11-17 13:01:26,605 - INFO - Política de retenção: 30 dias
2025-11-17 13:01:26,605 - INFO - Rotacionamento: 10MB
2025-11-17 13:01:26,612 - INFO - tkinterdnd2 disponível
2025-11-17 13:01:26,660 - INFO - PyPDF2 disponível
2025-11-17 13:01:26,717 - INFO - pikepdf C++ to Python logger bridge initialized
2025-11-17 13:01:26,850 - INFO - pikepdf disponível
2025-11-17 13:01:27,415 - INFO - Janela criada com suporte a Drag & Drop
2025-11-17 13:01:27,415 - INFO - Cleanup registrado no atexit
2025-11-17 13:01:27,415 - INFO - Procurando Ghostscript no sistema...
2025-11-17 13:01:27,417 - INFO - Ghostscript encontrado no PATH: C:\Program Files\gs\gs10.06.0\bin\gswin64c.EXE
2025-11-17 13:01:27,417 - INFO - Perfil ICC encontrado: C:\Program Files\gs\gs10.06.0\iccprofiles\srgb.icc
2025-11-17 13:01:27,417 - INFO - PDF/A disponível: Ghostscript e ICC encontrados
2025-11-17 13:01:27,467 - INFO - ✅ Dependências verificadas:
2025-11-17 13:01:27,467 - INFO -    - PyPDF2: True
2025-11-17 13:01:27,467 - INFO -    - pikepdf: True
2025-11-17 13:01:27,467 - INFO -    - Ghostscript: True
2025-11-17 13:01:27,467 - INFO -    - PDF/A: True
2025-11-17 13:01:27,467 - INFO -    - Drag & Drop: True
2025-11-17 13:01:27,467 - INFO - Status PDF_LIBS_AVAILABLE: True
2025-11-17 13:01:27,467 - INFO - Status GHOSTSCRIPT_PATH: C:\Program Files\gs\gs10.06.0\bin\gswin64c.EXE
2025-11-17 13:01:27,467 - INFO - Status PIKEPDF_AVAILABLE: True
2025-11-17 13:01:27,467 - INFO - Status DND_AVAILABLE: True
2025-11-17 13:01:27,467 - INFO - Status PDFA_AVAILABLE: True
2025-11-17 13:01:27,467 - INFO - ✅ JuntaPDF inicializado com sucesso!
2025-11-17 13:01:27,467 - INFO - 🚀 Iniciando interface gráfica...
2025-11-17 13:01:36,420 - INFO - Arquivo adicionado: PROF SUBSTITUTO_comprimido_pdfa_comprimido_pdfa.pdf
2025-11-17 13:01:36,436 - INFO - Arquivo adicionado: paginateste3.pdf
2025-11-17 13:01:36,436 - INFO - Arquivo adicionado: paginateste2.pdf
2025-11-17 13:01:36,458 - INFO - Arquivo adicionado: paginateste1.pdf
2025-11-17 13:01:36,467 - INFO - Arquivo adicionado: StartDynamicContent - 2025-11-10T114922.412.pdf
2025-11-17 13:01:36,482 - INFO - Arquivo adicionado: StartDynamicContent - 2025-11-10T114438.809.pdf
2025-11-17 13:01:36,482 - INFO - Arquivo adicionado: $11_default_titlePrintVersionOutput$.pdf
2025-11-17 13:06:36,444 - INFO - ============================================================
2025-11-17 13:06:36,444 - INFO - JuntaPDF Iniciado
2025-11-17 13:06:36,444 - INFO - Versão Python: 3.12.1 (tags/v3.12.1:2305ca5, Dec  7 2023, 22:03:25) [MSC v.1937 64 bit (AMD64)]
2025-11-17 13:06:36,444 - INFO - Diretório de Log: C:\Users\Pichau\AppData\Local\Temp\JuntaPDF_Logs
2025-11-17 13:06:36,444 - INFO - Política de retenção: 30 dias
2025-11-17 13:06:36,444 - INFO - Rotacionamento: 10MB
2025-11-17 13:06:36,444 - INFO - tkinterdnd2 disponível
2025-11-17 13:06:36,492 - INFO - PyPDF2 disponível
2025-11-17 13:06:36,492 - INFO - pikepdf C++ to Python logger bridge initialized
2025-11-17 13:06:36,539 - INFO - pikepdf disponível
2025-11-17 13:06:36,653 - INFO - Janela criada com suporte a Drag & Drop
2025-11-17 13:06:36,653 - INFO - Cleanup registrado no atexit
2025-11-17 13:06:36,665 - INFO - Procurando Ghostscript no sistema...
2025-11-17 13:06:36,665 - INFO - Ghostscript encontrado no PATH: C:\Program Files\gs\gs10.06.0\bin\gswin64c.EXE
2025-11-17 13:06:36,665 - INFO - Perfil ICC encontrado: C:\Program Files\gs\gs10.06.0\iccprofiles\srgb.icc
2025-11-17 13:06:36,665 - INFO - PDF/A disponível: Ghostscript e ICC encontrados
2025-11-17 13:06:36,767 - INFO - ✅ Dependências verificadas:
2025-11-17 13:06:36,767 - INFO -    - PyPDF2: True
2025-11-17 13:06:36,767 - INFO -    - pikepdf: True
2025-11-17 13:06:36,767 - INFO -    - Ghostscript: True
2025-11-17 13:06:36,767 - INFO -    - PDF/A: True
2025-11-17 13:06:36,767 - INFO -    - Drag & Drop: True
2025-11-17 13:06:36,767 - INFO - Status PDF_LIBS_AVAILABLE: True
2025-11-17 13:06:36,767 - INFO - Status GHOSTSCRIPT_PATH: C:\Program Files\gs\gs10.06.0\bin\gswin64c.EXE
2025-11-17 13:06:36,767 - INFO - Status PIKEPDF_AVAILABLE: True
2025-11-17 13:06:36,767 - INFO - Status DND_AVAILABLE: True
2025-11-17 13:06:36,767 - INFO - Status PDFA_AVAILABLE: True
2025-11-17 13:06:36,767 - INFO - ✅ JuntaPDF inicializado com sucesso!
2025-11-17 13:06:36,767 - INFO - 🚀 Iniciando interface gráfica...
2025-11-17 13:06:42,847 - INFO - Arquivo adicionado: $11_default_titlePri..._unido_6arquivos_2025-11-13_2319.pdf
2025-11-17 13:06:42,855 - INFO - Arquivo adicionado: paginateste1_unido_3arquivos_2025-11-13_2317.pdf
2025-11-17 13:06:42,873 - INFO - Arquivo adicionado: paginateste3_unido_3arquivos_2025-11-13_2314.pdf
2025-11-17 13:06:42,886 - INFO - Arquivo adicionado: cnu matricula_p1240-1300_PDFA.pdf
2025-11-17 13:06:43,059 - INFO - Arquivo adicionado: cnu matricula.pdf
2025-11-17 13:06:43,095 - INFO - Arquivo adicionado: PROF SUBSTITUTO_comprimido_pdfa_comprimido_pdfa_comprimido_pdfa.pdf
2025-11-17 13:06:43,107 - INFO - Arquivo adicionado: PROF SUBSTITUTO_comprimido_pdfa_comprimido_pdfa.pdf
2025-11-17 13:06:43,107 - INFO - Arquivo adicionado: paginateste3.pdf
2025-11-17 13:06:58,767 - INFO - Iniciando limpeza de arquivos temporários
2025-11-17 13:06:58,817 - INFO - 🧹 Finalizando JuntaPDF...
2025-11-17 13:06:58,817 - INFO - Iniciando limpeza de arquivos temporários
2025-11-17 13:06:58,817 - INFO - Iniciando limpeza de arquivos temporários
2025-11-17 13:07:02,768 - INFO - Iniciando limpeza de arquivos temporários
2025-11-17 13:07:02,807 - INFO - 🧹 Finalizando JuntaPDF...
2025-11-17 13:07:02,807 - INFO - Iniciando limpeza de arquivos temporários
2025-11-17 13:07:02,812 - INFO - Iniciando limpeza de arquivos temporários
2025-11-17 13:07:04,458 - INFO - ============================================================
2025-11-17 13:07:04,458 - INFO - JuntaPDF Iniciado
2025-11-17 13:07:04,458 - INFO - Versão Python: 3.12.1 (tags/v3.12.1:2305ca5, Dec  7 2023, 22:03:25) [MSC v.1937 64 bit (AMD64)]
2025-11-17 13:07:04,458 - INFO - Diretório de Log: C:\Users\Pichau\AppData\Local\Temp\JuntaPDF_Logs
2025-11-17 13:07:04,458 - INFO - Política de retenção: 30 dias
2025-11-17 13:07:04,458 - INFO - Rotacionamento: 10MB
2025-11-17 13:07:04,458 - INFO - tkinterdnd2 disponível
2025-11-17 13:07:04,509 - INFO - PyPDF2 disponível
2025-11-17 13:07:04,509 - INFO - pikepdf C++ to Python logger bridge initialized
2025-11-17 13:07:04,553 - INFO - pikepdf disponível
2025-11-17 13:07:04,632 - INFO - Janela criada com suporte a Drag & Drop
2025-11-17 13:07:04,632 - INFO - Cleanup registrado no atexit
2025-11-17 13:07:04,632 - INFO - Procurando Ghostscript no sistema...
2025-11-17 13:07:04,632 - INFO - Ghostscript encontrado no PATH: C:\Program Files\gs\gs10.06.0\bin\gswin64c.EXE
2025-11-17 13:07:04,632 - INFO - Perfil ICC encontrado: C:\Program Files\gs\gs10.06.0\iccprofiles\srgb.icc
2025-11-17 13:07:04,632 - INFO - PDF/A disponível: Ghostscript e ICC encontrados
2025-11-17 13:07:04,663 - INFO - ✅ Dependências verificadas:
2025-11-17 13:07:04,663 - INFO -    - PyPDF2: True
2025-11-17 13:07:04,663 - INFO -    - pikepdf: True
2025-11-17 13:07:04,663 - INFO -    - Ghostscript: True
2025-11-17 13:07:04,663 - INFO -    - PDF/A: True
2025-11-17 13:07:04,663 - INFO -    - Drag & Drop: True
2025-11-17 13:07:04,663 - INFO - Status PDF_LIBS_AVAILABLE: True
2025-11-17 13:07:04,663 - INFO - Status GHOSTSCRIPT_PATH: C:\Program Files\gs\gs10.06.0\bin\gswin64c.EXE
2025-11-17 13:07:04,663 - INFO - Status PIKEPDF_AVAILABLE: True
2025-11-17 13:07:04,663 - INFO - Status DND_AVAILABLE: True
2025-11-17 13:07:04,663 - INFO - Status PDFA_AVAILABLE: True
2025-11-17 13:07:04,663 - INFO - ✅ JuntaPDF inicializado com sucesso!
2025-11-17 13:07:04,663 - INFO - 🚀 Iniciando interface gráfica...
2025-11-17 13:07:08,605 - INFO - Arquivo adicionado: $11_default_titlePri..._unido_6arquivos_2025-11-13_2319.pdf
2025-11-17 13:07:08,613 - INFO - Arquivo adicionado: paginateste1_unido_3arquivos_2025-11-13_2317.pdf
2025-11-17 13:07:08,619 - INFO - Arquivo adicionado: paginateste3_unido_3arquivos_2025-11-13_2314.pdf
2025-11-17 13:07:08,622 - INFO - Arquivo adicionado: cnu matricula_p1240-1300_PDFA.pdf
2025-11-17 13:07:08,794 - INFO - Arquivo adicionado: cnu matricula.pdf
2025-11-17 13:07:13,531 - INFO - Iniciando limpeza de arquivos temporários
2025-11-17 13:07:13,562 - INFO - 🧹 Finalizando JuntaPDF...
2025-11-17 13:07:13,562 - INFO - Iniciando limpeza de arquivos temporários
2025-11-17 13:07:13,573 - INFO - Iniciando limpeza de arquivos temporários
2025-11-17 13:07:32,701 - INFO - ============================================================
2025-11-17 13:07:32,701 - INFO - JuntaPDF Iniciado
2025-11-17 13:07:32,701 - INFO - Versão Python: 3.12.1 (tags/v3.12.1:2305ca5, Dec  7 2023, 22:03:25) [MSC v.1937 64 bit (AMD64)]
2025-11-17 13:07:32,701 - INFO - Diretório de Log: C:\Users\Pichau\AppData\Local\Temp\JuntaPDF_Logs
2025-11-17 13:07:32,701 - INFO - Política de retenção: 30 dias
2025-11-17 13:07:32,701 - INFO - Rotacionamento: 10MB
2025-11-17 13:07:32,701 - INFO - tkinterdnd2 disponível
2025-11-17 13:07:32,761 - INFO - PyPDF2 disponível
2025-11-17 13:07:32,761 - INFO - pikepdf C++ to Python logger bridge initialized
2025-11-17 13:07:32,809 - INFO - pikepdf disponível
2025-11-17 13:07:32,894 - INFO - Janela criada com suporte a Drag & Drop
2025-11-17 13:07:32,894 - INFO - Cleanup registrado no atexit
2025-11-17 13:07:32,894 - INFO - Procurando Ghostscript no sistema...
2025-11-17 13:07:32,894 - INFO - Ghostscript encontrado no PATH: C:\Program Files\gs\gs10.06.0\bin\gswin64c.EXE
2025-11-17 13:07:32,894 - INFO - Perfil ICC encontrado: C:\Program Files\gs\gs10.06.0\iccprofiles\srgb.icc
2025-11-17 13:07:32,894 - INFO - PDF/A disponível: Ghostscript e ICC encontrados
2025-11-17 13:07:32,982 - INFO - ✅ Dependências verificadas:
2025-11-17 13:07:32,982 - INFO -    - PyPDF2: True
2025-11-17 13:07:32,982 - INFO -    - pikepdf: True
2025-11-17 13:07:32,982 - INFO -    - Ghostscript: True
2025-11-17 13:07:32,982 - INFO -    - PDF/A: True
2025-11-17 13:07:32,982 - INFO -    - Drag & Drop: True
2025-11-17 13:07:32,982 - INFO - Status PDF_LIBS_AVAILABLE: True
2025-11-17 13:07:32,982 - INFO - Status GHOSTSCRIPT_PATH: C:\Program Files\gs\gs10.06.0\bin\gswin64c.EXE
2025-11-17 13:07:32,982 - INFO - Status PIKEPDF_AVAILABLE: True
2025-11-17 13:07:32,982 - INFO - Status DND_AVAILABLE: True
2025-11-17 13:07:32,982 - INFO - Status PDFA_AVAILABLE: True
2025-11-17 13:07:32,982 - INFO - ✅ JuntaPDF inicializado com sucesso!
2025-11-17 13:07:32,982 - INFO - 🚀 Iniciando interface gráfica...
2025-11-17 13:07:39,409 - INFO - Arquivo adicionado: resposta do claude.pdf
2025-11-17 13:07:39,419 - INFO - Arquivo adicionado: $11_default_titlePri..._unido_6arquivos_2025-11-13_2319.pdf
2025-11-17 13:07:39,419 - INFO - Arquivo adicionado: paginateste1_unido_3arquivos_2025-11-13_2317.pdf
2025-11-17 13:07:39,425 - INFO - Arquivo adicionado: paginateste3_unido_3arquivos_2025-11-13_2314.pdf
2025-11-17 13:07:39,427 - INFO - Arquivo adicionado: cnu matricula_p1240-1300_PDFA.pdf
2025-11-17 13:07:39,601 - INFO - Arquivo adicionado: cnu matricula.pdf
2025-11-17 13:07:39,616 - INFO - Arquivo adicionado: PROF SUBSTITUTO_comprimido_pdfa_comprimido_pdfa_comprimido_pdfa.pdf
2025-11-17 13:07:39,628 - INFO - Arquivo adicionado: PROF SUBSTITUTO_comprimido_pdfa_comprimido_pdfa.pdf
2025-11-17 13:07:39,628 - INFO - Arquivo adicionado: paginateste3.pdf
2025-11-17 13:07:39,628 - INFO - Arquivo adicionado: paginateste2.pdf
2025-11-17 13:07:39,633 - INFO - Arquivo adicionado: paginateste1.pdf
2025-11-17 13:07:39,633 - INFO - Arquivo adicionado: StartDynamicContent - 2025-11-10T114922.412.pdf
2025-11-17 13:07:39,633 - INFO - Arquivo adicionado: StartDynamicContent - 2025-11-10T114438.809.pdf
2025-11-17 13:07:39,633 - INFO - Arquivo adicionado: $11_default_titlePrintVersionOutput$.pdf
2025-11-17 13:07:39,649 - INFO - Arquivo adicionado: diferença.pdf
2025-11-17 13:07:39,658 - INFO - Arquivo adicionado: faltas1.pdf
2025-11-17 13:07:39,681 - ERROR - PDF corrompido ou inválido: C:/Users/Pichau/Downloads/23068.043498_2025-82__2025-11-07_11_20_50.pdf - EOF marker not found
2025-11-17 13:07:39,681 - WARNING - PDF inválido ou inseguro: C:/Users/Pichau/Downloads/23068.043498_2025-82__2025-11-07_11_20_50.pdf - PDF corrompido ou inválido: 23068.043498_2025-82__2025-11-07_11_20_50.pdf
2025-11-17 13:07:39,681 - WARNING - Arquivo inválido: 23068.043498_2025-82__2025-11-07_11_20_50.pdf - PDF corrompido ou inválido: 23068.043498_2025-82__2025-11-07_11_20_50.pdf
2025-11-17 13:07:39,696 - INFO - Arquivo adicionado: StartDynamicContent - 2025-11-07T110410.560.pdf
2025-11-17 13:07:39,696 - INFO - Arquivo adicionado: StartDynamicContent - 2025-11-07T105656.039.pdf
2025-11-17 13:07:39,722 - INFO - Arquivo adicionado: StartDynamicContent - 2025-11-07T104845.018.pdf
2025-11-17 13:07:47,957 - INFO - Iniciando limpeza de arquivos temporários
2025-11-17 13:07:48,005 - INFO - 🧹 Finalizando JuntaPDF...
2025-11-17 13:07:48,005 - INFO - Iniciando limpeza de arquivos temporários
2025-11-17 13:07:48,008 - INFO - Iniciando limpeza de arquivos temporários
2025-11-17 13:09:15,714 - INFO - ============================================================
2025-11-17 13:09:15,714 - INFO - JuntaPDF Iniciado
2025-11-17 13:09:15,714 - INFO - Versão Python: 3.12.1 (tags/v3.12.1:2305ca5, Dec  7 2023, 22:03:25) [MSC v.1937 64 bit (AMD64)]
2025-11-17 13:09:15,714 - INFO - Diretório de Log: C:\Users\Pichau\AppData\Local\Temp\JuntaPDF_Logs
2025-11-17 13:09:15,714 - INFO - Política de retenção: 30 dias
2025-11-17 13:09:15,714 - INFO - Rotacionamento: 10MB
2025-11-17 13:09:15,714 - INFO - tkinterdnd2 disponível
2025-11-17 13:09:15,769 - INFO - PyPDF2 disponível
2025-11-17 13:09:15,774 - INFO - pikepdf C++ to Python logger bridge initialized
2025-11-17 13:09:15,819 - INFO - pikepdf disponível
2025-11-17 13:09:15,928 - INFO - Janela criada com suporte a Drag & Drop
2025-11-17 13:09:15,928 - INFO - Cleanup registrado no atexit
2025-11-17 13:09:15,928 - INFO - Procurando Ghostscript no sistema...
2025-11-17 13:09:15,944 - INFO - Ghostscript encontrado no PATH: C:\Program Files\gs\gs10.06.0\bin\gswin64c.EXE
2025-11-17 13:09:15,944 - INFO - Perfil ICC encontrado: C:\Program Files\gs\gs10.06.0\iccprofiles\srgb.icc
2025-11-17 13:09:15,944 - INFO - PDF/A disponível: Ghostscript e ICC encontrados
2025-11-17 13:09:16,023 - INFO - ✅ Dependências verificadas:
2025-11-17 13:09:16,023 - INFO -    - PyPDF2: True
2025-11-17 13:09:16,023 - INFO -    - pikepdf: True
2025-11-17 13:09:16,023 - INFO -    - Ghostscript: True
2025-11-17 13:09:16,023 - INFO -    - PDF/A: True
2025-11-17 13:09:16,023 - INFO -    - Drag & Drop: True
2025-11-17 13:09:16,023 - INFO - Status PDF_LIBS_AVAILABLE: True
2025-11-17 13:09:16,023 - INFO - Status GHOSTSCRIPT_PATH: C:\Program Files\gs\gs10.06.0\bin\gswin64c.EXE
2025-11-17 13:09:16,023 - INFO - Status PIKEPDF_AVAILABLE: True
2025-11-17 13:09:16,023 - INFO - Status DND_AVAILABLE: True
2025-11-17 13:09:16,023 - INFO - Status PDFA_AVAILABLE: True
2025-11-17 13:09:16,023 - INFO - ✅ JuntaPDF inicializado com sucesso!
2025-11-17 13:09:16,023 - INFO - 🚀 Iniciando interface gráfica...
2025-11-17 13:09:21,389 - INFO - Arquivo adicionado: resposta do claude.pdf
2025-11-17 13:09:21,393 - INFO - Arquivo adicionado: $11_default_titlePri..._unido_6arquivos_2025-11-13_2319.pdf
2025-11-17 13:09:21,399 - INFO - Arquivo adicionado: paginateste1_unido_3arquivos_2025-11-13_2317.pdf
2025-11-17 13:09:21,399 - INFO - Arquivo adicionado: paginateste3_unido_3arquivos_2025-11-13_2314.pdf
2025-11-17 13:09:21,409 - INFO - Arquivo adicionado: cnu matricula_p1240-1300_PDFA.pdf
2025-11-17 13:09:21,579 - INFO - Arquivo adicionado: cnu matricula.pdf
2025-11-17 13:09:21,592 - INFO - Arquivo adicionado: PROF SUBSTITUTO_comprimido_pdfa_comprimido_pdfa_comprimido_pdfa.pdf
2025-11-17 13:09:21,605 - INFO - Arquivo adicionado: PROF SUBSTITUTO_comprimido_pdfa_comprimido_pdfa.pdf
2025-11-17 13:09:21,607 - INFO - Arquivo adicionado: paginateste3.pdf
2025-11-17 13:09:21,607 - INFO - Arquivo adicionado: paginateste2.pdf
2025-11-17 13:09:21,612 - INFO - Arquivo adicionado: paginateste1.pdf
2025-11-17 13:09:21,612 - INFO - Arquivo adicionado: StartDynamicContent - 2025-11-10T114922.412.pdf
2025-11-17 13:09:21,614 - INFO - Arquivo adicionado: StartDynamicContent - 2025-11-10T114438.809.pdf
2025-11-17 13:09:21,614 - INFO - Arquivo adicionado: $11_default_titlePrintVersionOutput$.pdf
2025-11-17 13:10:56,443 - INFO - Iniciando limpeza de arquivos temporários
2025-11-17 13:10:56,472 - INFO - 🧹 Finalizando JuntaPDF...
2025-11-17 13:10:56,472 - INFO - Iniciando limpeza de arquivos temporários
2025-11-17 13:10:56,474 - INFO - Iniciando limpeza de arquivos temporários
2025-11-17 13:14:37,040 - INFO - ============================================================
2025-11-17 13:14:37,040 - INFO - JuntaPDF Iniciado
2025-11-17 13:14:37,040 - INFO - Versão Python: 3.12.1 (tags/v3.12.1:2305ca5, Dec  7 2023, 22:03:25) [MSC v.1937 64 bit (AMD64)]
2025-11-17 13:14:37,040 - INFO - Diretório de Log: C:\Users\Pichau\AppData\Local\Temp\JuntaPDF_Logs
2025-11-17 13:14:37,040 - INFO - Política de retenção: 30 dias
2025-11-17 13:14:37,040 - INFO - Rotacionamento: 10MB
2025-11-17 13:14:37,040 - INFO - tkinterdnd2 disponível
2025-11-17 13:14:37,096 - INFO - PyPDF2 disponível
2025-11-17 13:14:37,098 - INFO - pikepdf C++ to Python logger bridge initialized
2025-11-17 13:14:37,137 - INFO - pikepdf disponível
2025-11-17 13:14:37,256 - INFO - Janela criada com suporte a Drag & Drop
2025-11-17 13:14:37,256 - INFO - Cleanup registrado no atexit
2025-11-17 13:14:37,256 - INFO - Procurando Ghostscript no sistema...
2025-11-17 13:14:37,256 - INFO - Ghostscript encontrado no PATH: C:\Program Files\gs\gs10.06.0\bin\gswin64c.EXE
2025-11-17 13:14:37,256 - INFO - Perfil ICC encontrado: C:\Program Files\gs\gs10.06.0\iccprofiles\srgb.icc
2025-11-17 13:14:37,256 - INFO - PDF/A disponível: Ghostscript e ICC encontrados
2025-11-17 13:14:37,381 - INFO - ✅ Dependências verificadas:
2025-11-17 13:14:37,381 - INFO -    - PyPDF2: True
2025-11-17 13:14:37,381 - INFO -    - pikepdf: True
2025-11-17 13:14:37,381 - INFO -    - Ghostscript: True
2025-11-17 13:14:37,381 - INFO -    - PDF/A: True
2025-11-17 13:14:37,381 - INFO -    - Drag & Drop: True
2025-11-17 13:14:37,381 - INFO - Status PDF_LIBS_AVAILABLE: True
2025-11-17 13:14:37,381 - INFO - Status GHOSTSCRIPT_PATH: C:\Program Files\gs\gs10.06.0\bin\gswin64c.EXE
2025-11-17 13:14:37,381 - INFO - Status PIKEPDF_AVAILABLE: True
2025-11-17 13:14:37,381 - INFO - Status DND_AVAILABLE: True
2025-11-17 13:14:37,381 - INFO - Status PDFA_AVAILABLE: True
2025-11-17 13:14:37,381 - INFO - ✅ JuntaPDF inicializado com sucesso!
2025-11-17 13:14:37,381 - INFO - 🚀 Iniciando interface gráfica...
2025-11-17 13:17:14,209 - INFO - Iniciando limpeza de arquivos temporários
2025-11-17 13:17:14,241 - INFO - 🧹 Finalizando JuntaPDF...
2025-11-17 13:17:14,241 - INFO - Iniciando limpeza de arquivos temporários
2025-11-17 13:17:14,248 - INFO - Iniciando limpeza de arquivos temporários
2025-11-17 13:17:17,385 - INFO - ============================================================
2025-11-17 13:17:17,385 - INFO - JuntaPDF Iniciado
2025-11-17 13:17:17,385 - INFO - Versão Python: 3.12.1 (tags/v3.12.1:2305ca5, Dec  7 2023, 22:03:25) [MSC v.1937 64 bit (AMD64)]
2025-11-17 13:17:17,385 - INFO - Diretório de Log: C:\Users\Pichau\AppData\Local\Temp\JuntaPDF_Logs
2025-11-17 13:17:17,385 - INFO - Política de retenção: 30 dias
2025-11-17 13:17:17,385 - INFO - Rotacionamento: 10MB
2025-11-17 13:17:17,385 - INFO - tkinterdnd2 disponível
2025-11-17 13:17:17,438 - INFO - PyPDF2 disponível
2025-11-17 13:17:17,438 - INFO - pikepdf C++ to Python logger bridge initialized
2025-11-17 13:17:17,486 - INFO - pikepdf disponível
2025-11-17 13:17:17,598 - INFO - Janela criada com suporte a Drag & Drop
2025-11-17 13:17:17,598 - INFO - Cleanup registrado no atexit
2025-11-17 13:17:17,598 - INFO - Procurando Ghostscript no sistema...
2025-11-17 13:17:17,598 - INFO - Ghostscript encontrado no PATH: C:\Program Files\gs\gs10.06.0\bin\gswin64c.EXE
2025-11-17 13:17:17,598 - INFO - Perfil ICC encontrado: C:\Program Files\gs\gs10.06.0\iccprofiles\srgb.icc
2025-11-17 13:17:17,598 - INFO - PDF/A disponível: Ghostscript e ICC encontrados
2025-11-17 13:17:17,628 - INFO - ✅ Dependências verificadas:
2025-11-17 13:17:17,628 - INFO -    - PyPDF2: True
2025-11-17 13:17:17,628 - INFO -    - pikepdf: True
2025-11-17 13:17:17,628 - INFO -    - Ghostscript: True
2025-11-17 13:17:17,628 - INFO -    - PDF/A: True
2025-11-17 13:17:17,628 - INFO -    - Drag & Drop: True
2025-11-17 13:17:17,628 - INFO - Status PDF_LIBS_AVAILABLE: True
2025-11-17 13:17:17,628 - INFO - Status GHOSTSCRIPT_PATH: C:\Program Files\gs\gs10.06.0\bin\gswin64c.EXE
2025-11-17 13:17:17,628 - INFO - Status PIKEPDF_AVAILABLE: True
2025-11-17 13:17:17,628 - INFO - Status DND_AVAILABLE: True
2025-11-17 13:17:17,628 - INFO - Status PDFA_AVAILABLE: True
2025-11-17 13:17:17,628 - INFO - ✅ JuntaPDF inicializado com sucesso!
2025-11-17 13:17:17,628 - INFO - 🚀 Iniciando interface gráfica...
2025-11-17 13:17:24,842 - INFO - Arquivo adicionado: resposta do claude.pdf
2025-11-17 13:17:24,846 - INFO - Arquivo adicionado: $11_default_titlePri..._unido_6arquivos_2025-11-13_2319.pdf
2025-11-17 13:17:24,846 - INFO - Arquivo adicionado: paginateste1_unido_3arquivos_2025-11-13_2317.pdf
2025-11-17 13:17:24,853 - INFO - Arquivo adicionado: paginateste3_unido_3arquivos_2025-11-13_2314.pdf
2025-11-17 13:17:24,857 - INFO - Arquivo adicionado: cnu matricula_p1240-1300_PDFA.pdf
2025-11-17 13:17:25,016 - INFO - Arquivo adicionado: cnu matricula.pdf
2025-11-17 13:17:25,048 - INFO - Arquivo adicionado: PROF SUBSTITUTO_comprimido_pdfa_comprimido_pdfa_comprimido_pdfa.pdf
2025-11-17 13:17:25,048 - INFO - Arquivo adicionado: PROF SUBSTITUTO_comprimido_pdfa_comprimido_pdfa.pdf
2025-11-17 13:17:25,064 - INFO - Arquivo adicionado: paginateste3.pdf
2025-11-17 13:17:25,064 - INFO - Arquivo adicionado: paginateste2.pdf
2025-11-17 13:17:25,068 - INFO - Arquivo adicionado: paginateste1.pdf
2025-11-17 13:17:25,068 - INFO - Arquivo adicionado: StartDynamicContent - 2025-11-10T114922.412.pdf
2025-11-17 13:17:25,068 - INFO - Arquivo adicionado: StartDynamicContent - 2025-11-10T114438.809.pdf
2025-11-17 13:17:25,071 - INFO - Arquivo adicionado: $11_default_titlePrintVersionOutput$.pdf
2025-11-17 13:17:53,437 - INFO - Iniciando limpeza de arquivos temporários
2025-11-17 13:17:53,468 - INFO - 🧹 Finalizando JuntaPDF...
2025-11-17 13:17:53,468 - INFO - Iniciando limpeza de arquivos temporários
2025-11-17 13:17:53,468 - INFO - Iniciando limpeza de arquivos temporários
2025-11-17 13:17:55,300 - INFO - ============================================================
2025-11-17 13:17:55,300 - INFO - JuntaPDF Iniciado
2025-11-17 13:17:55,300 - INFO - Versão Python: 3.12.1 (tags/v3.12.1:2305ca5, Dec  7 2023, 22:03:25) [MSC v.1937 64 bit (AMD64)]
2025-11-17 13:17:55,300 - INFO - Diretório de Log: C:\Users\Pichau\AppData\Local\Temp\JuntaPDF_Logs
2025-11-17 13:17:55,300 - INFO - Política de retenção: 30 dias
2025-11-17 13:17:55,300 - INFO - Rotacionamento: 10MB
2025-11-17 13:17:55,300 - INFO - tkinterdnd2 disponível
2025-11-17 13:17:55,361 - INFO - PyPDF2 disponível
2025-11-17 13:17:55,363 - INFO - pikepdf C++ to Python logger bridge initialized
2025-11-17 13:17:55,410 - INFO - pikepdf disponível
2025-11-17 13:17:55,490 - INFO - Janela criada com suporte a Drag & Drop
2025-11-17 13:17:55,490 - INFO - Cleanup registrado no atexit
2025-11-17 13:17:55,490 - INFO - Procurando Ghostscript no sistema...
2025-11-17 13:17:55,490 - INFO - Ghostscript encontrado no PATH: C:\Program Files\gs\gs10.06.0\bin\gswin64c.EXE
2025-11-17 13:17:55,490 - INFO - Perfil ICC encontrado: C:\Program Files\gs\gs10.06.0\iccprofiles\srgb.icc
2025-11-17 13:17:55,490 - INFO - PDF/A disponível: Ghostscript e ICC encontrados
2025-11-17 13:17:55,521 - INFO - ✅ Dependências verificadas:
2025-11-17 13:17:55,521 - INFO -    - PyPDF2: True
2025-11-17 13:17:55,521 - INFO -    - pikepdf: True
2025-11-17 13:17:55,521 - INFO -    - Ghostscript: True
2025-11-17 13:17:55,521 - INFO -    - PDF/A: True
2025-11-17 13:17:55,521 - INFO -    - Drag & Drop: True
2025-11-17 13:17:55,521 - INFO - Status PDF_LIBS_AVAILABLE: True
2025-11-17 13:17:55,521 - INFO - Status GHOSTSCRIPT_PATH: C:\Program Files\gs\gs10.06.0\bin\gswin64c.EXE
2025-11-17 13:17:55,521 - INFO - Status PIKEPDF_AVAILABLE: True
2025-11-17 13:17:55,521 - INFO - Status DND_AVAILABLE: True
2025-11-17 13:17:55,521 - INFO - Status PDFA_AVAILABLE: True
2025-11-17 13:17:55,521 - INFO - ✅ JuntaPDF inicializado com sucesso!
2025-11-17 13:17:55,521 - INFO - 🚀 Iniciando interface gráfica...
2025-11-17 13:18:01,282 - INFO - Arquivo adicionado: paginateste3.pdf
2025-11-17 13:18:01,284 - INFO - Arquivo adicionado: paginateste2.pdf
2025-11-17 13:18:01,284 - INFO - Arquivo adicionado: paginateste1.pdf
2025-11-17 13:18:01,284 - INFO - Arquivo adicionado: StartDynamicContent - 2025-11-10T114922.412.pdf
2025-11-17 13:18:01,284 - INFO - Arquivo adicionado: StartDynamicContent - 2025-11-10T114438.809.pdf
2025-11-17 13:18:01,288 - INFO - Arquivo adicionado: $11_default_titlePrintVersionOutput$.pdf
2025-11-17 13:18:01,288 - INFO - Arquivo adicionado: diferença.pdf
2025-11-17 13:18:01,288 - INFO - Arquivo adicionado: faltas1.pdf
2025-11-17 13:18:17,155 - INFO - ============================================================
2025-11-17 13:18:17,155 - INFO - JuntaPDF Iniciado
2025-11-17 13:18:17,155 - INFO - Versão Python: 3.12.1 (tags/v3.12.1:2305ca5, Dec  7 2023, 22:03:25) [MSC v.1937 64 bit (AMD64)]
2025-11-17 13:18:17,155 - INFO - Diretório de Log: C:\Users\Pichau\AppData\Local\Temp\JuntaPDF_Logs
2025-11-17 13:18:17,155 - INFO - Política de retenção: 30 dias
2025-11-17 13:18:17,155 - INFO - Rotacionamento: 10MB
2025-11-17 13:18:17,155 - INFO - tkinterdnd2 disponível
2025-11-17 13:18:17,202 - INFO - PyPDF2 disponível
2025-11-17 13:18:17,218 - INFO - pikepdf C++ to Python logger bridge initialized
2025-11-17 13:18:17,249 - INFO - pikepdf disponível
2025-11-17 13:18:17,328 - INFO - Janela criada com suporte a Drag & Drop
2025-11-17 13:18:17,328 - INFO - Cleanup registrado no atexit
2025-11-17 13:18:17,328 - INFO - Procurando Ghostscript no sistema...
2025-11-17 13:18:17,328 - INFO - Ghostscript encontrado no PATH: C:\Program Files\gs\gs10.06.0\bin\gswin64c.EXE
2025-11-17 13:18:17,328 - INFO - Perfil ICC encontrado: C:\Program Files\gs\gs10.06.0\iccprofiles\srgb.icc
2025-11-17 13:18:17,328 - INFO - PDF/A disponível: Ghostscript e ICC encontrados
2025-11-17 13:18:17,375 - INFO - ✅ Dependências verificadas:
2025-11-17 13:18:17,375 - INFO -    - PyPDF2: True
2025-11-17 13:18:17,375 - INFO -    - pikepdf: True
2025-11-17 13:18:17,375 - INFO -    - Ghostscript: True
2025-11-17 13:18:17,375 - INFO -    - PDF/A: True
2025-11-17 13:18:17,375 - INFO -    - Drag & Drop: True
2025-11-17 13:18:17,375 - INFO - Status PDF_LIBS_AVAILABLE: True
2025-11-17 13:18:17,375 - INFO - Status GHOSTSCRIPT_PATH: C:\Program Files\gs\gs10.06.0\bin\gswin64c.EXE
2025-11-17 13:18:17,375 - INFO - Status PIKEPDF_AVAILABLE: True
2025-11-17 13:18:17,375 - INFO - Status DND_AVAILABLE: True
2025-11-17 13:18:17,375 - INFO - Status PDFA_AVAILABLE: True
2025-11-17 13:18:17,375 - INFO - ✅ JuntaPDF inicializado com sucesso!
2025-11-17 13:18:17,375 - INFO - 🚀 Iniciando interface gráfica...
2025-11-17 13:18:21,447 - INFO - Arquivo adicionado: PROF SUBSTITUTO_comprimido_pdfa_comprimido_pdfa.pdf
2025-11-17 13:18:21,447 - INFO - Arquivo adicionado: paginateste3.pdf
2025-11-17 13:18:21,463 - INFO - Arquivo adicionado: paginateste2.pdf
2025-11-17 13:18:21,465 - INFO - Arquivo adicionado: paginateste1.pdf
2025-11-17 13:18:21,465 - INFO - Arquivo adicionado: StartDynamicContent - 2025-11-10T114922.412.pdf
2025-11-17 13:18:21,465 - INFO - Arquivo adicionado: StartDynamicContent - 2025-11-10T114438.809.pdf
2025-11-17 13:18:26,354 - INFO - Iniciando limpeza de arquivos temporários
2025-11-17 13:18:26,402 - INFO - 🧹 Finalizando JuntaPDF...
2025-11-17 13:18:26,402 - INFO - Iniciando limpeza de arquivos temporários
2025-11-17 13:18:26,402 - INFO - Iniciando limpeza de arquivos temporários
2025-11-17 13:20:25,765 - INFO - Iniciando limpeza de arquivos temporários
2025-11-17 13:20:25,807 - INFO - 🧹 Finalizando JuntaPDF...
2025-11-17 13:20:25,809 - INFO - Iniciando limpeza de arquivos temporários
2025-11-17 13:20:25,810 - INFO - Iniciando limpeza de arquivos temporários
2025-11-17 13:20:29,660 - INFO - ============================================================
2025-11-17 13:20:29,660 - INFO - JuntaPDF Iniciado
2025-11-17 13:20:29,660 - INFO - Versão Python: 3.12.1 (tags/v3.12.1:2305ca5, Dec  7 2023, 22:03:25) [MSC v.1937 64 bit (AMD64)]
2025-11-17 13:20:29,660 - INFO - Diretório de Log: C:\Users\Pichau\AppData\Local\Temp\JuntaPDF_Logs
2025-11-17 13:20:29,660 - INFO - Política de retenção: 30 dias
2025-11-17 13:20:29,660 - INFO - Rotacionamento: 10MB
2025-11-17 13:20:29,660 - INFO - tkinterdnd2 disponível
2025-11-17 13:20:29,708 - INFO - PyPDF2 disponível
2025-11-17 13:20:29,724 - INFO - pikepdf C++ to Python logger bridge initialized
2025-11-17 13:20:29,756 - INFO - pikepdf disponível
2025-11-17 13:20:29,887 - INFO - Janela criada com suporte a Drag & Drop
2025-11-17 13:20:29,887 - INFO - Cleanup registrado no atexit
2025-11-17 13:20:29,887 - INFO - Procurando Ghostscript no sistema...
2025-11-17 13:20:29,887 - INFO - Ghostscript encontrado no PATH: C:\Program Files\gs\gs10.06.0\bin\gswin64c.EXE
2025-11-17 13:20:29,887 - INFO - Perfil ICC encontrado: C:\Program Files\gs\gs10.06.0\iccprofiles\srgb.icc
2025-11-17 13:20:29,887 - INFO - PDF/A disponível: Ghostscript e ICC encontrados
2025-11-17 13:20:29,978 - INFO - ✅ Dependências verificadas:
2025-11-17 13:20:29,978 - INFO -    - PyPDF2: True
2025-11-17 13:20:29,978 - INFO -    - pikepdf: True
2025-11-17 13:20:29,978 - INFO -    - Ghostscript: True
2025-11-17 13:20:29,978 - INFO -    - PDF/A: True
2025-11-17 13:20:29,978 - INFO -    - Drag & Drop: True
2025-11-17 13:20:29,978 - INFO - Status PDF_LIBS_AVAILABLE: True
2025-11-17 13:20:29,978 - INFO - Status GHOSTSCRIPT_PATH: C:\Program Files\gs\gs10.06.0\bin\gswin64c.EXE
2025-11-17 13:20:29,978 - INFO - Status PIKEPDF_AVAILABLE: True
2025-11-17 13:20:29,978 - INFO - Status DND_AVAILABLE: True
2025-11-17 13:20:29,978 - INFO - Status PDFA_AVAILABLE: True
2025-11-17 13:20:29,978 - INFO - ✅ JuntaPDF inicializado com sucesso!
2025-11-17 13:20:29,978 - INFO - 🚀 Iniciando interface gráfica...
2025-11-17 13:20:35,372 - INFO - Arquivo adicionado: paginateste3.pdf
2025-11-17 13:20:35,372 - INFO - Arquivo adicionado: paginateste2.pdf
2025-11-17 13:20:35,372 - INFO - Arquivo adicionado: paginateste1.pdf
2025-11-17 13:20:35,372 - INFO - Arquivo adicionado: StartDynamicContent - 2025-11-10T114922.412.pdf
2025-11-17 13:20:35,372 - INFO - Arquivo adicionado: StartDynamicContent - 2025-11-10T114438.809.pdf
2025-11-17 13:20:35,379 - INFO - Arquivo adicionado: $11_default_titlePrintVersionOutput$.pdf
2025-11-17 13:20:35,379 - INFO - Arquivo adicionado: diferença.pdf
2025-11-17 13:20:35,379 - INFO - Arquivo adicionado: faltas1.pdf
2025-11-17 13:20:55,865 - INFO - Iniciando limpeza de arquivos temporários
2025-11-17 13:20:55,912 - INFO - 🧹 Finalizando JuntaPDF...
2025-11-17 13:20:55,912 - INFO - Iniciando limpeza de arquivos temporários
2025-11-17 13:20:55,912 - INFO - Iniciando limpeza de arquivos temporários
2025-11-17 13:21:13,577 - INFO - ============================================================
2025-11-17 13:21:13,577 - INFO - JuntaPDF Iniciado
2025-11-17 13:21:13,577 - INFO - Versão Python: 3.12.1 (tags/v3.12.1:2305ca5, Dec  7 2023, 22:03:25) [MSC v.1937 64 bit (AMD64)]
2025-11-17 13:21:13,577 - INFO - Diretório de Log: C:\Users\Pichau\AppData\Local\Temp\JuntaPDF_Logs
2025-11-17 13:21:13,577 - INFO - Política de retenção: 30 dias
2025-11-17 13:21:13,577 - INFO - Rotacionamento: 10MB
2025-11-17 13:21:13,577 - INFO - tkinterdnd2 disponível
2025-11-17 13:21:13,643 - INFO - PyPDF2 disponível
2025-11-17 13:21:13,643 - INFO - pikepdf C++ to Python logger bridge initialized
2025-11-17 13:21:13,688 - INFO - pikepdf disponível
2025-11-17 13:21:13,772 - INFO - Janela criada com suporte a Drag & Drop
2025-11-17 13:21:13,772 - INFO - Cleanup registrado no atexit
2025-11-17 13:21:13,772 - INFO - Procurando Ghostscript no sistema...
2025-11-17 13:21:13,772 - INFO - Ghostscript encontrado no PATH: C:\Program Files\gs\gs10.06.0\bin\gswin64c.EXE
2025-11-17 13:21:13,772 - INFO - Perfil ICC encontrado: C:\Program Files\gs\gs10.06.0\iccprofiles\srgb.icc
2025-11-17 13:21:13,772 - INFO - PDF/A disponível: Ghostscript e ICC encontrados
2025-11-17 13:21:13,800 - INFO - ✅ Dependências verificadas:
2025-11-17 13:21:13,800 - INFO -    - PyPDF2: True
2025-11-17 13:21:13,800 - INFO -    - pikepdf: True
2025-11-17 13:21:13,800 - INFO -    - Ghostscript: True
2025-11-17 13:21:13,800 - INFO -    - PDF/A: True
2025-11-17 13:21:13,800 - INFO -    - Drag & Drop: True
2025-11-17 13:21:13,800 - INFO - Status PDF_LIBS_AVAILABLE: True
2025-11-17 13:21:13,800 - INFO - Status GHOSTSCRIPT_PATH: C:\Program Files\gs\gs10.06.0\bin\gswin64c.EXE
2025-11-17 13:21:13,800 - INFO - Status PIKEPDF_AVAILABLE: True
2025-11-17 13:21:13,800 - INFO - Status DND_AVAILABLE: True
2025-11-17 13:21:13,800 - INFO - Status PDFA_AVAILABLE: True
2025-11-17 13:21:13,800 - INFO - ✅ JuntaPDF inicializado com sucesso!
2025-11-17 13:21:13,800 - INFO - 🚀 Iniciando interface gráfica...
2025-11-17 13:24:19,120 - INFO - Arquivo adicionado via drag & drop: $11_default_titlePri..._unido_6arquivos_2025-11-13_2319.pdf
2025-11-17 13:24:19,125 - INFO - Arquivo adicionado via drag & drop: paginateste1_unido_3arquivos_2025-11-13_2317.pdf
2025-11-17 13:24:19,125 - INFO - Arquivo adicionado via drag & drop: paginateste3_unido_3arquivos_2025-11-13_2314.pdf
2025-11-17 13:24:28,420 - INFO - Iniciando limpeza de arquivos temporários
2025-11-17 13:24:28,451 - INFO - 🧹 Finalizando JuntaPDF...
2025-11-17 13:24:28,451 - INFO - Iniciando limpeza de arquivos temporários
2025-11-17 13:24:28,458 - INFO - Iniciando limpeza de arquivos temporários
2025-11-17 13:30:11,706 - INFO - ============================================================
2025-11-17 13:30:11,706 - INFO - JuntaPDF Iniciado
2025-11-17 13:30:11,706 - INFO - Versão Python: 3.12.1 (tags/v3.12.1:2305ca5, Dec  7 2023, 22:03:25) [MSC v.1937 64 bit (AMD64)]
2025-11-17 13:30:11,706 - INFO - Diretório de Log: C:\Users\Pichau\AppData\Local\Temp\JuntaPDF_Logs
2025-11-17 13:30:11,706 - INFO - Política de retenção: 30 dias
2025-11-17 13:30:11,706 - INFO - Rotacionamento: 10MB
2025-11-17 13:30:11,706 - INFO - tkinterdnd2 disponível
2025-11-17 13:30:11,760 - INFO - PyPDF2 disponível
2025-11-17 13:30:11,760 - INFO - pikepdf C++ to Python logger bridge initialized
2025-11-17 13:30:11,804 - INFO - pikepdf disponível
2025-11-17 13:30:11,928 - INFO - Janela criada com suporte a Drag & Drop
2025-11-17 13:30:11,928 - INFO - Cleanup registrado no atexit
2025-11-17 13:30:11,928 - INFO - Procurando Ghostscript no sistema...
2025-11-17 13:30:11,928 - INFO - Ghostscript encontrado no PATH: C:\Program Files\gs\gs10.06.0\bin\gswin64c.EXE
2025-11-17 13:30:11,928 - INFO - Perfil ICC encontrado: C:\Program Files\gs\gs10.06.0\iccprofiles\srgb.icc
2025-11-17 13:30:11,928 - INFO - PDF/A disponível: Ghostscript e ICC encontrados
2025-11-17 13:30:12,025 - ERROR - Exceção não tratada: NameError: name 'split_list' is not defined
NoneType: None
2025-11-17 13:30:17,520 - INFO - Iniciando limpeza de arquivos temporários
2025-11-17 13:35:13,826 - INFO - ============================================================
2025-11-17 13:35:13,826 - INFO - JuntaPDF Iniciado
2025-11-17 13:35:13,826 - INFO - Versão Python: 3.12.1 (tags/v3.12.1:2305ca5, Dec  7 2023, 22:03:25) [MSC v.1937 64 bit (AMD64)]
2025-11-17 13:35:13,826 - INFO - Diretório de Log: C:\Users\Pichau\AppData\Local\Temp\JuntaPDF_Logs
2025-11-17 13:35:13,826 - INFO - Política de retenção: 30 dias
2025-11-17 13:35:13,826 - INFO - Rotacionamento: 10MB
2025-11-17 13:35:13,826 - INFO - tkinterdnd2 disponível
2025-11-17 13:35:13,903 - INFO - PyPDF2 disponível
2025-11-17 13:35:13,905 - INFO - pikepdf C++ to Python logger bridge initialized
2025-11-17 13:35:13,953 - INFO - pikepdf disponível
2025-11-17 13:35:14,063 - INFO - Janela criada com suporte a Drag & Drop
2025-11-17 13:35:14,063 - INFO - Cleanup registrado no atexit
2025-11-17 13:35:14,063 - INFO - Procurando Ghostscript no sistema...
2025-11-17 13:35:14,063 - INFO - Ghostscript encontrado no PATH: C:\Program Files\gs\gs10.06.0\bin\gswin64c.EXE
2025-11-17 13:35:14,063 - INFO - Perfil ICC encontrado: C:\Program Files\gs\gs10.06.0\iccprofiles\srgb.icc
2025-11-17 13:35:14,063 - INFO - PDF/A disponível: Ghostscript e ICC encontrados
2025-11-17 13:35:14,111 - INFO - ✅ Dependências verificadas:
2025-11-17 13:35:14,111 - INFO -    - PyPDF2: True
2025-11-17 13:35:14,111 - INFO -    - pikepdf: True
2025-11-17 13:35:14,111 - INFO -    - Ghostscript: True
2025-11-17 13:35:14,111 - INFO -    - PDF/A: True
2025-11-17 13:35:14,111 - INFO -    - Drag & Drop: True
2025-11-17 13:35:14,111 - INFO - Status PDF_LIBS_AVAILABLE: True
2025-11-17 13:35:14,111 - INFO - Status GHOSTSCRIPT_PATH: C:\Program Files\gs\gs10.06.0\bin\gswin64c.EXE
2025-11-17 13:35:14,111 - INFO - Status PIKEPDF_AVAILABLE: True
2025-11-17 13:35:14,111 - INFO - Status DND_AVAILABLE: True
2025-11-17 13:35:14,111 - INFO - Status PDFA_AVAILABLE: True
2025-11-17 13:35:14,111 - INFO - ✅ JuntaPDF inicializado com sucesso!
2025-11-17 13:35:14,111 - INFO - 🚀 Iniciando interface gráfica...
2025-11-17 13:35:20,012 - INFO - Arquivo adicionado: PROF SUBSTITUTO_comprimido_pdfa_comprimido_pdfa_comprimido_pdfa.pdf
2025-11-17 13:35:20,040 - INFO - Arquivo adicionado: PROF SUBSTITUTO_comprimido_pdfa_comprimido_pdfa.pdf
2025-11-17 13:35:20,041 - INFO - Arquivo adicionado: paginateste3.pdf
2025-11-17 13:35:20,041 - INFO - Arquivo adicionado: paginateste2.pdf
2025-11-17 13:35:20,047 - INFO - Arquivo adicionado: paginateste1.pdf
2025-11-17 13:35:20,047 - INFO - Arquivo adicionado: StartDynamicContent - 2025-11-10T114922.412.pdf
2025-11-17 13:35:20,047 - INFO - Arquivo adicionado: StartDynamicContent - 2025-11-10T114438.809.pdf
2025-11-17 13:35:20,047 - INFO - Arquivo adicionado: $11_default_titlePrintVersionOutput$.pdf
2025-11-17 13:35:30,095 - INFO - Arquivo adicionado via drag & drop: StartDynamicContent - 2025-11-06T093429.555.pdf
2025-11-17 13:35:30,106 - INFO - Arquivo adicionado via drag & drop: StartDynamicContent - 2025-11-05T113904.199.pdf
2025-11-17 13:35:30,123 - INFO - Arquivo adicionado via drag & drop: StartDynamicContent - 2025-11-05T095334.281.pdf
2025-11-17 13:39:58,416 - INFO - Iniciando limpeza de arquivos temporários
2025-11-17 13:39:58,448 - INFO - 🧹 Finalizando JuntaPDF...
2025-11-17 13:39:58,448 - INFO - Iniciando limpeza de arquivos temporários
2025-11-17 13:39:58,465 - INFO - Iniciando limpeza de arquivos temporários
2025-11-17 13:40:02,473 - INFO - ============================================================
2025-11-17 13:40:02,473 - INFO - JuntaPDF Iniciado
2025-11-17 13:40:02,473 - INFO - Versão Python: 3.12.1 (tags/v3.12.1:2305ca5, Dec  7 2023, 22:03:25) [MSC v.1937 64 bit (AMD64)]
2025-11-17 13:40:02,473 - INFO - Diretório de Log: C:\Users\Pichau\AppData\Local\Temp\JuntaPDF_Logs
2025-11-17 13:40:02,473 - INFO - Política de retenção: 30 dias
2025-11-17 13:40:02,473 - INFO - Rotacionamento: 10MB
2025-11-17 13:40:02,473 - INFO - tkinterdnd2 disponível
2025-11-17 13:40:02,521 - INFO - PyPDF2 disponível
2025-11-17 13:40:02,521 - INFO - pikepdf C++ to Python logger bridge initialized
2025-11-17 13:40:02,576 - INFO - pikepdf disponível
2025-11-17 13:40:02,695 - INFO - Janela criada com suporte a Drag & Drop
2025-11-17 13:40:02,695 - INFO - Cleanup registrado no atexit
2025-11-17 13:40:02,695 - INFO - Procurando Ghostscript no sistema...
2025-11-17 13:40:02,695 - INFO - Ghostscript encontrado no PATH: C:\Program Files\gs\gs10.06.0\bin\gswin64c.EXE
2025-11-17 13:40:02,695 - INFO - Perfil ICC encontrado: C:\Program Files\gs\gs10.06.0\iccprofiles\srgb.icc
2025-11-17 13:40:02,695 - INFO - PDF/A disponível: Ghostscript e ICC encontrados
2025-11-17 13:40:02,791 - INFO - ✅ Dependências verificadas:
2025-11-17 13:40:02,791 - INFO -    - PyPDF2: True
2025-11-17 13:40:02,791 - INFO -    - pikepdf: True
2025-11-17 13:40:02,791 - INFO -    - Ghostscript: True
2025-11-17 13:40:02,791 - INFO -    - PDF/A: True
2025-11-17 13:40:02,791 - INFO -    - Drag & Drop: True
2025-11-17 13:40:02,791 - INFO - Status PDF_LIBS_AVAILABLE: True
2025-11-17 13:40:02,791 - INFO - Status GHOSTSCRIPT_PATH: C:\Program Files\gs\gs10.06.0\bin\gswin64c.EXE
2025-11-17 13:40:02,791 - INFO - Status PIKEPDF_AVAILABLE: True
2025-11-17 13:40:02,791 - INFO - Status DND_AVAILABLE: True
2025-11-17 13:40:02,791 - INFO - Status PDFA_AVAILABLE: True
2025-11-17 13:40:02,791 - INFO - ✅ JuntaPDF inicializado com sucesso!
2025-11-17 13:40:02,791 - INFO - 🚀 Iniciando interface gráfica...
2025-11-17 13:40:12,452 - INFO - Arquivo adicionado via drag & drop: 23068 011354 20 45.pdf
2025-11-17 13:40:12,468 - INFO - Arquivo adicionado via drag & drop: 23068 021612 15 06.pdf
2025-11-17 13:40:12,468 - INFO - Arquivo adicionado via drag & drop: 23068 037891 07 00.pdf
2025-11-17 13:40:12,484 - INFO - Arquivo adicionado via drag & drop: FPEMFICHAF-2.pdf
2025-11-17 13:40:12,515 - INFO - Arquivo adicionado via drag & drop: FPEMFICHAF-1.pdf
2025-11-17 13:40:12,515 - INFO - Arquivo adicionado via drag & drop: StartDynamicContent - 2025-11-06T093429.555.pdf
2025-11-17 13:40:12,515 - INFO - Arquivo adicionado via drag & drop: StartDynamicContent - 2025-11-05T113904.199.pdf
2025-11-17 13:40:12,515 - INFO - Arquivo adicionado via drag & drop: StartDynamicContent - 2025-11-05T095334.281.pdf
2025-11-17 13:42:10,856 - INFO - ============================================================
2025-11-17 13:42:10,856 - INFO - JuntaPDF Iniciado
2025-11-17 13:42:10,856 - INFO - Versão Python: 3.12.1 (tags/v3.12.1:2305ca5, Dec  7 2023, 22:03:25) [MSC v.1937 64 bit (AMD64)]
2025-11-17 13:42:10,856 - INFO - Diretório de Log: C:\Users\Pichau\AppData\Local\Temp\JuntaPDF_Logs
2025-11-17 13:42:10,856 - INFO - Política de retenção: 30 dias
2025-11-17 13:42:10,856 - INFO - Rotacionamento: 10MB
2025-11-17 13:42:10,856 - INFO - tkinterdnd2 disponível
2025-11-17 13:42:10,903 - INFO - PyPDF2 disponível
2025-11-17 13:42:10,919 - INFO - pikepdf C++ to Python logger bridge initialized
2025-11-17 13:42:10,955 - INFO - pikepdf disponível
2025-11-17 13:42:11,068 - INFO - Janela criada com suporte a Drag & Drop
2025-11-17 13:42:11,068 - INFO - Cleanup registrado no atexit
2025-11-17 13:42:11,068 - INFO - Procurando Ghostscript no sistema...
2025-11-17 13:42:11,078 - INFO - Ghostscript encontrado no PATH: C:\Program Files\gs\gs10.06.0\bin\gswin64c.EXE
2025-11-17 13:42:11,078 - INFO - Perfil ICC encontrado: C:\Program Files\gs\gs10.06.0\iccprofiles\srgb.icc
2025-11-17 13:42:11,078 - INFO - PDF/A disponível: Ghostscript e ICC encontrados
2025-11-17 13:42:11,173 - INFO - ✅ Dependências verificadas:
2025-11-17 13:42:11,173 - INFO -    - PyPDF2: True
2025-11-17 13:42:11,173 - INFO -    - pikepdf: True
2025-11-17 13:42:11,173 - INFO -    - Ghostscript: True
2025-11-17 13:42:11,173 - INFO -    - PDF/A: True
2025-11-17 13:42:11,173 - INFO -    - Drag & Drop: True
2025-11-17 13:42:11,173 - INFO - Status PDF_LIBS_AVAILABLE: True
2025-11-17 13:42:11,173 - INFO - Status GHOSTSCRIPT_PATH: C:\Program Files\gs\gs10.06.0\bin\gswin64c.EXE
2025-11-17 13:42:11,173 - INFO - Status PIKEPDF_AVAILABLE: True
2025-11-17 13:42:11,173 - INFO - Status DND_AVAILABLE: True
2025-11-17 13:42:11,173 - INFO - Status PDFA_AVAILABLE: True
2025-11-17 13:42:11,173 - INFO - ✅ JuntaPDF inicializado com sucesso!
2025-11-17 13:42:11,173 - INFO - 🚀 Iniciando interface gráfica...
2025-11-17 13:43:13,017 - INFO - Iniciando limpeza de arquivos temporários
2025-11-17 13:43:13,033 - INFO - 🧹 Finalizando JuntaPDF...
2025-11-17 13:43:13,033 - INFO - Iniciando limpeza de arquivos temporários
2025-11-17 13:43:13,049 - INFO - Iniciando limpeza de arquivos temporários
2025-11-17 13:43:13,644 - INFO - Iniciando limpeza de arquivos temporários
2025-11-17 13:43:13,667 - INFO - 🧹 Finalizando JuntaPDF...
2025-11-17 13:43:13,667 - INFO - Iniciando limpeza de arquivos temporários
2025-11-17 13:43:13,680 - INFO - Iniciando limpeza de arquivos temporários
2025-11-17 13:43:15,077 - INFO - ============================================================
2025-11-17 13:43:15,077 - INFO - JuntaPDF Iniciado
2025-11-17 13:43:15,077 - INFO - Versão Python: 3.12.1 (tags/v3.12.1:2305ca5, Dec  7 2023, 22:03:25) [MSC v.1937 64 bit (AMD64)]
2025-11-17 13:43:15,077 - INFO - Diretório de Log: C:\Users\Pichau\AppData\Local\Temp\JuntaPDF_Logs
2025-11-17 13:43:15,077 - INFO - Política de retenção: 30 dias
2025-11-17 13:43:15,077 - INFO - Rotacionamento: 10MB
2025-11-17 13:43:15,077 - INFO - tkinterdnd2 disponível
2025-11-17 13:43:15,125 - INFO - PyPDF2 disponível
2025-11-17 13:43:15,141 - INFO - pikepdf C++ to Python logger bridge initialized
2025-11-17 13:43:15,189 - INFO - pikepdf disponível
2025-11-17 13:43:15,282 - INFO - Janela criada com suporte a Drag & Drop
2025-11-17 13:43:15,284 - INFO - Cleanup registrado no atexit
2025-11-17 13:43:15,284 - INFO - Procurando Ghostscript no sistema...
2025-11-17 13:43:15,284 - INFO - Ghostscript encontrado no PATH: C:\Program Files\gs\gs10.06.0\bin\gswin64c.EXE
2025-11-17 13:43:15,284 - INFO - Perfil ICC encontrado: C:\Program Files\gs\gs10.06.0\iccprofiles\srgb.icc
2025-11-17 13:43:15,284 - INFO - PDF/A disponível: Ghostscript e ICC encontrados
2025-11-17 13:43:15,320 - INFO - ✅ Dependências verificadas:
2025-11-17 13:43:15,320 - INFO -    - PyPDF2: True
2025-11-17 13:43:15,320 - INFO -    - pikepdf: True
2025-11-17 13:43:15,320 - INFO -    - Ghostscript: True
2025-11-17 13:43:15,320 - INFO -    - PDF/A: True
2025-11-17 13:43:15,320 - INFO -    - Drag & Drop: True
2025-11-17 13:43:15,320 - INFO - Status PDF_LIBS_AVAILABLE: True
2025-11-17 13:43:15,320 - INFO - Status GHOSTSCRIPT_PATH: C:\Program Files\gs\gs10.06.0\bin\gswin64c.EXE
2025-11-17 13:43:15,320 - INFO - Status PIKEPDF_AVAILABLE: True
2025-11-17 13:43:15,320 - INFO - Status DND_AVAILABLE: True
2025-11-17 13:43:15,320 - INFO - Status PDFA_AVAILABLE: True
2025-11-17 13:43:15,320 - INFO - ✅ JuntaPDF inicializado com sucesso!
2025-11-17 13:43:15,320 - INFO - 🚀 Iniciando interface gráfica...
2025-11-17 13:43:19,575 - INFO - Arquivo adicionado via drag & drop: angelo.pdf
2025-11-17 13:43:19,590 - INFO - Arquivo adicionado via drag & drop: cesar carneiro.pdf
2025-11-17 13:43:19,590 - INFO - Arquivo adicionado via drag & drop: ficha_de_avaliacao_angelo_otimizado.pdf
2025-11-17 13:43:19,606 - INFO - Arquivo adicionado via drag & drop: plano_angelo_otimizado.pdf
2025-11-17 13:43:19,622 - INFO - Arquivo adicionado via drag & drop: angelo (1).pdf
2025-11-17 13:43:31,548 - INFO - Iniciando limpeza de arquivos temporários
2025-11-17 13:43:31,580 - INFO - 🧹 Finalizando JuntaPDF...
2025-11-17 13:43:31,580 - INFO - Iniciando limpeza de arquivos temporários
2025-11-17 13:43:31,580 - INFO - Iniciando limpeza de arquivos temporários
2025-11-17 13:46:52,204 - INFO - ============================================================
2025-11-17 13:46:52,204 - INFO - JuntaPDF Iniciado
2025-11-17 13:46:52,204 - INFO - Versão Python: 3.12.1 (tags/v3.12.1:2305ca5, Dec  7 2023, 22:03:25) [MSC v.1937 64 bit (AMD64)]
2025-11-17 13:46:52,204 - INFO - Diretório de Log: C:\Users\Pichau\AppData\Local\Temp\JuntaPDF_Logs
2025-11-17 13:46:52,204 - INFO - Política de retenção: 30 dias
2025-11-17 13:46:52,204 - INFO - Rotacionamento: 10MB
2025-11-17 13:46:52,204 - INFO - tkinterdnd2 disponível
2025-11-17 13:46:52,253 - INFO - PyPDF2 disponível
2025-11-17 13:46:52,253 - INFO - pikepdf C++ to Python logger bridge initialized
2025-11-17 13:46:52,315 - INFO - pikepdf disponível
2025-11-17 13:46:52,427 - INFO - Janela criada com suporte a Drag & Drop
2025-11-17 13:46:52,427 - INFO - Cleanup registrado no atexit
2025-11-17 13:46:52,427 - INFO - Procurando Ghostscript no sistema...
2025-11-17 13:46:52,427 - INFO - Ghostscript encontrado no PATH: C:\Program Files\gs\gs10.06.0\bin\gswin64c.EXE
2025-11-17 13:46:52,427 - INFO - Perfil ICC encontrado: C:\Program Files\gs\gs10.06.0\iccprofiles\srgb.icc
2025-11-17 13:46:52,427 - INFO - PDF/A disponível: Ghostscript e ICC encontrados
2025-11-17 13:46:52,521 - INFO - ✅ Dependências verificadas:
2025-11-17 13:46:52,521 - INFO -    - PyPDF2: True
2025-11-17 13:46:52,521 - INFO -    - pikepdf: True
2025-11-17 13:46:52,521 - INFO -    - Ghostscript: True
2025-11-17 13:46:52,521 - INFO -    - PDF/A: True
2025-11-17 13:46:52,521 - INFO -    - Drag & Drop: True
2025-11-17 13:46:52,521 - INFO - Status PDF_LIBS_AVAILABLE: True
2025-11-17 13:46:52,521 - INFO - Status GHOSTSCRIPT_PATH: C:\Program Files\gs\gs10.06.0\bin\gswin64c.EXE
2025-11-17 13:46:52,521 - INFO - Status PIKEPDF_AVAILABLE: True
2025-11-17 13:46:52,521 - INFO - Status DND_AVAILABLE: True
2025-11-17 13:46:52,521 - INFO - Status PDFA_AVAILABLE: True
2025-11-17 13:46:52,521 - INFO - ✅ JuntaPDF inicializado com sucesso!
2025-11-17 13:46:52,521 - INFO - 🚀 Iniciando interface gráfica...
2025-11-17 13:46:56,764 - INFO - Arquivo adicionado: Melhorias de UX e otimizações no código - DeepSeek.pdf
2025-11-17 13:46:56,789 - INFO - Arquivo adicionado: $11_default_titlePri..._unido_3arquivos_2025-11-17_1247.pdf
2025-11-17 13:46:56,806 - INFO - Arquivo adicionado: juntapdf_output.pdf
2025-11-17 13:46:56,806 - INFO - Arquivo adicionado: resposta do claude.pdf
2025-11-17 13:46:56,806 - INFO - Arquivo adicionado: $11_default_titlePri..._unido_6arquivos_2025-11-13_2319.pdf
2025-11-17 13:46:56,822 - INFO - Arquivo adicionado: paginateste1_unido_3arquivos_2025-11-13_2317.pdf
2025-11-17 13:46:56,822 - INFO - Arquivo adicionado: paginateste3_unido_3arquivos_2025-11-13_2314.pdf
2025-11-17 13:46:56,822 - INFO - Arquivo adicionado: cnu matricula_p1240-1300_PDFA.pdf
2025-11-17 13:46:56,996 - INFO - Arquivo adicionado: cnu matricula.pdf
2025-11-17 13:49:18,106 - INFO - ============================================================
2025-11-17 13:49:18,106 - INFO - JuntaPDF Iniciado
2025-11-17 13:49:18,106 - INFO - Versão Python: 3.12.1 (tags/v3.12.1:2305ca5, Dec  7 2023, 22:03:25) [MSC v.1937 64 bit (AMD64)]
2025-11-17 13:49:18,106 - INFO - Diretório de Log: C:\Users\Pichau\AppData\Local\Temp\JuntaPDF_Logs
2025-11-17 13:49:18,106 - INFO - Política de retenção: 30 dias
2025-11-17 13:49:18,106 - INFO - Rotacionamento: 10MB
2025-11-17 13:49:18,108 - INFO - tkinterdnd2 disponível
2025-11-17 13:49:18,155 - INFO - PyPDF2 disponível
2025-11-17 13:49:18,155 - INFO - pikepdf C++ to Python logger bridge initialized
2025-11-17 13:49:18,192 - INFO - pikepdf disponível
2025-11-17 13:49:18,313 - INFO - Janela criada com suporte a Drag & Drop
2025-11-17 13:49:18,313 - INFO - Cleanup registrado no atexit
2025-11-17 13:49:18,313 - INFO - Procurando Ghostscript no sistema...
2025-11-17 13:49:18,313 - INFO - Ghostscript encontrado no PATH: C:\Program Files\gs\gs10.06.0\bin\gswin64c.EXE
2025-11-17 13:49:18,313 - INFO - Perfil ICC encontrado: C:\Program Files\gs\gs10.06.0\iccprofiles\srgb.icc
2025-11-17 13:49:18,313 - INFO - PDF/A disponível: Ghostscript e ICC encontrados
2025-11-17 13:49:18,440 - INFO - ✅ Dependências verificadas:
2025-11-17 13:49:18,440 - INFO -    - PyPDF2: True
2025-11-17 13:49:18,440 - INFO -    - pikepdf: True
2025-11-17 13:49:18,440 - INFO -    - Ghostscript: True
2025-11-17 13:49:18,440 - INFO -    - PDF/A: True
2025-11-17 13:49:18,440 - INFO -    - Drag & Drop: True
2025-11-17 13:49:18,440 - INFO - Status PDF_LIBS_AVAILABLE: True
2025-11-17 13:49:18,440 - INFO - Status GHOSTSCRIPT_PATH: C:\Program Files\gs\gs10.06.0\bin\gswin64c.EXE
2025-11-17 13:49:18,440 - INFO - Status PIKEPDF_AVAILABLE: True
2025-11-17 13:49:18,440 - INFO - Status DND_AVAILABLE: True
2025-11-17 13:49:18,440 - INFO - Status PDFA_AVAILABLE: True
2025-11-17 13:49:18,440 - INFO - ✅ JuntaPDF inicializado com sucesso!
2025-11-17 13:49:18,440 - INFO - 🚀 Iniciando interface gráfica...
2025-11-17 13:49:22,474 - INFO - Arquivo adicionado: Melhorias de UX e otimizações no código - DeepSeek.pdf
2025-11-17 13:49:22,495 - INFO - Arquivo adicionado: $11_default_titlePri..._unido_3arquivos_2025-11-17_1247.pdf
2025-11-17 13:49:22,506 - INFO - Arquivo adicionado: juntapdf_output.pdf
2025-11-17 13:49:22,511 - INFO - Arquivo adicionado: resposta do claude.pdf
2025-11-17 13:49:22,519 - INFO - Arquivo adicionado: $11_default_titlePri..._unido_6arquivos_2025-11-13_2319.pdf
2025-11-17 13:49:22,522 - INFO - Arquivo adicionado: paginateste1_unido_3arquivos_2025-11-13_2317.pdf
2025-11-17 13:49:22,522 - INFO - Arquivo adicionado: paginateste3_unido_3arquivos_2025-11-13_2314.pdf
2025-11-17 13:49:22,522 - INFO - Arquivo adicionado: cnu matricula_p1240-1300_PDFA.pdf
2025-11-17 13:49:22,696 - INFO - Arquivo adicionado: cnu matricula.pdf
2025-11-17 13:49:45,876 - INFO - Arquivo aberto: cnu matricula.pdf
2025-11-17 13:49:56,709 - INFO - Arquivo removido: paginateste1_unido_3arquivos_2025-11-13_2317.pdf
2025-11-17 13:50:01,121 - INFO - Iniciando limpeza de arquivos temporários
2025-11-17 13:50:01,158 - INFO - 🧹 Finalizando JuntaPDF...
2025-11-17 13:50:01,159 - INFO - Iniciando limpeza de arquivos temporários
2025-11-17 13:50:01,160 - INFO - Iniciando limpeza de arquivos temporários
2025-11-17 13:50:39,753 - INFO - Iniciando limpeza de arquivos temporários
2025-11-17 13:50:39,793 - INFO - 🧹 Finalizando JuntaPDF...
2025-11-17 13:50:39,793 - INFO - Iniciando limpeza de arquivos temporários
2025-11-17 13:50:39,795 - INFO - Iniciando limpeza de arquivos temporários
2025-11-17 13:51:24,590 - INFO - ============================================================
2025-11-17 13:51:24,590 - INFO - JuntaPDF Iniciado
2025-11-17 13:51:24,590 - INFO - Versão Python: 3.12.1 (tags/v3.12.1:2305ca5, Dec  7 2023, 22:03:25) [MSC v.1937 64 bit (AMD64)]
2025-11-17 13:51:24,590 - INFO - Diretório de Log: C:\Users\Pichau\AppData\Local\Temp\JuntaPDF_Logs
2025-11-17 13:51:24,590 - INFO - Política de retenção: 30 dias
2025-11-17 13:51:24,590 - INFO - Rotacionamento: 10MB
2025-11-17 13:51:24,596 - INFO - tkinterdnd2 disponível
2025-11-17 13:51:24,644 - INFO - PyPDF2 disponível
2025-11-17 13:51:24,644 - INFO - pikepdf C++ to Python logger bridge initialized
2025-11-17 13:51:24,692 - INFO - pikepdf disponível
2025-11-17 13:51:24,819 - INFO - Janela criada com suporte a Drag & Drop
2025-11-17 13:51:24,819 - INFO - Cleanup registrado no atexit
2025-11-17 13:51:24,819 - INFO - Procurando Ghostscript no sistema...
2025-11-17 13:51:24,819 - INFO - Ghostscript encontrado no PATH: C:\Program Files\gs\gs10.06.0\bin\gswin64c.EXE
2025-11-17 13:51:24,819 - INFO - Perfil ICC encontrado: C:\Program Files\gs\gs10.06.0\iccprofiles\srgb.icc
2025-11-17 13:51:24,819 - INFO - PDF/A disponível: Ghostscript e ICC encontrados
2025-11-17 13:51:24,898 - INFO - ✅ Dependências verificadas:
2025-11-17 13:51:24,898 - INFO -    - PyPDF2: True
2025-11-17 13:51:24,898 - INFO -    - pikepdf: True
2025-11-17 13:51:24,898 - INFO -    - Ghostscript: True
2025-11-17 13:51:24,898 - INFO -    - PDF/A: True
2025-11-17 13:51:24,898 - INFO -    - Drag & Drop: True
2025-11-17 13:51:24,898 - INFO - Status PDF_LIBS_AVAILABLE: True
2025-11-17 13:51:24,898 - INFO - Status GHOSTSCRIPT_PATH: C:\Program Files\gs\gs10.06.0\bin\gswin64c.EXE
2025-11-17 13:51:24,898 - INFO - Status PIKEPDF_AVAILABLE: True
2025-11-17 13:51:24,898 - INFO - Status DND_AVAILABLE: True
2025-11-17 13:51:24,898 - INFO - Status PDFA_AVAILABLE: True
2025-11-17 13:51:24,898 - INFO - ✅ JuntaPDF inicializado com sucesso!
2025-11-17 13:51:24,898 - INFO - 🚀 Iniciando interface gráfica...
2025-11-17 13:51:28,902 - INFO - Arquivo adicionado: resposta do claude.pdf
2025-11-17 13:51:28,905 - INFO - Arquivo adicionado: $11_default_titlePri..._unido_6arquivos_2025-11-13_2319.pdf
2025-11-17 13:51:28,913 - INFO - Arquivo adicionado: paginateste1_unido_3arquivos_2025-11-13_2317.pdf
2025-11-17 13:51:28,915 - INFO - Arquivo adicionado: paginateste3_unido_3arquivos_2025-11-13_2314.pdf
2025-11-17 13:51:28,918 - INFO - Arquivo adicionado: cnu matricula_p1240-1300_PDFA.pdf
2025-11-17 13:51:29,098 - INFO - Arquivo adicionado: cnu matricula.pdf
2025-11-17 13:51:54,997 - INFO - Iniciando limpeza de arquivos temporários
2025-11-17 13:51:55,040 - INFO - 🧹 Finalizando JuntaPDF...
2025-11-17 13:51:55,040 - INFO - Iniciando limpeza de arquivos temporários
2025-11-17 13:51:55,044 - INFO - Iniciando limpeza de arquivos temporários
2025-11-17 14:04:44,471 - INFO - ============================================================
2025-11-17 14:04:44,471 - INFO - JuntaPDF Iniciado
2025-11-17 14:04:44,471 - INFO - Versão Python: 3.12.1 (tags/v3.12.1:2305ca5, Dec  7 2023, 22:03:25) [MSC v.1937 64 bit (AMD64)]
2025-11-17 14:04:44,471 - INFO - Diretório de Log: C:\Users\Pichau\AppData\Local\Temp\JuntaPDF_Logs
2025-11-17 14:04:44,471 - INFO - Política de retenção: 30 dias
2025-11-17 14:04:44,471 - INFO - Rotacionamento: 10MB
2025-11-17 14:04:44,471 - INFO - tkinterdnd2 disponível
2025-11-17 14:04:44,534 - INFO - PyPDF2 disponível
2025-11-17 14:04:44,534 - INFO - pikepdf C++ to Python logger bridge initialized
2025-11-17 14:04:44,581 - INFO - pikepdf disponível
2025-11-17 14:04:44,692 - INFO - Janela criada com suporte a Drag & Drop
2025-11-17 14:04:44,692 - INFO - Cleanup registrado no atexit
2025-11-17 14:04:44,692 - INFO - Procurando Ghostscript no sistema...
2025-11-17 14:04:44,708 - INFO - Ghostscript encontrado no PATH: C:\Program Files\gs\gs10.06.0\bin\gswin64c.EXE
2025-11-17 14:04:44,708 - INFO - Perfil ICC encontrado: C:\Program Files\gs\gs10.06.0\iccprofiles\srgb.icc
2025-11-17 14:04:44,708 - INFO - PDF/A disponível: Ghostscript e ICC encontrados
2025-11-17 14:04:44,708 - ERROR - Exceção não tratada: NameError: name 'merge_list' is not defined
NoneType: None
2025-11-17 14:05:25,234 - INFO - Iniciando limpeza de arquivos temporários
2025-11-17 14:06:09,484 - INFO - ============================================================
2025-11-17 14:06:09,484 - INFO - JuntaPDF Iniciado
2025-11-17 14:06:09,484 - INFO - Versão Python: 3.12.1 (tags/v3.12.1:2305ca5, Dec  7 2023, 22:03:25) [MSC v.1937 64 bit (AMD64)]
2025-11-17 14:06:09,484 - INFO - Diretório de Log: C:\Users\Pichau\AppData\Local\Temp\JuntaPDF_Logs
2025-11-17 14:06:09,484 - INFO - Política de retenção: 30 dias
2025-11-17 14:06:09,484 - INFO - Rotacionamento: 10MB
2025-11-17 14:06:09,484 - INFO - tkinterdnd2 disponível
2025-11-17 14:06:09,532 - INFO - PyPDF2 disponível
2025-11-17 14:06:09,532 - INFO - pikepdf C++ to Python logger bridge initialized
2025-11-17 14:06:09,597 - INFO - pikepdf disponível
2025-11-17 14:06:09,684 - INFO - Janela criada com suporte a Drag & Drop
2025-11-17 14:06:09,684 - INFO - Cleanup registrado no atexit
2025-11-17 14:06:09,684 - INFO - Procurando Ghostscript no sistema...
2025-11-17 14:06:09,684 - INFO - Ghostscript encontrado no PATH: C:\Program Files\gs\gs10.06.0\bin\gswin64c.EXE
2025-11-17 14:06:09,684 - INFO - Perfil ICC encontrado: C:\Program Files\gs\gs10.06.0\iccprofiles\srgb.icc
2025-11-17 14:06:09,684 - INFO - PDF/A disponível: Ghostscript e ICC encontrados
2025-11-17 14:06:09,754 - ERROR - Exceção não tratada: NameError: name 'split_list' is not defined
NoneType: None
2025-11-17 14:06:20,488 - INFO - Iniciando limpeza de arquivos temporários
2025-11-17 14:06:40,962 - INFO - ============================================================
2025-11-17 14:06:40,962 - INFO - JuntaPDF Iniciado
2025-11-17 14:06:40,962 - INFO - Versão Python: 3.12.1 (tags/v3.12.1:2305ca5, Dec  7 2023, 22:03:25) [MSC v.1937 64 bit (AMD64)]
2025-11-17 14:06:40,962 - INFO - Diretório de Log: C:\Users\Pichau\AppData\Local\Temp\JuntaPDF_Logs
2025-11-17 14:06:40,963 - INFO - Política de retenção: 30 dias
2025-11-17 14:06:40,963 - INFO - Rotacionamento: 10MB
2025-11-17 14:06:40,966 - INFO - tkinterdnd2 disponível
2025-11-17 14:06:41,016 - INFO - PyPDF2 disponível
2025-11-17 14:06:41,020 - INFO - pikepdf C++ to Python logger bridge initialized
2025-11-17 14:06:41,055 - INFO - pikepdf disponível
2025-11-17 14:06:41,135 - INFO - Janela criada com suporte a Drag & Drop
2025-11-17 14:06:41,135 - INFO - Cleanup registrado no atexit
2025-11-17 14:06:41,135 - INFO - Procurando Ghostscript no sistema...
2025-11-17 14:06:41,136 - INFO - Ghostscript encontrado no PATH: C:\Program Files\gs\gs10.06.0\bin\gswin64c.EXE
2025-11-17 14:06:41,137 - INFO - Perfil ICC encontrado: C:\Program Files\gs\gs10.06.0\iccprofiles\srgb.icc
2025-11-17 14:06:41,137 - INFO - PDF/A disponível: Ghostscript e ICC encontrados
2025-11-17 14:06:41,155 - ERROR - Exceção não tratada: NameError: name 'split_list' is not defined
NoneType: None
2025-11-17 14:06:47,866 - INFO - Iniciando limpeza de arquivos temporários
2025-11-17 14:10:30,008 - INFO - ============================================================
2025-11-17 14:10:30,008 - INFO - JuntaPDF Iniciado
2025-11-17 14:10:30,008 - INFO - Versão Python: 3.12.1 (tags/v3.12.1:2305ca5, Dec  7 2023, 22:03:25) [MSC v.1937 64 bit (AMD64)]
2025-11-17 14:10:30,008 - INFO - Diretório de Log: C:\Users\Pichau\AppData\Local\Temp\JuntaPDF_Logs
2025-11-17 14:10:30,008 - INFO - Política de retenção: 30 dias
2025-11-17 14:10:30,008 - INFO - Rotacionamento: 10MB
2025-11-17 14:10:30,016 - INFO - tkinterdnd2 disponível
2025-11-17 14:10:30,064 - INFO - PyPDF2 disponível
2025-11-17 14:10:30,064 - INFO - pikepdf C++ to Python logger bridge initialized
2025-11-17 14:10:30,112 - INFO - pikepdf disponível
2025-11-17 14:10:30,222 - INFO - Janela criada com suporte a Drag & Drop
2025-11-17 14:10:30,222 - INFO - Cleanup registrado no atexit
2025-11-17 14:10:30,222 - INFO - Procurando Ghostscript no sistema...
2025-11-17 14:10:30,222 - INFO - Ghostscript encontrado no PATH: C:\Program Files\gs\gs10.06.0\bin\gswin64c.EXE
2025-11-17 14:10:30,222 - INFO - Perfil ICC encontrado: C:\Program Files\gs\gs10.06.0\iccprofiles\srgb.icc
2025-11-17 14:10:30,222 - INFO - PDF/A disponível: Ghostscript e ICC encontrados
2025-11-17 14:10:30,254 - ERROR - Exceção não tratada: NameError: name 'split_list_frame' is not defined
NoneType: None
2025-11-17 14:10:33,485 - INFO - Iniciando limpeza de arquivos temporários
2025-11-17 14:12:41,607 - INFO - ============================================================
2025-11-17 14:12:41,607 - INFO - JuntaPDF Iniciado
2025-11-17 14:12:41,607 - INFO - Versão Python: 3.12.1 (tags/v3.12.1:2305ca5, Dec  7 2023, 22:03:25) [MSC v.1937 64 bit (AMD64)]
2025-11-17 14:12:41,607 - INFO - Diretório de Log: C:\Users\Pichau\AppData\Local\Temp\JuntaPDF_Logs
2025-11-17 14:12:41,607 - INFO - Política de retenção: 30 dias
2025-11-17 14:12:41,607 - INFO - Rotacionamento: 10MB
2025-11-17 14:12:41,607 - INFO - tkinterdnd2 disponível
2025-11-17 14:12:41,662 - INFO - PyPDF2 disponível
2025-11-17 14:12:41,665 - INFO - pikepdf C++ to Python logger bridge initialized
2025-11-17 14:12:41,707 - INFO - pikepdf disponível
2025-11-17 14:12:41,823 - INFO - Janela criada com suporte a Drag & Drop
2025-11-17 14:12:41,833 - INFO - Cleanup registrado no atexit
2025-11-17 14:12:41,833 - INFO - Procurando Ghostscript no sistema...
2025-11-17 14:12:41,833 - INFO - Ghostscript encontrado no PATH: C:\Program Files\gs\gs10.06.0\bin\gswin64c.EXE
2025-11-17 14:12:41,833 - INFO - Perfil ICC encontrado: C:\Program Files\gs\gs10.06.0\iccprofiles\srgb.icc
2025-11-17 14:12:41,833 - INFO - PDF/A disponível: Ghostscript e ICC encontrados
2025-11-17 14:12:41,865 - INFO - ✅ Dependências verificadas:
2025-11-17 14:12:41,865 - INFO -    - PyPDF2: True
2025-11-17 14:12:41,865 - INFO -    - pikepdf: True
2025-11-17 14:12:41,865 - INFO -    - Ghostscript: True
2025-11-17 14:12:41,865 - INFO -    - PDF/A: True
2025-11-17 14:12:41,865 - INFO -    - Drag & Drop: True
2025-11-17 14:12:41,865 - INFO - Status PDF_LIBS_AVAILABLE: True
2025-11-17 14:12:41,865 - INFO - Status GHOSTSCRIPT_PATH: C:\Program Files\gs\gs10.06.0\bin\gswin64c.EXE
2025-11-17 14:12:41,865 - INFO - Status PIKEPDF_AVAILABLE: True
2025-11-17 14:12:41,865 - INFO - Status DND_AVAILABLE: True
2025-11-17 14:12:41,865 - INFO - Status PDFA_AVAILABLE: True
2025-11-17 14:12:41,865 - INFO - ✅ JuntaPDF inicializado com sucesso!
2025-11-17 14:12:41,865 - INFO - 🚀 Iniciando interface gráfica...
2025-11-17 14:12:47,026 - INFO - Arquivo adicionado: resposta do claude.pdf
2025-11-17 14:12:47,032 - INFO - Arquivo adicionado: $11_default_titlePri..._unido_6arquivos_2025-11-13_2319.pdf
2025-11-17 14:12:47,037 - INFO - Arquivo adicionado: paginateste1_unido_3arquivos_2025-11-13_2317.pdf
2025-11-17 14:12:47,040 - INFO - Arquivo adicionado: paginateste3_unido_3arquivos_2025-11-13_2314.pdf
2025-11-17 14:12:47,043 - INFO - Arquivo adicionado: cnu matricula_p1240-1300_PDFA.pdf
2025-11-17 14:13:13,491 - INFO - Iniciando limpeza de arquivos temporários
2025-11-17 14:13:13,523 - INFO - 🧹 Finalizando JuntaPDF...
2025-11-17 14:13:13,523 - INFO - Iniciando limpeza de arquivos temporários
2025-11-17 14:13:13,523 - INFO - Iniciando limpeza de arquivos temporários
2025-11-17 14:13:27,862 - INFO - ============================================================
2025-11-17 14:13:27,862 - INFO - JuntaPDF Iniciado
2025-11-17 14:13:27,862 - INFO - Versão Python: 3.12.1 (tags/v3.12.1:2305ca5, Dec  7 2023, 22:03:25) [MSC v.1937 64 bit (AMD64)]
2025-11-17 14:13:27,862 - INFO - Diretório de Log: C:\Users\Pichau\AppData\Local\Temp\JuntaPDF_Logs
2025-11-17 14:13:27,862 - INFO - Política de retenção: 30 dias
2025-11-17 14:13:27,862 - INFO - Rotacionamento: 10MB
2025-11-17 14:13:27,862 - INFO - tkinterdnd2 disponível
2025-11-17 14:13:27,926 - INFO - PyPDF2 disponível
2025-11-17 14:13:27,926 - INFO - pikepdf C++ to Python logger bridge initialized
2025-11-17 14:13:27,963 - INFO - pikepdf disponível
2025-11-17 14:13:28,036 - INFO - Janela criada com suporte a Drag & Drop
2025-11-17 14:13:28,036 - INFO - Cleanup registrado no atexit
2025-11-17 14:13:28,036 - INFO - Procurando Ghostscript no sistema...
2025-11-17 14:13:28,036 - INFO - Ghostscript encontrado no PATH: C:\Program Files\gs\gs10.06.0\bin\gswin64c.EXE
2025-11-17 14:13:28,036 - INFO - Perfil ICC encontrado: C:\Program Files\gs\gs10.06.0\iccprofiles\srgb.icc
2025-11-17 14:13:28,036 - INFO - PDF/A disponível: Ghostscript e ICC encontrados
2025-11-17 14:13:28,085 - INFO - ✅ Dependências verificadas:
2025-11-17 14:13:28,085 - INFO -    - PyPDF2: True
2025-11-17 14:13:28,085 - INFO -    - pikepdf: True
2025-11-17 14:13:28,085 - INFO -    - Ghostscript: True
2025-11-17 14:13:28,085 - INFO -    - PDF/A: True
2025-11-17 14:13:28,085 - INFO -    - Drag & Drop: True
2025-11-17 14:13:28,085 - INFO - Status PDF_LIBS_AVAILABLE: True
2025-11-17 14:13:28,085 - INFO - Status GHOSTSCRIPT_PATH: C:\Program Files\gs\gs10.06.0\bin\gswin64c.EXE
2025-11-17 14:13:28,085 - INFO - Status PIKEPDF_AVAILABLE: True
2025-11-17 14:13:28,085 - INFO - Status DND_AVAILABLE: True
2025-11-17 14:13:28,085 - INFO - Status PDFA_AVAILABLE: True
2025-11-17 14:13:28,085 - INFO - ✅ JuntaPDF inicializado com sucesso!
2025-11-17 14:13:28,085 - INFO - 🚀 Iniciando interface gráfica...
2025-11-17 14:13:31,761 - INFO - Arquivo adicionado: $11_default_titlePri..._unido_6arquivos_2025-11-13_2319.pdf
2025-11-17 14:13:31,771 - INFO - Arquivo adicionado: paginateste1_unido_3arquivos_2025-11-13_2317.pdf
2025-11-17 14:13:31,771 - INFO - Arquivo adicionado: paginateste3_unido_3arquivos_2025-11-13_2314.pdf
2025-11-17 14:13:31,777 - INFO - Arquivo adicionado: cnu matricula_p1240-1300_PDFA.pdf
2025-11-17 14:13:31,935 - INFO - Arquivo adicionado: cnu matricula.pdf
2025-11-17 14:13:37,006 - INFO - Arquivo removido: cnu matricula.pdf
2025-11-17 14:13:37,006 - INFO - Arquivo removido: cnu matricula_p1240-1300_PDFA.pdf
2025-11-17 14:13:37,006 - INFO - Arquivo removido: paginateste3_unido_3arquivos_2025-11-13_2314.pdf
2025-11-17 14:13:38,738 - INFO - Iniciando limpeza de arquivos temporários
2025-11-17 14:13:38,770 - INFO - 🧹 Finalizando JuntaPDF...
2025-11-17 14:13:38,785 - INFO - Iniciando limpeza de arquivos temporários
2025-11-17 14:13:38,785 - INFO - Iniciando limpeza de arquivos temporários
2025-11-17 14:23:18,583 - INFO - ============================================================
2025-11-17 14:23:18,583 - INFO - JuntaPDF Iniciado
2025-11-17 14:23:18,583 - INFO - Versão Python: 3.12.1 (tags/v3.12.1:2305ca5, Dec  7 2023, 22:03:25) [MSC v.1937 64 bit (AMD64)]
2025-11-17 14:23:18,583 - INFO - Diretório de Log: C:\Users\Pichau\AppData\Local\Temp\JuntaPDF_Logs
2025-11-17 14:23:18,583 - INFO - Política de retenção: 30 dias
2025-11-17 14:23:18,583 - INFO - Rotacionamento: 10MB
2025-11-17 14:23:18,583 - INFO - tkinterdnd2 disponível
2025-11-17 14:23:18,651 - INFO - PyPDF2 disponível
2025-11-17 14:23:18,654 - INFO - pikepdf C++ to Python logger bridge initialized
2025-11-17 14:23:18,694 - INFO - pikepdf disponível
2025-11-17 14:23:18,826 - INFO - Janela criada com suporte a Drag & Drop
2025-11-17 14:23:18,826 - INFO - Cleanup registrado no atexit
2025-11-17 14:23:18,826 - INFO - Procurando Ghostscript no sistema...
2025-11-17 14:23:18,826 - INFO - Ghostscript encontrado no PATH: C:\Program Files\gs\gs10.06.0\bin\gswin64c.EXE
2025-11-17 14:23:18,826 - INFO - Perfil ICC encontrado: C:\Program Files\gs\gs10.06.0\iccprofiles\srgb.icc
2025-11-17 14:23:18,826 - INFO - PDF/A disponível: Ghostscript e ICC encontrados
2025-11-17 14:23:18,936 - INFO - ✅ Dependências verificadas:
2025-11-17 14:23:18,936 - INFO -    - PyPDF2: True
2025-11-17 14:23:18,936 - INFO -    - pikepdf: True
2025-11-17 14:23:18,936 - INFO -    - Ghostscript: True
2025-11-17 14:23:18,936 - INFO -    - PDF/A: True
2025-11-17 14:23:18,936 - INFO -    - Drag & Drop: True
2025-11-17 14:23:18,936 - INFO - Status PDF_LIBS_AVAILABLE: True
2025-11-17 14:23:18,936 - INFO - Status GHOSTSCRIPT_PATH: C:\Program Files\gs\gs10.06.0\bin\gswin64c.EXE
2025-11-17 14:23:18,936 - INFO - Status PIKEPDF_AVAILABLE: True
2025-11-17 14:23:18,936 - INFO - Status DND_AVAILABLE: True
2025-11-17 14:23:18,936 - INFO - Status PDFA_AVAILABLE: True
2025-11-17 14:23:18,936 - INFO - ✅ JuntaPDF inicializado com sucesso!
2025-11-17 14:23:18,936 - INFO - 🚀 Iniciando interface gráfica...
2025-11-17 14:23:23,076 - INFO - Arquivo adicionado: resposta do claude.pdf
2025-11-17 14:23:23,082 - INFO - Arquivo adicionado: $11_default_titlePri..._unido_6arquivos_2025-11-13_2319.pdf
2025-11-17 14:23:23,086 - INFO - Arquivo adicionado: paginateste1_unido_3arquivos_2025-11-13_2317.pdf
2025-11-17 14:23:23,089 - INFO - Arquivo adicionado: paginateste3_unido_3arquivos_2025-11-13_2314.pdf
2025-11-17 14:23:23,092 - INFO - Arquivo adicionado: cnu matricula_p1240-1300_PDFA.pdf
2025-11-17 14:23:23,259 - INFO - Arquivo adicionado: cnu matricula.pdf
2025-11-17 14:23:32,593 - INFO - Arquivo removido: paginateste3_unido_3arquivos_2025-11-13_2314.pdf
2025-11-17 14:23:32,593 - INFO - Arquivo removido: paginateste1_unido_3arquivos_2025-11-13_2317.pdf
2025-11-17 14:23:32,593 - INFO - Arquivo removido: cnu matricula_p1240-1300_PDFA.pdf
2025-11-17 14:23:32,593 - INFO - Arquivo removido: cnu matricula.pdf
2025-11-17 14:23:34,559 - INFO - Iniciando limpeza de arquivos temporários
2025-11-17 14:23:34,575 - INFO - 🧹 Finalizando JuntaPDF...
2025-11-17 14:23:34,575 - INFO - Iniciando limpeza de arquivos temporários
2025-11-17 14:23:34,592 - INFO - Iniciando limpeza de arquivos temporários
2025-11-17 14:24:34,778 - INFO - ============================================================
2025-11-17 14:24:34,778 - INFO - JuntaPDF Iniciado
2025-11-17 14:24:34,778 - INFO - Versão Python: 3.12.1 (tags/v3.12.1:2305ca5, Dec  7 2023, 22:03:25) [MSC v.1937 64 bit (AMD64)]
2025-11-17 14:24:34,778 - INFO - Diretório de Log: C:\Users\Pichau\AppData\Local\Temp\JuntaPDF_Logs
2025-11-17 14:24:34,778 - INFO - Política de retenção: 30 dias
2025-11-17 14:24:34,778 - INFO - Rotacionamento: 10MB
2025-11-17 14:24:34,778 - INFO - tkinterdnd2 disponível
2025-11-17 14:24:34,841 - INFO - PyPDF2 disponível
2025-11-17 14:24:34,841 - INFO - pikepdf C++ to Python logger bridge initialized
2025-11-17 14:24:34,889 - INFO - pikepdf disponível
2025-11-17 14:24:34,984 - INFO - Janela criada com suporte a Drag & Drop
2025-11-17 14:24:34,984 - INFO - Cleanup registrado no atexit
2025-11-17 14:24:34,984 - INFO - Procurando Ghostscript no sistema...
2025-11-17 14:24:34,984 - INFO - Ghostscript encontrado no PATH: C:\Program Files\gs\gs10.06.0\bin\gswin64c.EXE
2025-11-17 14:24:34,984 - INFO - Perfil ICC encontrado: C:\Program Files\gs\gs10.06.0\iccprofiles\srgb.icc
2025-11-17 14:24:34,984 - INFO - PDF/A disponível: Ghostscript e ICC encontrados
2025-11-17 14:24:35,078 - INFO - ✅ Dependências verificadas:
2025-11-17 14:24:35,078 - INFO -    - PyPDF2: True
2025-11-17 14:24:35,078 - INFO -    - pikepdf: True
2025-11-17 14:24:35,078 - INFO -    - Ghostscript: True
2025-11-17 14:24:35,078 - INFO -    - PDF/A: True
2025-11-17 14:24:35,078 - INFO -    - Drag & Drop: True
2025-11-17 14:24:35,078 - INFO - Status PDF_LIBS_AVAILABLE: True
2025-11-17 14:24:35,078 - INFO - Status GHOSTSCRIPT_PATH: C:\Program Files\gs\gs10.06.0\bin\gswin64c.EXE
2025-11-17 14:24:35,078 - INFO - Status PIKEPDF_AVAILABLE: True
2025-11-17 14:24:35,078 - INFO - Status DND_AVAILABLE: True
2025-11-17 14:24:35,078 - INFO - Status PDFA_AVAILABLE: True
2025-11-17 14:24:35,078 - INFO - ✅ JuntaPDF inicializado com sucesso!
2025-11-17 14:24:35,078 - INFO - 🚀 Iniciando interface gráfica...
2025-11-17 14:24:39,231 - INFO - Arquivo adicionado: resposta do claude.pdf
2025-11-17 14:24:39,236 - INFO - Arquivo adicionado: $11_default_titlePri..._unido_6arquivos_2025-11-13_2319.pdf
2025-11-17 14:24:39,236 - INFO - Arquivo adicionado: paginateste1_unido_3arquivos_2025-11-13_2317.pdf
2025-11-17 14:24:39,244 - INFO - Arquivo adicionado: paginateste3_unido_3arquivos_2025-11-13_2314.pdf
2025-11-17 14:24:39,247 - INFO - Arquivo adicionado: cnu matricula_p1240-1300_PDFA.pdf
2025-11-17 14:24:39,423 - INFO - Arquivo adicionado: cnu matricula.pdf
2025-11-17 14:24:50,835 - INFO - Iniciando limpeza de arquivos temporários
2025-11-17 14:24:50,883 - INFO - 🧹 Finalizando JuntaPDF...
2025-11-17 14:24:50,883 - INFO - Iniciando limpeza de arquivos temporários
2025-11-17 14:24:50,883 - INFO - Iniciando limpeza de arquivos temporários
2025-11-17 14:28:11,239 - INFO - ============================================================
2025-11-17 14:28:11,239 - INFO - JuntaPDF Iniciado
2025-11-17 14:28:11,239 - INFO - Versão Python: 3.12.1 (tags/v3.12.1:2305ca5, Dec  7 2023, 22:03:25) [MSC v.1937 64 bit (AMD64)]
2025-11-17 14:28:11,239 - INFO - Diretório de Log: C:\Users\Pichau\AppData\Local\Temp\JuntaPDF_Logs
2025-11-17 14:28:11,239 - INFO - Política de retenção: 30 dias
2025-11-17 14:28:11,239 - INFO - Rotacionamento: 10MB
2025-11-17 14:28:11,239 - INFO - tkinterdnd2 disponível
2025-11-17 14:28:11,297 - INFO - PyPDF2 disponível
2025-11-17 14:28:11,297 - INFO - pikepdf C++ to Python logger bridge initialized
2025-11-17 14:28:11,345 - INFO - pikepdf disponível
2025-11-17 14:28:11,471 - INFO - Janela criada com suporte a Drag & Drop
2025-11-17 14:28:11,471 - INFO - Cleanup registrado no atexit
2025-11-17 14:28:11,471 - INFO - Procurando Ghostscript no sistema...
2025-11-17 14:28:11,471 - INFO - Ghostscript encontrado no PATH: C:\Program Files\gs\gs10.06.0\bin\gswin64c.EXE
2025-11-17 14:28:11,471 - INFO - Perfil ICC encontrado: C:\Program Files\gs\gs10.06.0\iccprofiles\srgb.icc
2025-11-17 14:28:11,471 - INFO - PDF/A disponível: Ghostscript e ICC encontrados
2025-11-17 14:28:11,507 - INFO - ✅ Dependências verificadas:
2025-11-17 14:28:11,507 - INFO -    - PyPDF2: True
2025-11-17 14:28:11,507 - INFO -    - pikepdf: True
2025-11-17 14:28:11,507 - INFO -    - Ghostscript: True
2025-11-17 14:28:11,507 - INFO -    - PDF/A: True
2025-11-17 14:28:11,507 - INFO -    - Drag & Drop: True
2025-11-17 14:28:11,507 - INFO - Status PDF_LIBS_AVAILABLE: True
2025-11-17 14:28:11,507 - INFO - Status GHOSTSCRIPT_PATH: C:\Program Files\gs\gs10.06.0\bin\gswin64c.EXE
2025-11-17 14:28:11,507 - INFO - Status PIKEPDF_AVAILABLE: True
2025-11-17 14:28:11,507 - INFO - Status DND_AVAILABLE: True
2025-11-17 14:28:11,507 - INFO - Status PDFA_AVAILABLE: True
2025-11-17 14:28:11,507 - INFO - ✅ JuntaPDF inicializado com sucesso!
2025-11-17 14:28:11,507 - INFO - 🚀 Iniciando interface gráfica...
2025-11-17 14:28:15,610 - INFO - Arquivo adicionado: Melhorias de UX e otimizações no código - DeepSeek.pdf
2025-11-17 14:28:15,617 - INFO - Arquivo adicionado: $11_default_titlePri..._unido_3arquivos_2025-11-17_1247.pdf
2025-11-17 14:28:15,633 - INFO - Arquivo adicionado: juntapdf_output.pdf
2025-11-17 14:28:15,633 - INFO - Arquivo adicionado: resposta do claude.pdf
2025-11-17 14:28:15,633 - INFO - Arquivo adicionado: $11_default_titlePri..._unido_6arquivos_2025-11-13_2319.pdf
2025-11-17 14:28:15,649 - INFO - Arquivo adicionado: paginateste1_unido_3arquivos_2025-11-13_2317.pdf
2025-11-17 14:28:15,649 - INFO - Arquivo adicionado: paginateste3_unido_3arquivos_2025-11-13_2314.pdf
2025-11-17 14:28:15,658 - INFO - Arquivo adicionado: cnu matricula_p1240-1300_PDFA.pdf
2025-11-17 14:28:15,824 - INFO - Arquivo adicionado: cnu matricula.pdf
2025-11-17 14:36:28,064 - INFO - ============================================================
2025-11-17 14:36:28,064 - INFO - JuntaPDF Iniciado
2025-11-17 14:36:28,064 - INFO - Versão Python: 3.12.1 (tags/v3.12.1:2305ca5, Dec  7 2023, 22:03:25) [MSC v.1937 64 bit (AMD64)]
2025-11-17 14:36:28,064 - INFO - Diretório de Log: C:\Users\Pichau\AppData\Local\Temp\JuntaPDF_Logs
2025-11-17 14:36:28,064 - INFO - Política de retenção: 30 dias
2025-11-17 14:36:28,064 - INFO - Rotacionamento: 10MB
2025-11-17 14:36:28,077 - INFO - tkinterdnd2 disponível
2025-11-17 14:36:28,125 - INFO - PyPDF2 disponível
2025-11-17 14:36:28,125 - INFO - pikepdf C++ to Python logger bridge initialized
2025-11-17 14:36:28,156 - INFO - pikepdf disponível
2025-11-17 14:36:28,282 - INFO - Janela criada com suporte a Drag & Drop
2025-11-17 14:36:28,282 - INFO - Cleanup registrado no atexit
2025-11-17 14:36:28,282 - INFO - Procurando Ghostscript no sistema...
2025-11-17 14:36:28,282 - INFO - Ghostscript encontrado no PATH: C:\Program Files\gs\gs10.06.0\bin\gswin64c.EXE
2025-11-17 14:36:28,282 - INFO - Perfil ICC encontrado: C:\Program Files\gs\gs10.06.0\iccprofiles\srgb.icc
2025-11-17 14:36:28,282 - INFO - PDF/A disponível: Ghostscript e ICC encontrados
2025-11-17 14:36:28,392 - INFO - ✅ Dependências verificadas:
2025-11-17 14:36:28,392 - INFO -    - PyPDF2: True
2025-11-17 14:36:28,392 - INFO -    - pikepdf: True
2025-11-17 14:36:28,392 - INFO -    - Ghostscript: True
2025-11-17 14:36:28,392 - INFO -    - PDF/A: True
2025-11-17 14:36:28,392 - INFO -    - Drag & Drop: True
2025-11-17 14:36:28,392 - INFO - Status PDF_LIBS_AVAILABLE: True
2025-11-17 14:36:28,392 - INFO - Status GHOSTSCRIPT_PATH: C:\Program Files\gs\gs10.06.0\bin\gswin64c.EXE
2025-11-17 14:36:28,392 - INFO - Status PIKEPDF_AVAILABLE: True
2025-11-17 14:36:28,392 - INFO - Status DND_AVAILABLE: True
2025-11-17 14:36:28,392 - INFO - Status PDFA_AVAILABLE: True
2025-11-17 14:36:28,392 - INFO - ✅ JuntaPDF inicializado com sucesso!
2025-11-17 14:36:28,392 - INFO - 🚀 Iniciando interface gráfica...
2025-11-17 14:36:32,887 - INFO - Arquivo adicionado: resposta do claude.pdf
2025-11-17 14:36:32,887 - INFO - Arquivo adicionado: $11_default_titlePri..._unido_6arquivos_2025-11-13_2319.pdf
2025-11-17 14:36:32,887 - INFO - Arquivo adicionado: paginateste1_unido_3arquivos_2025-11-13_2317.pdf
2025-11-17 14:36:32,898 - INFO - Arquivo adicionado: paginateste3_unido_3arquivos_2025-11-13_2314.pdf
2025-11-17 14:36:32,898 - INFO - Arquivo adicionado: cnu matricula_p1240-1300_PDFA.pdf
2025-11-17 14:36:33,073 - INFO - Arquivo adicionado: cnu matricula.pdf
2025-11-17 14:36:51,099 - INFO - Iniciando limpeza de arquivos temporários
2025-11-17 14:36:51,146 - INFO - 🧹 Finalizando JuntaPDF...
2025-11-17 14:36:51,146 - INFO - Iniciando limpeza de arquivos temporários
2025-11-17 14:36:51,146 - INFO - Iniciando limpeza de arquivos temporários
2025-11-17 14:39:03,122 - INFO - ============================================================
2025-11-17 14:39:03,122 - INFO - JuntaPDF Iniciado
2025-11-17 14:39:03,122 - INFO - Versão Python: 3.12.1 (tags/v3.12.1:2305ca5, Dec  7 2023, 22:03:25) [MSC v.1937 64 bit (AMD64)]
2025-11-17 14:39:03,122 - INFO - Diretório de Log: C:\Users\Pichau\AppData\Local\Temp\JuntaPDF_Logs
2025-11-17 14:39:03,122 - INFO - Política de retenção: 30 dias
2025-11-17 14:39:03,122 - INFO - Rotacionamento: 10MB
2025-11-17 14:39:03,125 - INFO - tkinterdnd2 disponível
2025-11-17 14:39:03,176 - INFO - PyPDF2 disponível
2025-11-17 14:39:03,181 - INFO - pikepdf C++ to Python logger bridge initialized
2025-11-17 14:39:03,214 - INFO - pikepdf disponível
2025-11-17 14:39:03,339 - INFO - Janela criada com suporte a Drag & Drop
2025-11-17 14:39:03,339 - INFO - Cleanup registrado no atexit
2025-11-17 14:39:03,339 - INFO - Procurando Ghostscript no sistema...
2025-11-17 14:39:03,342 - INFO - Ghostscript encontrado no PATH: C:\Program Files\gs\gs10.06.0\bin\gswin64c.EXE
2025-11-17 14:39:03,342 - INFO - Perfil ICC encontrado: C:\Program Files\gs\gs10.06.0\iccprofiles\srgb.icc
2025-11-17 14:39:03,342 - INFO - PDF/A disponível: Ghostscript e ICC encontrados
2025-11-17 14:39:03,453 - INFO - ✅ Dependências verificadas:
2025-11-17 14:39:03,453 - INFO -    - PyPDF2: True
2025-11-17 14:39:03,453 - INFO -    - pikepdf: True
2025-11-17 14:39:03,453 - INFO -    - Ghostscript: True
2025-11-17 14:39:03,453 - INFO -    - PDF/A: True
2025-11-17 14:39:03,453 - INFO -    - Drag & Drop: True
2025-11-17 14:39:03,453 - INFO - Status PDF_LIBS_AVAILABLE: True
2025-11-17 14:39:03,453 - INFO - Status GHOSTSCRIPT_PATH: C:\Program Files\gs\gs10.06.0\bin\gswin64c.EXE
2025-11-17 14:39:03,453 - INFO - Status PIKEPDF_AVAILABLE: True
2025-11-17 14:39:03,453 - INFO - Status DND_AVAILABLE: True
2025-11-17 14:39:03,455 - INFO - Status PDFA_AVAILABLE: True
2025-11-17 14:39:03,455 - INFO - ✅ JuntaPDF inicializado com sucesso!
2025-11-17 14:39:03,455 - INFO - 🚀 Iniciando interface gráfica...
2025-11-17 14:39:07,621 - INFO - Arquivo adicionado: resposta do claude.pdf
2025-11-17 14:39:07,626 - INFO - Arquivo adicionado: $11_default_titlePri..._unido_6arquivos_2025-11-13_2319.pdf
2025-11-17 14:39:07,631 - INFO - Arquivo adicionado: paginateste1_unido_3arquivos_2025-11-13_2317.pdf
2025-11-17 14:39:07,631 - INFO - Arquivo adicionado: paginateste3_unido_3arquivos_2025-11-13_2314.pdf
2025-11-17 14:39:07,640 - INFO - Arquivo adicionado: cnu matricula_p1240-1300_PDFA.pdf
2025-11-17 14:39:07,820 - INFO - Arquivo adicionado: cnu matricula.pdf
2025-11-17 14:39:18,997 - INFO - Iniciando limpeza de arquivos temporários
2025-11-17 14:39:19,026 - INFO - 🧹 Finalizando JuntaPDF...
2025-11-17 14:39:19,026 - INFO - Iniciando limpeza de arquivos temporários
2025-11-17 14:39:19,026 - INFO - Iniciando limpeza de arquivos temporários
2025-11-17 14:39:26,107 - INFO - Iniciando limpeza de arquivos temporários
2025-11-17 14:39:26,149 - INFO - 🧹 Finalizando JuntaPDF...
2025-11-17 14:39:26,149 - INFO - Iniciando limpeza de arquivos temporários
2025-11-17 14:39:26,150 - INFO - Iniciando limpeza de arquivos temporários
2025-11-17 15:18:45,292 - INFO - ============================================================
2025-11-17 15:18:45,292 - INFO - JuntaPDF Iniciado
2025-11-17 15:18:45,292 - INFO - Versão Python: 3.12.1 (tags/v3.12.1:2305ca5, Dec  7 2023, 22:03:25) [MSC v.1937 64 bit (AMD64)]
2025-11-17 15:18:45,292 - INFO - Diretório de Log: C:\Users\Pichau\AppData\Local\Temp\JuntaPDF_Logs
2025-11-17 15:18:45,292 - INFO - Política de retenção: 30 dias
2025-11-17 15:18:45,292 - INFO - Rotacionamento: 10MB
2025-11-17 15:18:45,294 - INFO - tkinterdnd2 disponível
2025-11-17 15:18:45,357 - INFO - PyPDF2 disponível
2025-11-17 15:18:45,357 - INFO - pikepdf C++ to Python logger bridge initialized
2025-11-17 15:18:45,388 - INFO - pikepdf disponível
2025-11-17 15:18:45,524 - INFO - Janela criada com suporte a Drag & Drop
2025-11-17 15:18:45,524 - INFO - Cleanup registrado no atexit
2025-11-17 15:18:45,524 - INFO - Procurando Ghostscript no sistema...
2025-11-17 15:18:45,524 - INFO - Ghostscript encontrado no PATH: C:\Program Files\gs\gs10.06.0\bin\gswin64c.EXE
2025-11-17 15:18:45,524 - INFO - Perfil ICC encontrado: C:\Program Files\gs\gs10.06.0\iccprofiles\srgb.icc
2025-11-17 15:18:45,524 - INFO - PDF/A disponível: Ghostscript e ICC encontrados
2025-11-17 15:18:45,627 - INFO - ✅ Dependências verificadas:
2025-11-17 15:18:45,627 - INFO -    - PyPDF2: True
2025-11-17 15:18:45,627 - INFO -    - pikepdf: True
2025-11-17 15:18:45,627 - INFO -    - Ghostscript: True
2025-11-17 15:18:45,627 - INFO -    - PDF/A: True
2025-11-17 15:18:45,627 - INFO -    - Drag & Drop: True
2025-11-17 15:18:45,627 - INFO - Status PDF_LIBS_AVAILABLE: True
2025-11-17 15:18:45,627 - INFO - Status GHOSTSCRIPT_PATH: C:\Program Files\gs\gs10.06.0\bin\gswin64c.EXE
2025-11-17 15:18:45,627 - INFO - Status PIKEPDF_AVAILABLE: True
2025-11-17 15:18:45,627 - INFO - Status DND_AVAILABLE: True
2025-11-17 15:18:45,627 - INFO - Status PDFA_AVAILABLE: True
2025-11-17 15:18:45,627 - INFO - ✅ JuntaPDF inicializado com sucesso!
2025-11-17 15:18:45,627 - INFO - 🚀 Iniciando interface gráfica...
2025-11-17 15:18:50,903 - INFO - Arquivo adicionado: resposta do claude.pdf
2025-11-17 15:18:50,909 - INFO - Arquivo adicionado: $11_default_titlePri..._unido_6arquivos_2025-11-13_2319.pdf
2025-11-17 15:18:50,916 - INFO - Arquivo adicionado: paginateste1_unido_3arquivos_2025-11-13_2317.pdf
2025-11-17 15:18:50,916 - INFO - Arquivo adicionado: paginateste3_unido_3arquivos_2025-11-13_2314.pdf
2025-11-17 15:18:50,921 - INFO - Arquivo adicionado: cnu matricula_p1240-1300_PDFA.pdf
2025-11-17 15:18:51,078 - INFO - Arquivo adicionado: cnu matricula.pdf
2025-11-17 15:18:59,970 - INFO - Iniciando limpeza de arquivos temporários
2025-11-17 15:18:59,986 - INFO - 🧹 Finalizando JuntaPDF...
2025-11-17 15:18:59,986 - INFO - Iniciando limpeza de arquivos temporários
2025-11-17 15:19:00,001 - INFO - Iniciando limpeza de arquivos temporários
2025-11-17 15:19:02,156 - INFO - ============================================================
2025-11-17 15:19:02,156 - INFO - JuntaPDF Iniciado
2025-11-17 15:19:02,156 - INFO - Versão Python: 3.12.1 (tags/v3.12.1:2305ca5, Dec  7 2023, 22:03:25) [MSC v.1937 64 bit (AMD64)]
2025-11-17 15:19:02,156 - INFO - Diretório de Log: C:\Users\Pichau\AppData\Local\Temp\JuntaPDF_Logs
2025-11-17 15:19:02,156 - INFO - Política de retenção: 30 dias
2025-11-17 15:19:02,156 - INFO - Rotacionamento: 10MB
2025-11-17 15:19:02,156 - INFO - tkinterdnd2 disponível
2025-11-17 15:19:02,207 - INFO - PyPDF2 disponível
2025-11-17 15:19:02,212 - INFO - pikepdf C++ to Python logger bridge initialized
2025-11-17 15:19:02,259 - INFO - pikepdf disponível
2025-11-17 15:19:02,328 - INFO - Janela criada com suporte a Drag & Drop
2025-11-17 15:19:02,328 - INFO - Cleanup registrado no atexit
2025-11-17 15:19:02,328 - INFO - Procurando Ghostscript no sistema...
2025-11-17 15:19:02,338 - INFO - Ghostscript encontrado no PATH: C:\Program Files\gs\gs10.06.0\bin\gswin64c.EXE
2025-11-17 15:19:02,338 - INFO - Perfil ICC encontrado: C:\Program Files\gs\gs10.06.0\iccprofiles\srgb.icc
2025-11-17 15:19:02,338 - INFO - PDF/A disponível: Ghostscript e ICC encontrados
2025-11-17 15:19:02,370 - INFO - ✅ Dependências verificadas:
2025-11-17 15:19:02,370 - INFO -    - PyPDF2: True
2025-11-17 15:19:02,370 - INFO -    - pikepdf: True
2025-11-17 15:19:02,370 - INFO -    - Ghostscript: True
2025-11-17 15:19:02,370 - INFO -    - PDF/A: True
2025-11-17 15:19:02,370 - INFO -    - Drag & Drop: True
2025-11-17 15:19:02,370 - INFO - Status PDF_LIBS_AVAILABLE: True
2025-11-17 15:19:02,370 - INFO - Status GHOSTSCRIPT_PATH: C:\Program Files\gs\gs10.06.0\bin\gswin64c.EXE
2025-11-17 15:19:02,370 - INFO - Status PIKEPDF_AVAILABLE: True
2025-11-17 15:19:02,370 - INFO - Status DND_AVAILABLE: True
2025-11-17 15:19:02,370 - INFO - Status PDFA_AVAILABLE: True
2025-11-17 15:19:02,370 - INFO - ✅ JuntaPDF inicializado com sucesso!
2025-11-17 15:19:02,370 - INFO - 🚀 Iniciando interface gráfica...
2025-11-17 15:19:07,028 - INFO - Arquivo adicionado: resposta do claude.pdf
2025-11-17 15:19:07,034 - INFO - Arquivo adicionado: $11_default_titlePri..._unido_6arquivos_2025-11-13_2319.pdf
2025-11-17 15:19:07,034 - INFO - Arquivo adicionado: paginateste1_unido_3arquivos_2025-11-13_2317.pdf
2025-11-17 15:19:07,041 - INFO - Arquivo adicionado: paginateste3_unido_3arquivos_2025-11-13_2314.pdf
2025-11-17 15:19:07,052 - INFO - Arquivo adicionado: cnu matricula_p1240-1300_PDFA.pdf
2025-11-17 15:19:12,221 - INFO - Iniciando limpeza de arquivos temporários
2025-11-17 15:19:12,253 - INFO - 🧹 Finalizando JuntaPDF...
2025-11-17 15:19:12,253 - INFO - Iniciando limpeza de arquivos temporários
2025-11-17 15:19:12,253 - INFO - Iniciando limpeza de arquivos temporários
2025-11-17 15:23:15,447 - INFO - ============================================================
2025-11-17 15:23:15,447 - INFO - JuntaPDF Iniciado
2025-11-17 15:23:15,447 - INFO - Versão Python: 3.12.1 (tags/v3.12.1:2305ca5, Dec  7 2023, 22:03:25) [MSC v.1937 64 bit (AMD64)]
2025-11-17 15:23:15,447 - INFO - Diretório de Log: C:\Users\Pichau\AppData\Local\Temp\JuntaPDF_Logs
2025-11-17 15:23:15,447 - INFO - Política de retenção: 30 dias
2025-11-17 15:23:15,447 - INFO - Rotacionamento: 10MB
2025-11-17 15:23:15,447 - INFO - tkinterdnd2 disponível
2025-11-17 15:23:15,505 - INFO - PyPDF2 disponível
2025-11-17 15:23:15,505 - INFO - pikepdf C++ to Python logger bridge initialized
2025-11-17 15:23:15,558 - INFO - pikepdf disponível
2025-11-17 15:23:15,668 - INFO - Janela criada com suporte a Drag & Drop
2025-11-17 15:23:15,668 - INFO - Cleanup registrado no atexit
2025-11-17 15:23:15,668 - INFO - Procurando Ghostscript no sistema...
2025-11-17 15:23:15,668 - INFO - Ghostscript encontrado no PATH: C:\Program Files\gs\gs10.06.0\bin\gswin64c.EXE
2025-11-17 15:23:15,668 - INFO - Perfil ICC encontrado: C:\Program Files\gs\gs10.06.0\iccprofiles\srgb.icc
2025-11-17 15:23:15,668 - INFO - PDF/A disponível: Ghostscript e ICC encontrados
2025-11-17 15:23:15,764 - INFO - ✅ Dependências verificadas:
2025-11-17 15:23:15,764 - INFO -    - PyPDF2: True
2025-11-17 15:23:15,764 - INFO -    - pikepdf: True
2025-11-17 15:23:15,764 - INFO -    - Ghostscript: True
2025-11-17 15:23:15,764 - INFO -    - PDF/A: True
2025-11-17 15:23:15,764 - INFO -    - Drag & Drop: True
2025-11-17 15:23:15,764 - INFO - Status PDF_LIBS_AVAILABLE: True
2025-11-17 15:23:15,764 - INFO - Status GHOSTSCRIPT_PATH: C:\Program Files\gs\gs10.06.0\bin\gswin64c.EXE
2025-11-17 15:23:15,764 - INFO - Status PIKEPDF_AVAILABLE: True
2025-11-17 15:23:15,764 - INFO - Status DND_AVAILABLE: True
2025-11-17 15:23:15,764 - INFO - Status PDFA_AVAILABLE: True
2025-11-17 15:23:15,764 - INFO - ✅ JuntaPDF inicializado com sucesso!
2025-11-17 15:23:15,764 - INFO - 🚀 Iniciando interface gráfica...
2025-11-17 15:23:18,808 - INFO - Arquivo adicionado: resposta do claude.pdf
2025-11-17 15:23:18,814 - INFO - Arquivo adicionado: $11_default_titlePri..._unido_6arquivos_2025-11-13_2319.pdf
2025-11-17 15:23:18,819 - INFO - Arquivo adicionado: paginateste1_unido_3arquivos_2025-11-13_2317.pdf
2025-11-17 15:23:18,819 - INFO - Arquivo adicionado: paginateste3_unido_3arquivos_2025-11-13_2314.pdf
2025-11-17 15:23:35,172 - INFO - Iniciando limpeza de arquivos temporários
2025-11-17 15:23:35,220 - INFO - 🧹 Finalizando JuntaPDF...
2025-11-17 15:23:35,220 - INFO - Iniciando limpeza de arquivos temporários
2025-11-17 15:23:35,220 - INFO - Iniciando limpeza de arquivos temporários
2025-11-17 15:25:25,400 - INFO - ============================================================
2025-11-17 15:25:25,400 - INFO - JuntaPDF Iniciado
2025-11-17 15:25:25,400 - INFO - Versão Python: 3.12.1 (tags/v3.12.1:2305ca5, Dec  7 2023, 22:03:25) [MSC v.1937 64 bit (AMD64)]
2025-11-17 15:25:25,400 - INFO - Diretório de Log: C:\Users\Pichau\AppData\Local\Temp\JuntaPDF_Logs
2025-11-17 15:25:25,400 - INFO - Política de retenção: 30 dias
2025-11-17 15:25:25,400 - INFO - Rotacionamento: 10MB
2025-11-17 15:25:25,406 - INFO - tkinterdnd2 disponível
2025-11-17 15:25:25,454 - INFO - PyPDF2 disponível
2025-11-17 15:25:25,454 - INFO - pikepdf C++ to Python logger bridge initialized
2025-11-17 15:25:25,503 - INFO - pikepdf disponível
2025-11-17 15:25:25,613 - INFO - Janela criada com suporte a Drag & Drop
2025-11-17 15:25:25,613 - INFO - Cleanup registrado no atexit
2025-11-17 15:25:25,613 - INFO - Procurando Ghostscript no sistema...
2025-11-17 15:25:25,613 - INFO - Ghostscript encontrado no PATH: C:\Program Files\gs\gs10.06.0\bin\gswin64c.EXE
2025-11-17 15:25:25,613 - INFO - Perfil ICC encontrado: C:\Program Files\gs\gs10.06.0\iccprofiles\srgb.icc
2025-11-17 15:25:25,613 - INFO - PDF/A disponível: Ghostscript e ICC encontrados
2025-11-17 15:25:25,708 - INFO - ✅ Dependências verificadas:
2025-11-17 15:25:25,708 - INFO -    - PyPDF2: True
2025-11-17 15:25:25,708 - INFO -    - pikepdf: True
2025-11-17 15:25:25,708 - INFO -    - Ghostscript: True
2025-11-17 15:25:25,708 - INFO -    - PDF/A: True
2025-11-17 15:25:25,708 - INFO -    - Drag & Drop: True
2025-11-17 15:25:25,708 - INFO - Status PDF_LIBS_AVAILABLE: True
2025-11-17 15:25:25,708 - INFO - Status GHOSTSCRIPT_PATH: C:\Program Files\gs\gs10.06.0\bin\gswin64c.EXE
2025-11-17 15:25:25,708 - INFO - Status PIKEPDF_AVAILABLE: True
2025-11-17 15:25:25,708 - INFO - Status DND_AVAILABLE: True
2025-11-17 15:25:25,708 - INFO - Status PDFA_AVAILABLE: True
2025-11-17 15:25:25,708 - INFO - ✅ JuntaPDF inicializado com sucesso!
2025-11-17 15:25:25,708 - INFO - 🚀 Iniciando interface gráfica...
2025-11-17 15:25:30,689 - INFO - Arquivo adicionado: resposta do claude.pdf
2025-11-17 15:25:30,696 - INFO - Arquivo adicionado: $11_default_titlePri..._unido_6arquivos_2025-11-13_2319.pdf
2025-11-17 15:25:30,696 - INFO - Arquivo adicionado: paginateste1_unido_3arquivos_2025-11-13_2317.pdf
2025-11-17 15:25:30,696 - INFO - Arquivo adicionado: paginateste3_unido_3arquivos_2025-11-13_2314.pdf
2025-11-17 15:25:30,705 - INFO - Arquivo adicionado: cnu matricula_p1240-1300_PDFA.pdf
2025-11-17 15:25:30,885 - INFO - Arquivo adicionado: cnu matricula.pdf
2025-11-17 15:25:40,497 - INFO - Iniciando limpeza de arquivos temporários
2025-11-17 15:25:40,531 - INFO - 🧹 Finalizando JuntaPDF...
2025-11-17 15:25:40,531 - INFO - Iniciando limpeza de arquivos temporários
2025-11-17 15:25:40,531 - INFO - Iniciando limpeza de arquivos temporários
2025-11-17 15:36:00,941 - INFO - ============================================================
2025-11-17 15:36:00,950 - INFO - JuntaPDF Iniciado
2025-11-17 15:36:00,950 - INFO - Versão Python: 3.12.1 (tags/v3.12.1:2305ca5, Dec  7 2023, 22:03:25) [MSC v.1937 64 bit (AMD64)]
2025-11-17 15:36:00,950 - INFO - Diretório de Log: C:\Users\Pichau\AppData\Local\Temp\JuntaPDF_Logs
2025-11-17 15:36:00,950 - INFO - Política de retenção: 30 dias
2025-11-17 15:36:00,950 - INFO - Rotacionamento: 10MB
2025-11-17 15:36:00,952 - INFO - tkinterdnd2 disponível
2025-11-17 15:36:01,021 - INFO - PyPDF2 disponível
2025-11-17 15:36:01,023 - INFO - pikepdf C++ to Python logger bridge initialized
2025-11-17 15:36:01,050 - INFO - pikepdf disponível
2025-11-17 15:36:01,190 - INFO - Janela criada com suporte a Drag & Drop
2025-11-17 15:36:01,190 - INFO - Cleanup registrado no atexit
2025-11-17 15:36:01,190 - INFO - Procurando Ghostscript no sistema...
2025-11-17 15:36:01,190 - INFO - Ghostscript encontrado no PATH: C:\Program Files\gs\gs10.06.0\bin\gswin64c.EXE
2025-11-17 15:36:01,190 - INFO - Perfil ICC encontrado: C:\Program Files\gs\gs10.06.0\iccprofiles\srgb.icc
2025-11-17 15:36:01,190 - INFO - PDF/A disponível: Ghostscript e ICC encontrados
2025-11-17 15:36:01,285 - INFO - ✅ Dependências verificadas:
2025-11-17 15:36:01,285 - INFO -    - PyPDF2: True
2025-11-17 15:36:01,285 - INFO -    - pikepdf: True
2025-11-17 15:36:01,285 - INFO -    - Ghostscript: True
2025-11-17 15:36:01,285 - INFO -    - PDF/A: True
2025-11-17 15:36:01,285 - INFO -    - Drag & Drop: True
2025-11-17 15:36:01,285 - INFO - Status PDF_LIBS_AVAILABLE: True
2025-11-17 15:36:01,285 - INFO - Status GHOSTSCRIPT_PATH: C:\Program Files\gs\gs10.06.0\bin\gswin64c.EXE
2025-11-17 15:36:01,285 - INFO - Status PIKEPDF_AVAILABLE: True
2025-11-17 15:36:01,285 - INFO - Status DND_AVAILABLE: True
2025-11-17 15:36:01,285 - INFO - Status PDFA_AVAILABLE: True
2025-11-17 15:36:01,285 - INFO - ✅ JuntaPDF inicializado com sucesso!
2025-11-17 15:36:01,285 - INFO - 🚀 Iniciando interface gráfica...
2025-11-17 15:36:07,278 - INFO - Arquivo adicionado: resposta do claude.pdf
2025-11-17 15:36:07,284 - INFO - Arquivo adicionado: $11_default_titlePri..._unido_6arquivos_2025-11-13_2319.pdf
2025-11-17 15:36:07,285 - INFO - Arquivo adicionado: paginateste1_unido_3arquivos_2025-11-13_2317.pdf
2025-11-17 15:36:07,285 - INFO - Arquivo adicionado: paginateste3_unido_3arquivos_2025-11-13_2314.pdf
2025-11-17 15:36:07,295 - INFO - Arquivo adicionado: cnu matricula_p1240-1300_PDFA.pdf
2025-11-17 15:36:07,457 - INFO - Arquivo adicionado: cnu matricula.pdf
2025-11-17 16:01:47,487 - INFO - ============================================================
2025-11-17 16:01:47,487 - INFO - JuntaPDF Iniciado
2025-11-17 16:01:47,487 - INFO - Versão Python: 3.12.1 (tags/v3.12.1:2305ca5, Dec  7 2023, 22:03:25) [MSC v.1937 64 bit (AMD64)]
2025-11-17 16:01:47,487 - INFO - Diretório de Log: C:\Users\Pichau\AppData\Local\Temp\JuntaPDF_Logs
2025-11-17 16:01:47,487 - INFO - Política de retenção: 30 dias
2025-11-17 16:01:47,487 - INFO - Rotacionamento: 10MB
2025-11-17 16:01:47,487 - INFO - tkinterdnd2 disponível
2025-11-17 16:01:47,549 - INFO - PyPDF2 disponível
2025-11-17 16:01:47,553 - INFO - pikepdf C++ to Python logger bridge initialized
2025-11-17 16:01:47,598 - INFO - pikepdf disponível
2025-11-17 16:01:47,724 - INFO - Janela criada com suporte a Drag & Drop
2025-11-17 16:01:47,724 - INFO - Cleanup registrado no atexit
2025-11-17 16:01:47,724 - INFO - Procurando Ghostscript no sistema...
2025-11-17 16:01:47,724 - INFO - Ghostscript encontrado no PATH: C:\Program Files\gs\gs10.06.0\bin\gswin64c.EXE
2025-11-17 16:01:47,724 - INFO - Perfil ICC encontrado: C:\Program Files\gs\gs10.06.0\iccprofiles\srgb.icc
2025-11-17 16:01:47,724 - INFO - PDF/A disponível: Ghostscript e ICC encontrados
2025-11-17 16:01:47,816 - INFO - ✅ Dependências verificadas:
2025-11-17 16:01:47,816 - INFO -    - PyPDF2: True
2025-11-17 16:01:47,832 - INFO -    - pikepdf: True
2025-11-17 16:01:47,832 - INFO -    - Ghostscript: True
2025-11-17 16:01:47,832 - INFO -    - PDF/A: True
2025-11-17 16:01:47,832 - INFO -    - Drag & Drop: True
2025-11-17 16:01:47,832 - INFO - Status PDF_LIBS_AVAILABLE: True
2025-11-17 16:01:47,832 - INFO - Status GHOSTSCRIPT_PATH: C:\Program Files\gs\gs10.06.0\bin\gswin64c.EXE
2025-11-17 16:01:47,832 - INFO - Status PIKEPDF_AVAILABLE: True
2025-11-17 16:01:47,832 - INFO - Status DND_AVAILABLE: True
2025-11-17 16:01:47,832 - INFO - Status PDFA_AVAILABLE: True
2025-11-17 16:01:47,832 - INFO - ✅ JuntaPDF inicializado com sucesso!
2025-11-17 16:01:47,832 - INFO - 🚀 Iniciando interface gráfica...
2025-11-17 16:01:51,794 - INFO - Arquivo adicionado: resposta do claude.pdf
2025-11-17 16:01:51,799 - INFO - Arquivo adicionado: $11_default_titlePri..._unido_6arquivos_2025-11-13_2319.pdf
2025-11-17 16:01:51,800 - INFO - Arquivo adicionado: paginateste1_unido_3arquivos_2025-11-13_2317.pdf
2025-11-17 16:01:51,805 - INFO - Arquivo adicionado: paginateste3_unido_3arquivos_2025-11-13_2314.pdf
2025-11-17 16:02:22,145 - INFO - Iniciando limpeza de arquivos temporários
2025-11-17 16:02:22,183 - INFO - 🧹 Finalizando JuntaPDF...
2025-11-17 16:02:22,183 - INFO - Iniciando limpeza de arquivos temporários
2025-11-17 16:02:22,183 - INFO - Iniciando limpeza de arquivos temporários
2025-11-17 16:02:24,582 - INFO - ============================================================
2025-11-17 16:02:24,582 - INFO - JuntaPDF Iniciado
2025-11-17 16:02:24,582 - INFO - Versão Python: 3.12.1 (tags/v3.12.1:2305ca5, Dec  7 2023, 22:03:25) [MSC v.1937 64 bit (AMD64)]
2025-11-17 16:02:24,582 - INFO - Diretório de Log: C:\Users\Pichau\AppData\Local\Temp\JuntaPDF_Logs
2025-11-17 16:02:24,582 - INFO - Política de retenção: 30 dias
2025-11-17 16:02:24,582 - INFO - Rotacionamento: 10MB
2025-11-17 16:02:24,582 - INFO - tkinterdnd2 disponível
2025-11-17 16:02:24,641 - INFO - PyPDF2 disponível
2025-11-17 16:02:24,645 - INFO - pikepdf C++ to Python logger bridge initialized
2025-11-17 16:02:24,691 - INFO - pikepdf disponível
2025-11-17 16:02:24,768 - INFO - Janela criada com suporte a Drag & Drop
2025-11-17 16:02:24,768 - INFO - Cleanup registrado no atexit
2025-11-17 16:02:24,768 - INFO - Procurando Ghostscript no sistema...
2025-11-17 16:02:24,768 - INFO - Ghostscript encontrado no PATH: C:\Program Files\gs\gs10.06.0\bin\gswin64c.EXE
2025-11-17 16:02:24,768 - INFO - Perfil ICC encontrado: C:\Program Files\gs\gs10.06.0\iccprofiles\srgb.icc
2025-11-17 16:02:24,768 - INFO - PDF/A disponível: Ghostscript e ICC encontrados
2025-11-17 16:02:24,800 - INFO - ✅ Dependências verificadas:
2025-11-17 16:02:24,800 - INFO -    - PyPDF2: True
2025-11-17 16:02:24,800 - INFO -    - pikepdf: True
2025-11-17 16:02:24,800 - INFO -    - Ghostscript: True
2025-11-17 16:02:24,800 - INFO -    - PDF/A: True
2025-11-17 16:02:24,800 - INFO -    - Drag & Drop: True
2025-11-17 16:02:24,800 - INFO - Status PDF_LIBS_AVAILABLE: True
2025-11-17 16:02:24,800 - INFO - Status GHOSTSCRIPT_PATH: C:\Program Files\gs\gs10.06.0\bin\gswin64c.EXE
2025-11-17 16:02:24,800 - INFO - Status PIKEPDF_AVAILABLE: True
2025-11-17 16:02:24,800 - INFO - Status DND_AVAILABLE: True
2025-11-17 16:02:24,800 - INFO - Status PDFA_AVAILABLE: True
2025-11-17 16:02:24,800 - INFO - ✅ JuntaPDF inicializado com sucesso!
2025-11-17 16:02:24,800 - INFO - 🚀 Iniciando interface gráfica...
2025-11-17 16:02:30,281 - INFO - Arquivo adicionado: $11_default_titlePri..._unido_6arquivos_2025-11-13_2319.pdf
2025-11-17 16:02:30,286 - INFO - Arquivo adicionado: paginateste1_unido_3arquivos_2025-11-13_2317.pdf
2025-11-17 16:02:30,290 - INFO - Arquivo adicionado: paginateste3_unido_3arquivos_2025-11-13_2314.pdf
2025-11-17 16:02:30,296 - INFO - Arquivo adicionado: cnu matricula_p1240-1300_PDFA.pdf
2025-11-17 16:02:30,472 - INFO - Arquivo adicionado: cnu matricula.pdf
2025-11-17 16:02:37,952 - INFO - ============================================================
2025-11-17 16:02:37,952 - INFO - JuntaPDF Iniciado
2025-11-17 16:02:37,952 - INFO - Versão Python: 3.12.1 (tags/v3.12.1:2305ca5, Dec  7 2023, 22:03:25) [MSC v.1937 64 bit (AMD64)]
2025-11-17 16:02:37,952 - INFO - Diretório de Log: C:\Users\Pichau\AppData\Local\Temp\JuntaPDF_Logs
2025-11-17 16:02:37,952 - INFO - Política de retenção: 30 dias
2025-11-17 16:02:37,952 - INFO - Rotacionamento: 10MB
2025-11-17 16:02:37,989 - INFO - tkinterdnd2 disponível
2025-11-17 16:02:38,487 - INFO - PyPDF2 disponível
2025-11-17 16:02:38,503 - INFO - pikepdf C++ to Python logger bridge initialized
2025-11-17 16:02:38,896 - INFO - pikepdf disponível
2025-11-17 16:02:38,979 - INFO - Janela criada com suporte a Drag & Drop
2025-11-17 16:02:38,979 - INFO - Cleanup registrado no atexit
2025-11-17 16:02:38,979 - INFO - Procurando Ghostscript no sistema...
2025-11-17 16:02:38,988 - INFO - Ghostscript encontrado no PATH: C:\Program Files\gs\gs10.06.0\bin\gswin64c.EXE
2025-11-17 16:02:38,988 - INFO - Perfil ICC encontrado: C:\Program Files\gs\gs10.06.0\iccprofiles\srgb.icc
2025-11-17 16:02:38,988 - INFO - PDF/A disponível: Ghostscript e ICC encontrados
2025-11-17 16:02:39,020 - INFO - ✅ Dependências verificadas:
2025-11-17 16:02:39,020 - INFO -    - PyPDF2: True
2025-11-17 16:02:39,020 - INFO -    - pikepdf: True
2025-11-17 16:02:39,020 - INFO -    - Ghostscript: True
2025-11-17 16:02:39,020 - INFO -    - PDF/A: True
2025-11-17 16:02:39,020 - INFO -    - Drag & Drop: True
2025-11-17 16:02:39,020 - INFO - Status PDF_LIBS_AVAILABLE: True
2025-11-17 16:02:39,020 - INFO - Status GHOSTSCRIPT_PATH: C:\Program Files\gs\gs10.06.0\bin\gswin64c.EXE
2025-11-17 16:02:39,020 - INFO - Status PIKEPDF_AVAILABLE: True
2025-11-17 16:02:39,020 - INFO - Status DND_AVAILABLE: True
2025-11-17 16:02:39,020 - INFO - Status PDFA_AVAILABLE: True
2025-11-17 16:02:39,020 - INFO - ✅ JuntaPDF inicializado com sucesso!
2025-11-17 16:02:39,020 - INFO - 🚀 Iniciando interface gráfica...
2025-11-17 16:02:40,909 - INFO - Iniciando limpeza de arquivos temporários
2025-11-17 16:02:40,941 - INFO - 🧹 Finalizando JuntaPDF...
2025-11-17 16:02:40,941 - INFO - Iniciando limpeza de arquivos temporários
2025-11-17 16:02:40,941 - INFO - Iniciando limpeza de arquivos temporários
2025-11-17 16:03:20,254 - INFO - ============================================================
2025-11-17 16:03:20,254 - INFO - JuntaPDF Iniciado
2025-11-17 16:03:20,254 - INFO - Versão Python: 3.12.1 (tags/v3.12.1:2305ca5, Dec  7 2023, 22:03:25) [MSC v.1937 64 bit (AMD64)]
2025-11-17 16:03:20,254 - INFO - Diretório de Log: C:\Users\Pichau\AppData\Local\Temp\JuntaPDF_Logs
2025-11-17 16:03:20,254 - INFO - Política de retenção: 30 dias
2025-11-17 16:03:20,254 - INFO - Rotacionamento: 10MB
2025-11-17 16:03:20,254 - INFO - tkinterdnd2 disponível
2025-11-17 16:03:20,301 - INFO - PyPDF2 disponível
2025-11-17 16:03:20,301 - INFO - pikepdf C++ to Python logger bridge initialized
2025-11-17 16:03:20,353 - INFO - pikepdf disponível
2025-11-17 16:03:20,441 - INFO - Janela criada com suporte a Drag & Drop
2025-11-17 16:03:20,441 - INFO - Cleanup registrado no atexit
2025-11-17 16:03:20,441 - INFO - Procurando Ghostscript no sistema...
2025-11-17 16:03:20,444 - INFO - Ghostscript encontrado no PATH: C:\Program Files\gs\gs10.06.0\bin\gswin64c.EXE
2025-11-17 16:03:20,444 - INFO - Perfil ICC encontrado: C:\Program Files\gs\gs10.06.0\iccprofiles\srgb.icc
2025-11-17 16:03:20,444 - INFO - PDF/A disponível: Ghostscript e ICC encontrados
2025-11-17 16:03:20,472 - INFO - ✅ Dependências verificadas:
2025-11-17 16:03:20,472 - INFO -    - PyPDF2: True
2025-11-17 16:03:20,472 - INFO -    - pikepdf: True
2025-11-17 16:03:20,472 - INFO -    - Ghostscript: True
2025-11-17 16:03:20,472 - INFO -    - PDF/A: True
2025-11-17 16:03:20,472 - INFO -    - Drag & Drop: True
2025-11-17 16:03:20,472 - INFO - Status PDF_LIBS_AVAILABLE: True
2025-11-17 16:03:20,472 - INFO - Status GHOSTSCRIPT_PATH: C:\Program Files\gs\gs10.06.0\bin\gswin64c.EXE
2025-11-17 16:03:20,472 - INFO - Status PIKEPDF_AVAILABLE: True
2025-11-17 16:03:20,472 - INFO - Status DND_AVAILABLE: True
2025-11-17 16:03:20,472 - INFO - Status PDFA_AVAILABLE: True
2025-11-17 16:03:20,472 - INFO - ✅ JuntaPDF inicializado com sucesso!
2025-11-17 16:03:20,472 - INFO - 🚀 Iniciando interface gráfica...
2025-11-17 16:03:24,256 - INFO - Iniciando limpeza de arquivos temporários
2025-11-17 16:03:24,295 - INFO - 🧹 Finalizando JuntaPDF...
2025-11-17 16:03:24,295 - INFO - Iniciando limpeza de arquivos temporários
2025-11-17 16:03:24,296 - INFO - Iniciando limpeza de arquivos temporários
2025-11-17 16:03:30,727 - INFO - Iniciando limpeza de arquivos temporários
2025-11-17 16:03:30,755 - INFO - 🧹 Finalizando JuntaPDF...
2025-11-17 16:03:30,755 - INFO - Iniciando limpeza de arquivos temporários
2025-11-17 16:03:30,760 - INFO - Iniciando limpeza de arquivos temporários
2025-11-17 16:03:32,192 - INFO - ============================================================
2025-11-17 16:03:32,192 - INFO - JuntaPDF Iniciado
2025-11-17 16:03:32,192 - INFO - Versão Python: 3.12.1 (tags/v3.12.1:2305ca5, Dec  7 2023, 22:03:25) [MSC v.1937 64 bit (AMD64)]
2025-11-17 16:03:32,192 - INFO - Diretório de Log: C:\Users\Pichau\AppData\Local\Temp\JuntaPDF_Logs
2025-11-17 16:03:32,192 - INFO - Política de retenção: 30 dias
2025-11-17 16:03:32,192 - INFO - Rotacionamento: 10MB
2025-11-17 16:03:32,192 - INFO - tkinterdnd2 disponível
2025-11-17 16:03:32,239 - INFO - PyPDF2 disponível
2025-11-17 16:03:32,239 - INFO - pikepdf C++ to Python logger bridge initialized
2025-11-17 16:03:32,284 - INFO - pikepdf disponível
2025-11-17 16:03:32,363 - INFO - Janela criada com suporte a Drag & Drop
2025-11-17 16:03:32,363 - INFO - Cleanup registrado no atexit
2025-11-17 16:03:32,363 - INFO - Procurando Ghostscript no sistema...
2025-11-17 16:03:32,363 - INFO - Ghostscript encontrado no PATH: C:\Program Files\gs\gs10.06.0\bin\gswin64c.EXE
2025-11-17 16:03:32,363 - INFO - Perfil ICC encontrado: C:\Program Files\gs\gs10.06.0\iccprofiles\srgb.icc
2025-11-17 16:03:32,363 - INFO - PDF/A disponível: Ghostscript e ICC encontrados
2025-11-17 16:03:32,410 - INFO - ✅ Dependências verificadas:
2025-11-17 16:03:32,410 - INFO -    - PyPDF2: True
2025-11-17 16:03:32,410 - INFO -    - pikepdf: True
2025-11-17 16:03:32,410 - INFO -    - Ghostscript: True
2025-11-17 16:03:32,410 - INFO -    - PDF/A: True
2025-11-17 16:03:32,410 - INFO -    - Drag & Drop: True
2025-11-17 16:03:32,410 - INFO - Status PDF_LIBS_AVAILABLE: True
2025-11-17 16:03:32,410 - INFO - Status GHOSTSCRIPT_PATH: C:\Program Files\gs\gs10.06.0\bin\gswin64c.EXE
2025-11-17 16:03:32,410 - INFO - Status PIKEPDF_AVAILABLE: True
2025-11-17 16:03:32,410 - INFO - Status DND_AVAILABLE: True
2025-11-17 16:03:32,410 - INFO - Status PDFA_AVAILABLE: True
2025-11-17 16:03:32,410 - INFO - ✅ JuntaPDF inicializado com sucesso!
2025-11-17 16:03:32,410 - INFO - 🚀 Iniciando interface gráfica...
2025-11-17 16:03:37,269 - INFO - Arquivo adicionado: PROF SUBSTITUTO_comprimido_pdfa_comprimido_pdfa_comprimido_pdfa.pdf
2025-11-17 16:03:37,285 - INFO - Arquivo adicionado: PROF SUBSTITUTO_comprimido_pdfa_comprimido_pdfa.pdf
2025-11-17 16:03:37,285 - INFO - Arquivo adicionado: paginateste3.pdf
2025-11-17 16:03:37,301 - INFO - Arquivo adicionado: paginateste2.pdf
2025-11-17 16:03:37,304 - INFO - Arquivo adicionado: paginateste1.pdf
2025-11-17 16:03:37,306 - INFO - Arquivo adicionado: StartDynamicContent - 2025-11-10T114922.412.pdf
2025-11-17 16:03:56,067 - INFO - Iniciando limpeza de arquivos temporários
2025-11-17 16:03:56,106 - INFO - 🧹 Finalizando JuntaPDF...
2025-11-17 16:03:56,108 - INFO - Iniciando limpeza de arquivos temporários
2025-11-17 16:03:56,108 - INFO - Iniciando limpeza de arquivos temporários
2025-11-17 16:03:59,294 - INFO - ============================================================
2025-11-17 16:03:59,294 - INFO - JuntaPDF Iniciado
2025-11-17 16:03:59,294 - INFO - Versão Python: 3.12.1 (tags/v3.12.1:2305ca5, Dec  7 2023, 22:03:25) [MSC v.1937 64 bit (AMD64)]
2025-11-17 16:03:59,294 - INFO - Diretório de Log: C:\Users\Pichau\AppData\Local\Temp\JuntaPDF_Logs
2025-11-17 16:03:59,295 - INFO - Política de retenção: 30 dias
2025-11-17 16:03:59,295 - INFO - Rotacionamento: 10MB
2025-11-17 16:03:59,297 - INFO - tkinterdnd2 disponível
2025-11-17 16:03:59,333 - INFO - PyPDF2 disponível
2025-11-17 16:03:59,333 - INFO - pikepdf C++ to Python logger bridge initialized
2025-11-17 16:03:59,382 - INFO - pikepdf disponível
2025-11-17 16:03:59,463 - INFO - Janela criada com suporte a Drag & Drop
2025-11-17 16:03:59,463 - INFO - Cleanup registrado no atexit
2025-11-17 16:03:59,463 - INFO - Procurando Ghostscript no sistema...
2025-11-17 16:03:59,463 - INFO - Ghostscript encontrado no PATH: C:\Program Files\gs\gs10.06.0\bin\gswin64c.EXE
2025-11-17 16:03:59,463 - INFO - Perfil ICC encontrado: C:\Program Files\gs\gs10.06.0\iccprofiles\srgb.icc
2025-11-17 16:03:59,463 - INFO - PDF/A disponível: Ghostscript e ICC encontrados
2025-11-17 16:03:59,505 - INFO - ✅ Dependências verificadas:
2025-11-17 16:03:59,505 - INFO -    - PyPDF2: True
2025-11-17 16:03:59,505 - INFO -    - pikepdf: True
2025-11-17 16:03:59,505 - INFO -    - Ghostscript: True
2025-11-17 16:03:59,505 - INFO -    - PDF/A: True
2025-11-17 16:03:59,505 - INFO -    - Drag & Drop: True
2025-11-17 16:03:59,505 - INFO - Status PDF_LIBS_AVAILABLE: True
2025-11-17 16:03:59,505 - INFO - Status GHOSTSCRIPT_PATH: C:\Program Files\gs\gs10.06.0\bin\gswin64c.EXE
2025-11-17 16:03:59,505 - INFO - Status PIKEPDF_AVAILABLE: True
2025-11-17 16:03:59,505 - INFO - Status DND_AVAILABLE: True
2025-11-17 16:03:59,505 - INFO - Status PDFA_AVAILABLE: True
2025-11-17 16:03:59,506 - INFO - ✅ JuntaPDF inicializado com sucesso!
2025-11-17 16:03:59,506 - INFO - 🚀 Iniciando interface gráfica...
2025-11-17 16:04:03,215 - INFO - Arquivo adicionado: $11_default_titlePri..._unido_6arquivos_2025-11-13_2319.pdf
2025-11-17 16:04:03,225 - INFO - Arquivo adicionado: paginateste1_unido_3arquivos_2025-11-13_2317.pdf
2025-11-17 16:04:03,227 - INFO - Arquivo adicionado: paginateste3_unido_3arquivos_2025-11-13_2314.pdf
2025-11-17 16:04:03,235 - INFO - Arquivo adicionado: cnu matricula_p1240-1300_PDFA.pdf
2025-11-17 16:04:03,405 - INFO - Arquivo adicionado: cnu matricula.pdf
2025-11-17 16:04:28,175 - INFO - Iniciando limpeza de arquivos temporários
2025-11-17 16:04:28,223 - INFO - 🧹 Finalizando JuntaPDF...
2025-11-17 16:04:28,223 - INFO - Iniciando limpeza de arquivos temporários
2025-11-17 16:04:28,223 - INFO - Iniciando limpeza de arquivos temporários
2025-11-17 16:04:30,810 - INFO - ============================================================
2025-11-17 16:04:30,810 - INFO - JuntaPDF Iniciado
2025-11-17 16:04:30,810 - INFO - Versão Python: 3.12.1 (tags/v3.12.1:2305ca5, Dec  7 2023, 22:03:25) [MSC v.1937 64 bit (AMD64)]
2025-11-17 16:04:30,810 - INFO - Diretório de Log: C:\Users\Pichau\AppData\Local\Temp\JuntaPDF_Logs
2025-11-17 16:04:30,810 - INFO - Política de retenção: 30 dias
2025-11-17 16:04:30,810 - INFO - Rotacionamento: 10MB
2025-11-17 16:04:30,814 - INFO - tkinterdnd2 disponível
2025-11-17 16:04:30,856 - INFO - PyPDF2 disponível
2025-11-17 16:04:30,856 - INFO - pikepdf C++ to Python logger bridge initialized
2025-11-17 16:04:30,897 - INFO - pikepdf disponível
2025-11-17 16:04:30,983 - INFO - Janela criada com suporte a Drag & Drop
2025-11-17 16:04:30,984 - INFO - Cleanup registrado no atexit
2025-11-17 16:04:30,984 - INFO - Procurando Ghostscript no sistema...
2025-11-17 16:04:30,986 - INFO - Ghostscript encontrado no PATH: C:\Program Files\gs\gs10.06.0\bin\gswin64c.EXE
2025-11-17 16:04:30,986 - INFO - Perfil ICC encontrado: C:\Program Files\gs\gs10.06.0\iccprofiles\srgb.icc
2025-11-17 16:04:30,986 - INFO - PDF/A disponível: Ghostscript e ICC encontrados
2025-11-17 16:04:31,025 - INFO - ✅ Dependências verificadas:
2025-11-17 16:04:31,025 - INFO -    - PyPDF2: True
2025-11-17 16:04:31,025 - INFO -    - pikepdf: True
2025-11-17 16:04:31,025 - INFO -    - Ghostscript: True
2025-11-17 16:04:31,025 - INFO -    - PDF/A: True
2025-11-17 16:04:31,025 - INFO -    - Drag & Drop: True
2025-11-17 16:04:31,025 - INFO - Status PDF_LIBS_AVAILABLE: True
2025-11-17 16:04:31,025 - INFO - Status GHOSTSCRIPT_PATH: C:\Program Files\gs\gs10.06.0\bin\gswin64c.EXE
2025-11-17 16:04:31,025 - INFO - Status PIKEPDF_AVAILABLE: True
2025-11-17 16:04:31,026 - INFO - Status DND_AVAILABLE: True
2025-11-17 16:04:31,026 - INFO - Status PDFA_AVAILABLE: True
2025-11-17 16:04:31,026 - INFO - ✅ JuntaPDF inicializado com sucesso!
2025-11-17 16:04:31,026 - INFO - 🚀 Iniciando interface gráfica...
2025-11-17 16:04:34,075 - INFO - Arquivo adicionado: resposta do claude.pdf
2025-11-17 16:04:34,080 - INFO - Arquivo adicionado: $11_default_titlePri..._unido_6arquivos_2025-11-13_2319.pdf
2025-11-17 16:04:34,082 - INFO - Arquivo adicionado: paginateste1_unido_3arquivos_2025-11-13_2317.pdf
2025-11-17 16:04:34,087 - INFO - Arquivo adicionado: paginateste3_unido_3arquivos_2025-11-13_2314.pdf
2025-11-17 16:04:34,094 - INFO - Arquivo adicionado: cnu matricula_p1240-1300_PDFA.pdf
2025-11-17 16:04:34,255 - INFO - Arquivo adicionado: cnu matricula.pdf
2025-11-17 16:04:38,582 - INFO - Arquivo removido: $11_default_titlePri..._unido_6arquivos_2025-11-13_2319.pdf
2025-11-17 16:04:40,697 - INFO - Arquivo removido: paginateste3_unido_3arquivos_2025-11-13_2314.pdf
2025-11-17 16:04:42,535 - INFO - Arquivo removido: resposta do claude.pdf
2025-11-17 16:04:45,129 - INFO - Arquivo removido: cnu matricula.pdf
2025-11-17 16:04:45,940 - INFO - Iniciando limpeza de arquivos temporários
2025-11-17 16:04:45,972 - INFO - 🧹 Finalizando JuntaPDF...
2025-11-17 16:04:45,972 - INFO - Iniciando limpeza de arquivos temporários
2025-11-17 16:04:45,972 - INFO - Iniciando limpeza de arquivos temporários
2025-11-17 16:04:52,435 - INFO - ============================================================
2025-11-17 16:04:52,435 - INFO - JuntaPDF Iniciado
2025-11-17 16:04:52,435 - INFO - Versão Python: 3.12.1 (tags/v3.12.1:2305ca5, Dec  7 2023, 22:03:25) [MSC v.1937 64 bit (AMD64)]
2025-11-17 16:04:52,435 - INFO - Diretório de Log: C:\Users\Pichau\AppData\Local\Temp\JuntaPDF_Logs
2025-11-17 16:04:52,437 - INFO - Política de retenção: 30 dias
2025-11-17 16:04:52,437 - INFO - Rotacionamento: 10MB
2025-11-17 16:04:52,439 - INFO - tkinterdnd2 disponível
2025-11-17 16:04:52,472 - INFO - PyPDF2 disponível
2025-11-17 16:04:52,472 - INFO - pikepdf C++ to Python logger bridge initialized
2025-11-17 16:04:52,522 - INFO - pikepdf disponível
2025-11-17 16:04:52,599 - INFO - Janela criada com suporte a Drag & Drop
2025-11-17 16:04:52,599 - INFO - Cleanup registrado no atexit
2025-11-17 16:04:52,599 - INFO - Procurando Ghostscript no sistema...
2025-11-17 16:04:52,599 - INFO - Ghostscript encontrado no PATH: C:\Program Files\gs\gs10.06.0\bin\gswin64c.EXE
2025-11-17 16:04:52,599 - INFO - Perfil ICC encontrado: C:\Program Files\gs\gs10.06.0\iccprofiles\srgb.icc
2025-11-17 16:04:52,599 - INFO - PDF/A disponível: Ghostscript e ICC encontrados
2025-11-17 16:04:52,634 - INFO - ✅ Dependências verificadas:
2025-11-17 16:04:52,634 - INFO -    - PyPDF2: True
2025-11-17 16:04:52,634 - INFO -    - pikepdf: True
2025-11-17 16:04:52,634 - INFO -    - Ghostscript: True
2025-11-17 16:04:52,634 - INFO -    - PDF/A: True
2025-11-17 16:04:52,634 - INFO -    - Drag & Drop: True
2025-11-17 16:04:52,634 - INFO - Status PDF_LIBS_AVAILABLE: True
2025-11-17 16:04:52,634 - INFO - Status GHOSTSCRIPT_PATH: C:\Program Files\gs\gs10.06.0\bin\gswin64c.EXE
2025-11-17 16:04:52,634 - INFO - Status PIKEPDF_AVAILABLE: True
2025-11-17 16:04:52,634 - INFO - Status DND_AVAILABLE: True
2025-11-17 16:04:52,634 - INFO - Status PDFA_AVAILABLE: True
2025-11-17 16:04:52,634 - INFO - ✅ JuntaPDF inicializado com sucesso!
2025-11-17 16:04:52,634 - INFO - 🚀 Iniciando interface gráfica...
2025-11-17 16:04:56,745 - INFO - Arquivo adicionado: resposta do claude.pdf
2025-11-17 16:04:56,745 - INFO - Arquivo adicionado: $11_default_titlePri..._unido_6arquivos_2025-11-13_2319.pdf
2025-11-17 16:04:56,753 - INFO - Arquivo adicionado: paginateste1_unido_3arquivos_2025-11-13_2317.pdf
2025-11-17 16:04:56,760 - INFO - Arquivo adicionado: paginateste3_unido_3arquivos_2025-11-13_2314.pdf
2025-11-17 16:04:56,760 - INFO - Arquivo adicionado: cnu matricula_p1240-1300_PDFA.pdf
2025-11-17 16:04:56,925 - INFO - Arquivo adicionado: cnu matricula.pdf
2025-11-17 16:09:44,685 - INFO - Iniciando limpeza de arquivos temporários
2025-11-17 16:09:44,720 - INFO - 🧹 Finalizando JuntaPDF...
2025-11-17 16:09:44,721 - INFO - Iniciando limpeza de arquivos temporários
2025-11-17 16:09:44,722 - INFO - Iniciando limpeza de arquivos temporários
2025-11-17 16:09:46,660 - INFO - ============================================================
2025-11-17 16:09:46,660 - INFO - JuntaPDF Iniciado
2025-11-17 16:09:46,660 - INFO - Versão Python: 3.12.1 (tags/v3.12.1:2305ca5, Dec  7 2023, 22:03:25) [MSC v.1937 64 bit (AMD64)]
2025-11-17 16:09:46,660 - INFO - Diretório de Log: C:\Users\Pichau\AppData\Local\Temp\JuntaPDF_Logs
2025-11-17 16:09:46,660 - INFO - Política de retenção: 30 dias
2025-11-17 16:09:46,660 - INFO - Rotacionamento: 10MB
2025-11-17 16:09:46,660 - INFO - tkinterdnd2 disponível
2025-11-17 16:09:46,708 - INFO - PyPDF2 disponível
2025-11-17 16:09:46,708 - INFO - pikepdf C++ to Python logger bridge initialized
2025-11-17 16:09:46,753 - INFO - pikepdf disponível
2025-11-17 16:09:46,878 - INFO - Janela criada com suporte a Drag & Drop
2025-11-17 16:09:46,878 - INFO - Cleanup registrado no atexit
2025-11-17 16:09:46,878 - INFO - Procurando Ghostscript no sistema...
2025-11-17 16:09:46,878 - INFO - Ghostscript encontrado no PATH: C:\Program Files\gs\gs10.06.0\bin\gswin64c.EXE
2025-11-17 16:09:46,878 - INFO - Perfil ICC encontrado: C:\Program Files\gs\gs10.06.0\iccprofiles\srgb.icc
2025-11-17 16:09:46,878 - INFO - PDF/A disponível: Ghostscript e ICC encontrados
2025-11-17 16:09:46,971 - INFO - ✅ Dependências verificadas:
2025-11-17 16:09:46,971 - INFO -    - PyPDF2: True
2025-11-17 16:09:46,971 - INFO -    - pikepdf: True
2025-11-17 16:09:46,971 - INFO -    - Ghostscript: True
2025-11-17 16:09:46,971 - INFO -    - PDF/A: True
2025-11-17 16:09:46,971 - INFO -    - Drag & Drop: True
2025-11-17 16:09:46,971 - INFO - Status PDF_LIBS_AVAILABLE: True
2025-11-17 16:09:46,971 - INFO - Status GHOSTSCRIPT_PATH: C:\Program Files\gs\gs10.06.0\bin\gswin64c.EXE
2025-11-17 16:09:46,971 - INFO - Status PIKEPDF_AVAILABLE: True
2025-11-17 16:09:46,971 - INFO - Status DND_AVAILABLE: True
2025-11-17 16:09:46,971 - INFO - Status PDFA_AVAILABLE: True
2025-11-17 16:09:46,971 - INFO - ✅ JuntaPDF inicializado com sucesso!
2025-11-17 16:09:46,971 - INFO - 🚀 Iniciando interface gráfica...
2025-11-17 16:09:50,363 - INFO - Arquivo adicionado: Melhorias de UX e otimizações no código - DeepSeek.pdf
2025-11-17 16:09:50,375 - INFO - Arquivo adicionado: $11_default_titlePri..._unido_3arquivos_2025-11-17_1247.pdf
2025-11-17 16:09:50,394 - INFO - Arquivo adicionado: juntapdf_output.pdf
2025-11-17 16:09:50,397 - INFO - Arquivo adicionado: resposta do claude.pdf
2025-11-17 16:09:50,397 - INFO - Arquivo adicionado: $11_default_titlePri..._unido_6arquivos_2025-11-13_2319.pdf
2025-11-17 16:09:50,406 - INFO - Arquivo adicionado: paginateste1_unido_3arquivos_2025-11-13_2317.pdf
2025-11-17 16:09:50,408 - INFO - Arquivo adicionado: paginateste3_unido_3arquivos_2025-11-13_2314.pdf
2025-11-17 16:09:50,414 - INFO - Arquivo adicionado: cnu matricula_p1240-1300_PDFA.pdf
2025-11-17 16:09:52,942 - ERROR - PDF corrompido ou inválido: ────────── - Arquivo não existe: ──────────
2025-11-17 16:09:53,003 - ERROR - PDF corrompido ou inválido: ────────── - Arquivo não existe: ──────────
2025-11-17 16:09:53,051 - ERROR - PDF corrompido ou inválido: ────────── - Arquivo não existe: ──────────
2025-11-17 16:09:53,160 - ERROR - PDF corrompido ou inválido: ────────── - Arquivo não existe: ──────────
2025-11-17 16:09:53,347 - ERROR - PDF corrompido ou inválido: ────────── - Arquivo não existe: ──────────
2025-11-17 16:09:53,472 - ERROR - PDF corrompido ou inválido: ────────── - Arquivo não existe: ──────────
2025-11-17 16:09:53,524 - ERROR - PDF corrompido ou inválido: ────────── - Arquivo não existe: ──────────
2025-11-17 16:09:53,623 - ERROR - PDF corrompido ou inválido: ────────── - Arquivo não existe: ──────────
2025-11-17 16:09:53,676 - ERROR - PDF corrompido ou inválido: ────────── - Arquivo não existe: ──────────
2025-11-17 16:09:53,857 - ERROR - PDF corrompido ou inválido: ────────── - Arquivo não existe: ──────────
2025-11-17 16:09:53,894 - ERROR - PDF corrompido ou inválido: ────────── - Arquivo não existe: ──────────
2025-11-17 16:09:53,946 - ERROR - PDF corrompido ou inválido: ────────── - Arquivo não existe: ──────────
2025-11-17 16:09:56,372 - ERROR - PDF corrompido ou inválido: ────────── - Arquivo não existe: ──────────
2025-11-17 16:09:56,372 - WARNING - Erro ao ler ────────── para estatísticas: PDF corrompido ou inválido: ──────────
2025-11-17 16:09:56,373 - ERROR - PDF corrompido ou inválido: ────────── - Arquivo não existe: ──────────
2025-11-17 16:09:56,373 - WARNING - Erro ao ler ────────── para estatísticas: PDF corrompido ou inválido: ──────────
2025-11-17 16:09:56,373 - ERROR - PDF corrompido ou inválido: ────────── - Arquivo não existe: ──────────
2025-11-17 16:09:56,373 - WARNING - Erro ao ler ────────── para estatísticas: PDF corrompido ou inválido: ──────────
2025-11-17 16:09:56,373 - ERROR - PDF corrompido ou inválido: ────────── - Arquivo não existe: ──────────
2025-11-17 16:09:56,373 - WARNING - Erro ao ler ────────── para estatísticas: PDF corrompido ou inválido: ──────────
2025-11-17 16:09:56,373 - ERROR - PDF corrompido ou inválido: ────────── - Arquivo não existe: ──────────
2025-11-17 16:09:56,373 - WARNING - Erro ao ler ────────── para estatísticas: PDF corrompido ou inválido: ──────────
2025-11-17 16:09:56,566 - ERROR - PDF corrompido ou inválido: ────────── - Arquivo não existe: ──────────
2025-11-17 16:09:56,604 - ERROR - PDF corrompido ou inválido: ────────── - Arquivo não existe: ──────────
2025-11-17 16:09:57,005 - ERROR - PDF corrompido ou inválido: ────────── - Arquivo não existe: ──────────
2025-11-17 16:09:57,302 - ERROR - PDF corrompido ou inválido: ────────── - Arquivo não existe: ──────────
2025-11-17 16:09:57,488 - ERROR - PDF corrompido ou inválido: ────────── - Arquivo não existe: ──────────
2025-11-17 16:10:01,802 - ERROR - PDF corrompido ou inválido: ────────── - Arquivo não existe: ──────────
2025-11-17 16:10:01,839 - ERROR - PDF corrompido ou inválido: ────────── - Arquivo não existe: ──────────
2025-11-17 16:10:01,879 - ERROR - PDF corrompido ou inválido: ────────── - Arquivo não existe: ──────────
2025-11-17 16:10:10,082 - ERROR - PDF corrompido ou inválido: ────────── - Arquivo não existe: ──────────
2025-11-17 16:10:10,130 - ERROR - PDF corrompido ou inválido: ────────── - Arquivo não existe: ──────────
2025-11-17 16:10:10,714 - ERROR - PDF corrompido ou inválido: ────────── - Arquivo não existe: ──────────
2025-11-17 16:10:10,881 - ERROR - PDF corrompido ou inválido: ────────── - Arquivo não existe: ──────────
2025-11-17 16:10:12,380 - ERROR - PDF corrompido ou inválido: ────────── - Arquivo não existe: ──────────
2025-11-17 16:10:12,395 - ERROR - PDF corrompido ou inválido: ────────── - Arquivo não existe: ──────────
2025-11-17 16:10:12,427 - ERROR - PDF corrompido ou inválido: ────────── - Arquivo não existe: ──────────
2025-11-17 16:10:12,447 - ERROR - PDF corrompido ou inválido: ────────── - Arquivo não existe: ──────────
2025-11-17 16:10:12,456 - ERROR - PDF corrompido ou inválido: ────────── - Arquivo não existe: ──────────
2025-11-17 16:10:16,677 - ERROR - PDF corrompido ou inválido: ────────── - Arquivo não existe: ──────────
2025-11-17 16:10:16,677 - ERROR - PDF corrompido ou inválido: ────────── - Arquivo não existe: ──────────
2025-11-17 16:10:16,693 - ERROR - PDF corrompido ou inválido: ────────── - Arquivo não existe: ──────────
2025-11-17 16:10:16,693 - ERROR - PDF corrompido ou inválido: ────────── - Arquivo não existe: ──────────
2025-11-17 16:13:51,066 - INFO - ============================================================
2025-11-17 16:13:51,066 - INFO - JuntaPDF Iniciado
2025-11-17 16:13:51,066 - INFO - Versão Python: 3.12.1 (tags/v3.12.1:2305ca5, Dec  7 2023, 22:03:25) [MSC v.1937 64 bit (AMD64)]
2025-11-17 16:13:51,066 - INFO - Diretório de Log: C:\Users\Pichau\AppData\Local\Temp\JuntaPDF_Logs
2025-11-17 16:13:51,066 - INFO - Política de retenção: 30 dias
2025-11-17 16:13:51,066 - INFO - Rotacionamento: 10MB
2025-11-17 16:13:51,066 - INFO - tkinterdnd2 disponível
2025-11-17 16:13:51,113 - INFO - PyPDF2 disponível
2025-11-17 16:13:51,113 - INFO - pikepdf C++ to Python logger bridge initialized
2025-11-17 16:13:51,154 - INFO - pikepdf disponível
2025-11-17 16:13:51,268 - INFO - Janela criada com suporte a Drag & Drop
2025-11-17 16:13:51,268 - INFO - Cleanup registrado no atexit
2025-11-17 16:13:51,268 - INFO - Procurando Ghostscript no sistema...
2025-11-17 16:13:51,268 - INFO - Ghostscript encontrado no PATH: C:\Program Files\gs\gs10.06.0\bin\gswin64c.EXE
2025-11-17 16:13:51,268 - INFO - Perfil ICC encontrado: C:\Program Files\gs\gs10.06.0\iccprofiles\srgb.icc
2025-11-17 16:13:51,268 - INFO - PDF/A disponível: Ghostscript e ICC encontrados
2025-11-17 16:13:51,349 - ERROR - Exceção não tratada: TclError: unknown color name ""
NoneType: None
2025-11-17 16:13:57,114 - INFO - Iniciando limpeza de arquivos temporários
2025-11-17 16:14:02,863 - INFO - ============================================================
2025-11-17 16:14:02,863 - INFO - JuntaPDF Iniciado
2025-11-17 16:14:02,863 - INFO - Versão Python: 3.12.1 (tags/v3.12.1:2305ca5, Dec  7 2023, 22:03:25) [MSC v.1937 64 bit (AMD64)]
2025-11-17 16:14:02,863 - INFO - Diretório de Log: C:\Users\Pichau\AppData\Local\Temp\JuntaPDF_Logs
2025-11-17 16:14:02,863 - INFO - Política de retenção: 30 dias
2025-11-17 16:14:02,863 - INFO - Rotacionamento: 10MB
2025-11-17 16:14:02,863 - INFO - tkinterdnd2 disponível
2025-11-17 16:14:02,913 - INFO - PyPDF2 disponível
2025-11-17 16:14:02,917 - INFO - pikepdf C++ to Python logger bridge initialized
2025-11-17 16:14:02,942 - INFO - pikepdf disponível
2025-11-17 16:14:03,037 - INFO - Janela criada com suporte a Drag & Drop
2025-11-17 16:14:03,037 - INFO - Cleanup registrado no atexit
2025-11-17 16:14:03,037 - INFO - Procurando Ghostscript no sistema...
2025-11-17 16:14:03,039 - INFO - Ghostscript encontrado no PATH: C:\Program Files\gs\gs10.06.0\bin\gswin64c.EXE
2025-11-17 16:14:03,039 - INFO - Perfil ICC encontrado: C:\Program Files\gs\gs10.06.0\iccprofiles\srgb.icc
2025-11-17 16:14:03,039 - INFO - PDF/A disponível: Ghostscript e ICC encontrados
2025-11-17 16:14:03,050 - ERROR - Exceção não tratada: TclError: unknown color name ""
NoneType: None
2025-11-17 16:14:04,399 - INFO - Iniciando limpeza de arquivos temporários
2025-11-17 16:15:10,253 - INFO - Iniciando limpeza de arquivos temporários
2025-11-17 16:15:10,296 - INFO - 🧹 Finalizando JuntaPDF...
2025-11-17 16:15:10,296 - INFO - Iniciando limpeza de arquivos temporários
2025-11-17 16:15:10,297 - INFO - Iniciando limpeza de arquivos temporários
2025-11-17 16:15:12,401 - INFO - ============================================================
2025-11-17 16:15:12,401 - INFO - JuntaPDF Iniciado
2025-11-17 16:15:12,401 - INFO - Versão Python: 3.12.1 (tags/v3.12.1:2305ca5, Dec  7 2023, 22:03:25) [MSC v.1937 64 bit (AMD64)]
2025-11-17 16:15:12,401 - INFO - Diretório de Log: C:\Users\Pichau\AppData\Local\Temp\JuntaPDF_Logs
2025-11-17 16:15:12,401 - INFO - Política de retenção: 30 dias
2025-11-17 16:15:12,401 - INFO - Rotacionamento: 10MB
2025-11-17 16:15:12,401 - INFO - tkinterdnd2 disponível
2025-11-17 16:15:12,441 - INFO - PyPDF2 disponível
2025-11-17 16:15:12,441 - INFO - pikepdf C++ to Python logger bridge initialized
2025-11-17 16:15:12,488 - INFO - pikepdf disponível
2025-11-17 16:15:12,583 - INFO - Janela criada com suporte a Drag & Drop
2025-11-17 16:15:12,583 - INFO - Cleanup registrado no atexit
2025-11-17 16:15:12,583 - INFO - Procurando Ghostscript no sistema...
2025-11-17 16:15:12,583 - INFO - Ghostscript encontrado no PATH: C:\Program Files\gs\gs10.06.0\bin\gswin64c.EXE
2025-11-17 16:15:12,583 - INFO - Perfil ICC encontrado: C:\Program Files\gs\gs10.06.0\iccprofiles\srgb.icc
2025-11-17 16:15:12,583 - INFO - PDF/A disponível: Ghostscript e ICC encontrados
2025-11-17 16:15:12,606 - ERROR - Exceção não tratada: TclError: invalid boolean operator in tag search expression
NoneType: None
2025-11-17 16:15:46,881 - INFO - Iniciando limpeza de arquivos temporários
2025-11-17 16:16:20,878 - INFO - ============================================================
2025-11-17 16:16:20,878 - INFO - JuntaPDF Iniciado
2025-11-17 16:16:20,878 - INFO - Versão Python: 3.12.1 (tags/v3.12.1:2305ca5, Dec  7 2023, 22:03:25) [MSC v.1937 64 bit (AMD64)]
2025-11-17 16:16:20,878 - INFO - Diretório de Log: C:\Users\Pichau\AppData\Local\Temp\JuntaPDF_Logs
2025-11-17 16:16:20,878 - INFO - Política de retenção: 30 dias
2025-11-17 16:16:20,878 - INFO - Rotacionamento: 10MB
2025-11-17 16:16:20,878 - INFO - tkinterdnd2 disponível
2025-11-17 16:16:20,926 - INFO - PyPDF2 disponível
2025-11-17 16:16:20,926 - INFO - pikepdf C++ to Python logger bridge initialized
2025-11-17 16:16:20,957 - INFO - pikepdf disponível
2025-11-17 16:16:21,082 - INFO - Janela criada com suporte a Drag & Drop
2025-11-17 16:16:21,082 - INFO - Cleanup registrado no atexit
2025-11-17 16:16:21,082 - INFO - Procurando Ghostscript no sistema...
2025-11-17 16:16:21,082 - INFO - Ghostscript encontrado no PATH: C:\Program Files\gs\gs10.06.0\bin\gswin64c.EXE
2025-11-17 16:16:21,082 - INFO - Perfil ICC encontrado: C:\Program Files\gs\gs10.06.0\iccprofiles\srgb.icc
2025-11-17 16:16:21,082 - INFO - PDF/A disponível: Ghostscript e ICC encontrados
2025-11-17 16:16:21,114 - ERROR - Exceção não tratada: TclError: wrong # args: should be ".!notebook.!frame.!labelframe.!frame.!canvas raise tagOrId ?aboveThis?"
NoneType: None
2025-11-17 16:16:22,300 - INFO - Iniciando limpeza de arquivos temporários
2025-11-17 16:16:24,288 - INFO - ============================================================
2025-11-17 16:16:24,288 - INFO - JuntaPDF Iniciado
2025-11-17 16:16:24,288 - INFO - Versão Python: 3.12.1 (tags/v3.12.1:2305ca5, Dec  7 2023, 22:03:25) [MSC v.1937 64 bit (AMD64)]
2025-11-17 16:16:24,288 - INFO - Diretório de Log: C:\Users\Pichau\AppData\Local\Temp\JuntaPDF_Logs
2025-11-17 16:16:24,288 - INFO - Política de retenção: 30 dias
2025-11-17 16:16:24,288 - INFO - Rotacionamento: 10MB
2025-11-17 16:16:24,288 - INFO - tkinterdnd2 disponível
2025-11-17 16:16:24,331 - INFO - PyPDF2 disponível
2025-11-17 16:16:24,331 - INFO - pikepdf C++ to Python logger bridge initialized
2025-11-17 16:16:24,374 - INFO - pikepdf disponível
2025-11-17 16:16:24,440 - INFO - Janela criada com suporte a Drag & Drop
2025-11-17 16:16:24,440 - INFO - Cleanup registrado no atexit
2025-11-17 16:16:24,440 - INFO - Procurando Ghostscript no sistema...
2025-11-17 16:16:24,440 - INFO - Ghostscript encontrado no PATH: C:\Program Files\gs\gs10.06.0\bin\gswin64c.EXE
2025-11-17 16:16:24,440 - INFO - Perfil ICC encontrado: C:\Program Files\gs\gs10.06.0\iccprofiles\srgb.icc
2025-11-17 16:16:24,440 - INFO - PDF/A disponível: Ghostscript e ICC encontrados
2025-11-17 16:16:24,472 - ERROR - Exceção não tratada: TclError: wrong # args: should be ".!notebook.!frame.!labelframe.!frame.!canvas raise tagOrId ?aboveThis?"
NoneType: None
2025-11-17 16:17:28,943 - INFO - Iniciando limpeza de arquivos temporários
2025-11-17 16:17:56,649 - INFO - ============================================================
2025-11-17 16:17:56,649 - INFO - JuntaPDF Iniciado
2025-11-17 16:17:56,649 - INFO - Versão Python: 3.12.1 (tags/v3.12.1:2305ca5, Dec  7 2023, 22:03:25) [MSC v.1937 64 bit (AMD64)]
2025-11-17 16:17:56,649 - INFO - Diretório de Log: C:\Users\Pichau\AppData\Local\Temp\JuntaPDF_Logs
2025-11-17 16:17:56,649 - INFO - Política de retenção: 30 dias
2025-11-17 16:17:56,649 - INFO - Rotacionamento: 10MB
2025-11-17 16:17:56,657 - INFO - tkinterdnd2 disponível
2025-11-17 16:17:56,707 - INFO - PyPDF2 disponível
2025-11-17 16:17:56,711 - INFO - pikepdf C++ to Python logger bridge initialized
2025-11-17 16:17:56,746 - INFO - pikepdf disponível
2025-11-17 16:17:56,863 - INFO - Janela criada com suporte a Drag & Drop
2025-11-17 16:17:56,863 - INFO - Cleanup registrado no atexit
2025-11-17 16:17:56,863 - INFO - Procurando Ghostscript no sistema...
2025-11-17 16:17:56,863 - INFO - Ghostscript encontrado no PATH: C:\Program Files\gs\gs10.06.0\bin\gswin64c.EXE
2025-11-17 16:17:56,863 - INFO - Perfil ICC encontrado: C:\Program Files\gs\gs10.06.0\iccprofiles\srgb.icc
2025-11-17 16:17:56,863 - INFO - PDF/A disponível: Ghostscript e ICC encontrados
2025-11-17 16:17:56,879 - ERROR - Exceção não tratada: TclError: wrong # args: should be ".!notebook.!frame.!labelframe.!frame.!canvas raise tagOrId ?aboveThis?"
NoneType: None
2025-11-17 16:18:08,381 - INFO - Iniciando limpeza de arquivos temporários
2025-11-17 16:18:17,053 - INFO - ============================================================
2025-11-17 16:18:17,053 - INFO - JuntaPDF Iniciado
2025-11-17 16:18:17,053 - INFO - Versão Python: 3.12.1 (tags/v3.12.1:2305ca5, Dec  7 2023, 22:03:25) [MSC v.1937 64 bit (AMD64)]
2025-11-17 16:18:17,053 - INFO - Diretório de Log: C:\Users\Pichau\AppData\Local\Temp\JuntaPDF_Logs
2025-11-17 16:18:17,053 - INFO - Política de retenção: 30 dias
2025-11-17 16:18:17,053 - INFO - Rotacionamento: 10MB
2025-11-17 16:18:17,055 - INFO - tkinterdnd2 disponível
2025-11-17 16:18:17,098 - INFO - PyPDF2 disponível
2025-11-17 16:18:17,098 - INFO - pikepdf C++ to Python logger bridge initialized
2025-11-17 16:18:17,143 - INFO - pikepdf disponível
2025-11-17 16:18:17,208 - INFO - Janela criada com suporte a Drag & Drop
2025-11-17 16:18:17,208 - INFO - Cleanup registrado no atexit
2025-11-17 16:18:17,208 - INFO - Procurando Ghostscript no sistema...
2025-11-17 16:18:17,208 - INFO - Ghostscript encontrado no PATH: C:\Program Files\gs\gs10.06.0\bin\gswin64c.EXE
2025-11-17 16:18:17,208 - INFO - Perfil ICC encontrado: C:\Program Files\gs\gs10.06.0\iccprofiles\srgb.icc
2025-11-17 16:18:17,208 - INFO - PDF/A disponível: Ghostscript e ICC encontrados
2025-11-17 16:18:17,243 - ERROR - Exceção não tratada: TclError: wrong # args: should be ".!notebook.!frame.!labelframe.!frame.!canvas raise tagOrId ?aboveThis?"
NoneType: None
2025-11-17 16:30:43,541 - INFO - ============================================================
2025-11-17 16:30:43,541 - INFO - JuntaPDF Iniciado
2025-11-17 16:30:43,541 - INFO - Versão Python: 3.12.1 (tags/v3.12.1:2305ca5, Dec  7 2023, 22:03:25) [MSC v.1937 64 bit (AMD64)]
2025-11-17 16:30:43,541 - INFO - Diretório de Log: C:\Users\Pichau\AppData\Local\Temp\JuntaPDF_Logs
2025-11-17 16:30:43,541 - INFO - Política de retenção: 30 dias
2025-11-17 16:30:43,541 - INFO - Rotacionamento: 10MB
2025-11-17 16:30:43,544 - INFO - tkinterdnd2 disponível
2025-11-17 16:30:43,585 - INFO - PyPDF2 disponível
2025-11-17 16:30:43,585 - INFO - pikepdf C++ to Python logger bridge initialized
2025-11-17 16:30:43,624 - INFO - pikepdf disponível
2025-11-17 16:30:43,730 - INFO - Janela criada com suporte a Drag & Drop
2025-11-17 16:30:43,730 - INFO - Cleanup registrado no atexit
2025-11-17 16:30:43,730 - INFO - Procurando Ghostscript no sistema...
2025-11-17 16:30:43,741 - INFO - Ghostscript encontrado no PATH: C:\Program Files\gs\gs10.06.0\bin\gswin64c.EXE
2025-11-17 16:30:43,741 - INFO - Perfil ICC encontrado: C:\Program Files\gs\gs10.06.0\iccprofiles\srgb.icc
2025-11-17 16:30:43,741 - INFO - PDF/A disponível: Ghostscript e ICC encontrados
2025-11-17 16:30:43,756 - WARNING - Erro de canvas detectado e suprimido
2025-11-17 16:30:43,756 - INFO - Iniciando limpeza de arquivos temporários
2025-11-17 16:34:47,493 - INFO - ============================================================
2025-11-17 16:34:47,493 - INFO - JuntaPDF Iniciado
2025-11-17 16:34:47,493 - INFO - Versão Python: 3.12.1 (tags/v3.12.1:2305ca5, Dec  7 2023, 22:03:25) [MSC v.1937 64 bit (AMD64)]
2025-11-17 16:34:47,493 - INFO - Diretório de Log: C:\Users\Pichau\AppData\Local\Temp\JuntaPDF_Logs
2025-11-17 16:34:47,493 - INFO - Política de retenção: 30 dias
2025-11-17 16:34:47,493 - INFO - Rotacionamento: 10MB
2025-11-17 16:34:47,493 - INFO - tkinterdnd2 disponível
2025-11-17 16:34:47,536 - INFO - PyPDF2 disponível
2025-11-17 16:34:47,536 - INFO - pikepdf C++ to Python logger bridge initialized
2025-11-17 16:34:47,577 - INFO - pikepdf disponível
2025-11-17 16:34:47,690 - INFO - Janela criada com suporte a Drag & Drop
2025-11-17 16:34:47,690 - INFO - Cleanup registrado no atexit
2025-11-17 16:34:47,690 - INFO - Procurando Ghostscript no sistema...
2025-11-17 16:34:47,690 - INFO - Ghostscript encontrado no PATH: C:\Program Files\gs\gs10.06.0\bin\gswin64c.EXE
2025-11-17 16:34:47,690 - INFO - Perfil ICC encontrado: C:\Program Files\gs\gs10.06.0\iccprofiles\srgb.icc
2025-11-17 16:34:47,690 - INFO - PDF/A disponível: Ghostscript e ICC encontrados
2025-11-17 16:34:47,722 - WARNING - Erro de canvas detectado e suprimido
2025-11-17 16:34:47,722 - INFO - Iniciando limpeza de arquivos temporários
2025-11-17 16:37:12,233 - INFO - Iniciando limpeza de arquivos temporários
2025-11-17 16:37:18,754 - INFO - ============================================================
2025-11-17 16:37:18,754 - INFO - JuntaPDF Iniciado
2025-11-17 16:37:18,754 - INFO - Versão Python: 3.12.1 (tags/v3.12.1:2305ca5, Dec  7 2023, 22:03:25) [MSC v.1937 64 bit (AMD64)]
2025-11-17 16:37:18,754 - INFO - Diretório de Log: C:\Users\Pichau\AppData\Local\Temp\JuntaPDF_Logs
2025-11-17 16:37:18,754 - INFO - Política de retenção: 30 dias
2025-11-17 16:37:18,754 - INFO - Rotacionamento: 10MB
2025-11-17 16:37:18,754 - INFO - tkinterdnd2 disponível
2025-11-17 16:37:18,801 - INFO - PyPDF2 disponível
2025-11-17 16:37:18,804 - INFO - pikepdf C++ to Python logger bridge initialized
2025-11-17 16:37:18,845 - INFO - pikepdf disponível
2025-11-17 16:37:18,957 - INFO - Janela criada com suporte a Drag & Drop
2025-11-17 16:37:18,957 - INFO - Cleanup registrado no atexit
2025-11-17 16:37:18,957 - INFO - Procurando Ghostscript no sistema...
2025-11-17 16:37:18,957 - INFO - Ghostscript encontrado no PATH: C:\Program Files\gs\gs10.06.0\bin\gswin64c.EXE
2025-11-17 16:37:18,957 - INFO - Perfil ICC encontrado: C:\Program Files\gs\gs10.06.0\iccprofiles\srgb.icc
2025-11-17 16:37:18,957 - INFO - PDF/A disponível: Ghostscript e ICC encontrados
2025-11-17 16:37:19,008 - INFO - ✅ Dependências verificadas:
2025-11-17 16:37:19,008 - INFO -    - PyPDF2: True
2025-11-17 16:37:19,008 - INFO -    - pikepdf: True
2025-11-17 16:37:19,008 - INFO -    - Ghostscript: True
2025-11-17 16:37:19,008 - INFO -    - PDF/A: True
2025-11-17 16:37:19,008 - INFO -    - Drag & Drop: True
2025-11-17 16:37:19,008 - INFO - Status PDF_LIBS_AVAILABLE: True
2025-11-17 16:37:19,008 - INFO - Status GHOSTSCRIPT_PATH: C:\Program Files\gs\gs10.06.0\bin\gswin64c.EXE
2025-11-17 16:37:19,008 - INFO - Status PIKEPDF_AVAILABLE: True
2025-11-17 16:37:19,008 - INFO - Status DND_AVAILABLE: True
2025-11-17 16:37:19,008 - INFO - Status PDFA_AVAILABLE: True
2025-11-17 16:37:19,008 - INFO - ✅ JuntaPDF inicializado com sucesso!
2025-11-17 16:37:19,008 - INFO - 🚀 Iniciando interface gráfica...
2025-11-17 16:37:23,097 - INFO - Arquivo adicionado: resposta do claude.pdf
2025-11-17 16:37:23,103 - INFO - Arquivo adicionado: $11_default_titlePri..._unido_6arquivos_2025-11-13_2319.pdf
2025-11-17 16:37:23,103 - INFO - Arquivo adicionado: paginateste1_unido_3arquivos_2025-11-13_2317.pdf
2025-11-17 16:37:23,111 - INFO - Arquivo adicionado: paginateste3_unido_3arquivos_2025-11-13_2314.pdf
2025-11-17 16:37:23,113 - INFO - Arquivo adicionado: cnu matricula_p1240-1300_PDFA.pdf
2025-11-17 16:37:34,865 - INFO - Arquivo removido: paginateste1_unido_3arquivos_2025-11-13_2317.pdf
2025-11-17 16:37:38,137 - INFO - Arquivo removido: cnu matricula_p1240-1300_PDFA.pdf
2025-11-17 16:37:38,137 - INFO - Arquivo removido: $11_default_titlePri..._unido_6arquivos_2025-11-13_2319.pdf
2025-11-17 16:37:40,771 - INFO - Arquivo removido: resposta do claude.pdf
2025-11-17 16:37:40,771 - INFO - Arquivo removido: paginateste3_unido_3arquivos_2025-11-13_2314.pdf
2025-11-17 16:37:44,316 - INFO - Iniciando limpeza de arquivos temporários
2025-11-17 16:37:44,348 - INFO - 🧹 Finalizando JuntaPDF...
2025-11-17 16:37:44,348 - INFO - Iniciando limpeza de arquivos temporários
2025-11-17 16:37:44,348 - INFO - Iniciando limpeza de arquivos temporários
2025-11-17 17:04:17,863 - INFO - ============================================================
2025-11-17 17:04:17,863 - INFO - JuntaPDF Iniciado
2025-11-17 17:04:17,863 - INFO - Versão Python: 3.12.1 (tags/v3.12.1:2305ca5, Dec  7 2023, 22:03:25) [MSC v.1937 64 bit (AMD64)]
2025-11-17 17:04:17,863 - INFO - Diretório de Log: C:\Users\Pichau\AppData\Local\Temp\JuntaPDF_Logs
2025-11-17 17:04:17,863 - INFO - Política de retenção: 30 dias
2025-11-17 17:04:17,863 - INFO - Rotacionamento: 10MB
2025-11-17 17:04:17,879 - INFO - tkinterdnd2 disponível
2025-11-17 17:04:17,930 - INFO - PyPDF2 disponível
2025-11-17 17:04:17,932 - INFO - pikepdf C++ to Python logger bridge initialized
2025-11-17 17:04:17,973 - INFO - pikepdf disponível
2025-11-17 17:04:17,973 - INFO - ✅ tkinterdnd2 disponível - criando janela com Drag & Drop
2025-11-17 17:04:18,097 - INFO - ✅ Janela principal criada com sucesso
2025-11-17 17:04:18,097 - INFO - Cleanup registrado no atexit
2025-11-17 17:04:18,097 - INFO - Procurando Ghostscript no sistema...
2025-11-17 17:04:18,097 - INFO - Ghostscript encontrado no PATH: C:\Program Files\gs\gs10.06.0\bin\gswin64c.EXE
2025-11-17 17:04:18,097 - INFO - Perfil ICC encontrado: C:\Program Files\gs\gs10.06.0\iccprofiles\srgb.icc
2025-11-17 17:04:18,097 - INFO - PDF/A disponível: Ghostscript e ICC encontrados
2025-11-17 17:04:18,174 - WARNING - Erro de canvas detectado e suprimido
2025-11-17 17:04:18,176 - INFO - Iniciando limpeza de arquivos temporários
2025-11-17 17:08:57,098 - INFO - ============================================================
2025-11-17 17:08:57,098 - INFO - JuntaPDF Iniciado
2025-11-17 17:08:57,098 - INFO - Versão Python: 3.12.1 (tags/v3.12.1:2305ca5, Dec  7 2023, 22:03:25) [MSC v.1937 64 bit (AMD64)]
2025-11-17 17:08:57,098 - INFO - Diretório de Log: C:\Users\Pichau\AppData\Local\Temp\JuntaPDF_Logs
2025-11-17 17:08:57,098 - INFO - Política de retenção: 30 dias
2025-11-17 17:08:57,098 - INFO - Rotacionamento: 10MB
2025-11-17 17:08:57,098 - INFO - tkinterdnd2 disponível
2025-11-17 17:08:57,098 - INFO - PyPDF2 disponível
2025-11-17 17:08:57,098 - INFO - pikepdf C++ to Python logger bridge initialized
2025-11-17 17:08:57,141 - INFO - pikepdf disponível
2025-11-17 17:08:57,141 - INFO - ✅ tkinterdnd2 disponível - criando janela com Drag & Drop
2025-11-17 17:08:57,268 - INFO - ✅ Janela principal criada com sucesso
2025-11-17 17:08:57,268 - INFO - Cleanup registrado no atexit
2025-11-17 17:08:57,268 - INFO - Procurando Ghostscript no sistema...
2025-11-17 17:08:57,270 - INFO - Ghostscript encontrado no PATH: C:\Program Files\gs\gs10.06.0\bin\gswin64c.EXE
2025-11-17 17:08:57,270 - INFO - Perfil ICC encontrado: C:\Program Files\gs\gs10.06.0\iccprofiles\srgb.icc
2025-11-17 17:08:57,270 - INFO - PDF/A disponível: Ghostscript e ICC encontrados
2025-11-17 17:08:57,286 - WARNING - Erro de canvas detectado e suprimido
2025-11-17 17:08:57,286 - INFO - Iniciando limpeza de arquivos temporários
2025-11-17 17:12:00,443 - INFO - ============================================================
2025-11-17 17:12:00,445 - INFO - JuntaPDF Iniciado
2025-11-17 17:12:00,445 - INFO - Versão Python: 3.12.1 (tags/v3.12.1:2305ca5, Dec  7 2023, 22:03:25) [MSC v.1937 64 bit (AMD64)]
2025-11-17 17:12:00,445 - INFO - Diretório de Log: C:\Users\Pichau\AppData\Local\Temp\JuntaPDF_Logs
2025-11-17 17:12:00,445 - INFO - Política de retenção: 30 dias
2025-11-17 17:12:00,445 - INFO - Rotacionamento: 10MB
2025-11-17 17:12:00,502 - INFO - tkinterdnd2 disponível
2025-11-17 17:12:00,502 - INFO - PyPDF2 disponível
2025-11-17 17:12:00,504 - INFO - pikepdf C++ to Python logger bridge initialized
2025-11-17 17:12:00,538 - INFO - pikepdf disponível
2025-11-17 17:12:00,538 - INFO - ✅ tkinterdnd2 disponível - criando janela com Drag & Drop
2025-11-17 17:12:00,645 - INFO - ✅ Janela principal criada com sucesso
2025-11-17 17:12:00,645 - INFO - Cleanup registrado no atexit
2025-11-17 17:12:00,645 - INFO - Procurando Ghostscript no sistema...
2025-11-17 17:12:00,645 - INFO - Ghostscript encontrado no PATH: C:\Program Files\gs\gs10.06.0\bin\gswin64c.EXE
2025-11-17 17:12:00,645 - INFO - Perfil ICC encontrado: C:\Program Files\gs\gs10.06.0\iccprofiles\srgb.icc
2025-11-17 17:12:00,645 - INFO - PDF/A disponível: Ghostscript e ICC encontrados
2025-11-17 17:12:00,663 - WARNING - Erro de canvas detectado e suprimido
2025-11-17 17:12:00,663 - INFO - Iniciando limpeza de arquivos temporários
2025-11-17 17:14:17,691 - INFO - ============================================================
2025-11-17 17:14:17,691 - INFO - JuntaPDF Iniciado
2025-11-17 17:14:17,691 - INFO - Versão Python: 3.12.1 (tags/v3.12.1:2305ca5, Dec  7 2023, 22:03:25) [MSC v.1937 64 bit (AMD64)]
2025-11-17 17:14:17,691 - INFO - Diretório de Log: C:\Users\Pichau\AppData\Local\Temp\JuntaPDF_Logs
2025-11-17 17:14:17,691 - INFO - Política de retenção: 30 dias
2025-11-17 17:14:17,691 - INFO - Rotacionamento: 10MB
2025-11-17 17:14:17,691 - INFO - tkinterdnd2 disponível
2025-11-17 17:14:17,691 - INFO - PyPDF2 disponível
2025-11-17 17:14:17,691 - INFO - pikepdf C++ to Python logger bridge initialized
2025-11-17 17:14:17,737 - INFO - pikepdf disponível
2025-11-17 17:14:17,738 - INFO - ✅ tkinterdnd2 disponível - criando janela com Drag & Drop
2025-11-17 17:14:17,848 - INFO - ✅ Janela principal criada com sucesso
2025-11-17 17:14:17,848 - INFO - Cleanup registrado no atexit
2025-11-17 17:14:17,848 - INFO - Procurando Ghostscript no sistema...
2025-11-17 17:14:17,848 - INFO - Ghostscript encontrado no PATH: C:\Program Files\gs\gs10.06.0\bin\gswin64c.EXE
2025-11-17 17:14:17,848 - INFO - Perfil ICC encontrado: C:\Program Files\gs\gs10.06.0\iccprofiles\srgb.icc
2025-11-17 17:14:17,848 - INFO - PDF/A disponível: Ghostscript e ICC encontrados
2025-11-17 17:14:17,879 - WARNING - Erro de canvas detectado e suprimido
2025-11-17 17:14:17,879 - INFO - Iniciando limpeza de arquivos temporários
2025-11-17 17:19:30,740 - INFO - ============================================================
2025-11-17 17:19:30,740 - INFO - JuntaPDF Iniciado
2025-11-17 17:19:30,740 - INFO - Versão Python: 3.12.1 (tags/v3.12.1:2305ca5, Dec  7 2023, 22:03:25) [MSC v.1937 64 bit (AMD64)]
2025-11-17 17:19:30,740 - INFO - Diretório de Log: C:\Users\Pichau\AppData\Local\Temp\JuntaPDF_Logs
2025-11-17 17:19:30,740 - INFO - Política de retenção: 30 dias
2025-11-17 17:19:30,740 - INFO - Rotacionamento: 10MB
2025-11-17 17:19:30,797 - INFO - tkinterdnd2 disponível
2025-11-17 17:19:30,797 - INFO - PyPDF2 disponível
2025-11-17 17:19:30,800 - INFO - pikepdf C++ to Python logger bridge initialized
2025-11-17 17:19:30,833 - INFO - pikepdf disponível
2025-11-17 17:19:30,833 - INFO - ✅ tkinterdnd2 disponível - criando janela com Drag & Drop
2025-11-17 17:19:30,941 - INFO - ✅ Janela principal criada com sucesso
2025-11-17 17:19:30,941 - INFO - Cleanup registrado no atexit
2025-11-17 17:19:30,941 - INFO - Procurando Ghostscript no sistema...
2025-11-17 17:19:30,941 - INFO - Ghostscript encontrado no PATH: C:\Program Files\gs\gs10.06.0\bin\gswin64c.EXE
2025-11-17 17:19:30,941 - INFO - Perfil ICC encontrado: C:\Program Files\gs\gs10.06.0\iccprofiles\srgb.icc
2025-11-17 17:19:30,941 - INFO - PDF/A disponível: Ghostscript e ICC encontrados
2025-11-17 17:19:30,957 - WARNING - Erro de canvas detectado e suprimido
2025-11-17 17:19:30,957 - INFO - Iniciando limpeza de arquivos temporários
2025-11-17 17:31:04,176 - INFO - ============================================================
2025-11-17 17:31:04,176 - INFO - JuntaPDF Iniciado
2025-11-17 17:31:04,176 - INFO - Versão Python: 3.12.1 (tags/v3.12.1:2305ca5, Dec  7 2023, 22:03:25) [MSC v.1937 64 bit (AMD64)]
2025-11-17 17:31:04,176 - INFO - Diretório de Log: C:\Users\Pichau\AppData\Local\Temp\JuntaPDF_Logs
2025-11-17 17:31:04,176 - INFO - Política de retenção: 30 dias
2025-11-17 17:31:04,176 - INFO - Rotacionamento: 10MB
2025-11-17 17:31:04,185 - INFO - tkinterdnd2 disponível
2025-11-17 17:31:04,233 - INFO - PyPDF2 disponível
2025-11-17 17:31:04,236 - INFO - pikepdf C++ to Python logger bridge initialized
2025-11-17 17:31:04,277 - INFO - pikepdf disponível
2025-11-17 17:31:04,407 - INFO - Janela criada com suporte a Drag & Drop
2025-11-17 17:31:04,407 - INFO - Cleanup registrado no atexit
2025-11-17 17:31:04,407 - INFO - Procurando Ghostscript no sistema...
2025-11-17 17:31:04,409 - INFO - Ghostscript encontrado no PATH: C:\Program Files\gs\gs10.06.0\bin\gswin64c.EXE
2025-11-17 17:31:04,409 - INFO - Perfil ICC encontrado: C:\Program Files\gs\gs10.06.0\iccprofiles\srgb.icc
2025-11-17 17:31:04,409 - INFO - PDF/A disponível: Ghostscript e ICC encontrados
2025-11-17 17:31:04,530 - INFO - ✅ Dependências verificadas:
2025-11-17 17:31:04,530 - INFO -    - PyPDF2: True
2025-11-17 17:31:04,530 - INFO -    - pikepdf: True
2025-11-17 17:31:04,530 - INFO -    - Ghostscript: True
2025-11-17 17:31:04,531 - INFO -    - PDF/A: True
2025-11-17 17:31:04,531 - INFO -    - Drag & Drop: True
2025-11-17 17:31:04,531 - INFO - Status PDF_LIBS_AVAILABLE: True
2025-11-17 17:31:04,531 - INFO - Status GHOSTSCRIPT_PATH: C:\Program Files\gs\gs10.06.0\bin\gswin64c.EXE
2025-11-17 17:31:04,531 - INFO - Status PIKEPDF_AVAILABLE: True
2025-11-17 17:31:04,531 - INFO - Status DND_AVAILABLE: True
2025-11-17 17:31:04,531 - INFO - Status PDFA_AVAILABLE: True
2025-11-17 17:31:04,531 - INFO - ✅ JuntaPDF inicializado com sucesso!
2025-11-17 17:31:04,531 - INFO - 🚀 Iniciando interface gráfica...
2025-11-17 17:31:08,564 - INFO - Arquivo adicionado: $11_default_titlePri..._unido_6arquivos_2025-11-13_2319.pdf
2025-11-17 17:31:08,564 - INFO - Arquivo adicionado: paginateste1_unido_3arquivos_2025-11-13_2317.pdf
2025-11-17 17:31:08,564 - INFO - Arquivo adicionado: paginateste3_unido_3arquivos_2025-11-13_2314.pdf
2025-11-17 17:31:08,580 - INFO - Arquivo adicionado: cnu matricula_p1240-1300_PDFA.pdf
2025-11-17 17:31:08,753 - INFO - Arquivo adicionado: cnu matricula.pdf
2025-11-17 17:31:31,551 - INFO - Arquivo removido: cnu matricula.pdf
2025-11-17 17:31:33,576 - INFO - Arquivo removido: cnu matricula_p1240-1300_PDFA.pdf
2025-11-17 17:31:33,576 - INFO - Arquivo removido: paginateste3_unido_3arquivos_2025-11-13_2314.pdf
2025-11-17 17:31:40,335 - INFO - Iniciando limpeza de arquivos temporários
2025-11-17 17:31:40,367 - INFO - 🧹 Finalizando JuntaPDF...
2025-11-17 17:31:40,368 - INFO - Iniciando limpeza de arquivos temporários
2025-11-17 17:31:40,368 - INFO - Iniciando limpeza de arquivos temporários
2025-11-17 17:41:03,782 - INFO - ============================================================
2025-11-17 17:41:03,797 - INFO - JuntaPDF Iniciado
2025-11-17 17:41:03,797 - INFO - Versão Python: 3.12.1 (tags/v3.12.1:2305ca5, Dec  7 2023, 22:03:25) [MSC v.1937 64 bit (AMD64)]
2025-11-17 17:41:03,797 - INFO - Diretório de Log: C:\Users\Pichau\AppData\Local\Temp\JuntaPDF_Logs
2025-11-17 17:41:03,797 - INFO - Política de retenção: 30 dias
2025-11-17 17:41:03,797 - INFO - Rotacionamento: 10MB
2025-11-17 17:41:03,797 - INFO - tkinterdnd2 disponível
2025-11-17 17:41:03,845 - INFO - PyPDF2 disponível
2025-11-17 17:41:03,847 - INFO - pikepdf C++ to Python logger bridge initialized
2025-11-17 17:41:03,892 - INFO - pikepdf disponível
2025-11-17 17:41:04,023 - INFO - Janela criada com suporte a Drag & Drop
2025-11-17 17:41:04,023 - INFO - Cleanup registrado no atexit
2025-11-17 17:41:04,023 - INFO - Procurando Ghostscript no sistema...
2025-11-17 17:41:04,023 - INFO - Ghostscript encontrado no PATH: C:\Program Files\gs\gs10.06.0\bin\gswin64c.EXE
2025-11-17 17:41:04,023 - INFO - Perfil ICC encontrado: C:\Program Files\gs\gs10.06.0\iccprofiles\srgb.icc
2025-11-17 17:41:04,023 - INFO - PDF/A disponível: Ghostscript e ICC encontrados
2025-11-17 17:41:04,130 - INFO - ✅ Dependências verificadas:
2025-11-17 17:41:04,130 - INFO -    - PyPDF2: True
2025-11-17 17:41:04,130 - INFO -    - pikepdf: True
2025-11-17 17:41:04,130 - INFO -    - Ghostscript: True
2025-11-17 17:41:04,130 - INFO -    - PDF/A: True
2025-11-17 17:41:04,130 - INFO -    - Drag & Drop: True
2025-11-17 17:41:04,130 - INFO - Status PDF_LIBS_AVAILABLE: True
2025-11-17 17:41:04,130 - INFO - Status GHOSTSCRIPT_PATH: C:\Program Files\gs\gs10.06.0\bin\gswin64c.EXE
2025-11-17 17:41:04,130 - INFO - Status PIKEPDF_AVAILABLE: True
2025-11-17 17:41:04,130 - INFO - Status DND_AVAILABLE: True
2025-11-17 17:41:04,130 - INFO - Status PDFA_AVAILABLE: True
2025-11-17 17:41:04,140 - INFO - ✅ JuntaPDF inicializado com sucesso!
2025-11-17 17:41:04,140 - INFO - 🚀 Iniciando interface gráfica...
2025-11-17 17:41:09,761 - INFO - Arquivo adicionado: resposta do claude.pdf
2025-11-17 17:41:09,764 - INFO - Arquivo adicionado: $11_default_titlePri..._unido_6arquivos_2025-11-13_2319.pdf
2025-11-17 17:41:09,775 - INFO - Arquivo adicionado: paginateste1_unido_3arquivos_2025-11-13_2317.pdf
2025-11-17 17:41:09,778 - INFO - Arquivo adicionado: paginateste3_unido_3arquivos_2025-11-13_2314.pdf
2025-11-17 17:41:09,780 - INFO - Arquivo adicionado: cnu matricula_p1240-1300_PDFA.pdf
2025-11-17 17:41:09,953 - INFO - Arquivo adicionado: cnu matricula.pdf
2025-11-17 17:46:57,753 - INFO - ============================================================
2025-11-17 17:46:57,753 - INFO - JuntaPDF Iniciado
2025-11-17 17:46:57,753 - INFO - Versão Python: 3.12.1 (tags/v3.12.1:2305ca5, Dec  7 2023, 22:03:25) [MSC v.1937 64 bit (AMD64)]
2025-11-17 17:46:57,753 - INFO - Diretório de Log: C:\Users\Pichau\AppData\Local\Temp\JuntaPDF_Logs
2025-11-17 17:46:57,753 - INFO - Política de retenção: 30 dias
2025-11-17 17:46:57,753 - INFO - Rotacionamento: 10MB
2025-11-17 17:46:57,768 - INFO - tkinterdnd2 disponível
2025-11-17 17:46:57,801 - INFO - PyPDF2 disponível
2025-11-17 17:46:57,801 - INFO - pikepdf C++ to Python logger bridge initialized
2025-11-17 17:46:57,848 - INFO - pikepdf disponível
2025-11-17 17:46:57,959 - INFO - Janela criada com suporte a Drag & Drop
2025-11-17 17:46:57,959 - INFO - Cleanup registrado no atexit
2025-11-17 17:46:57,959 - INFO - Procurando Ghostscript no sistema...
2025-11-17 17:46:57,959 - INFO - Ghostscript encontrado no PATH: C:\Program Files\gs\gs10.06.0\bin\gswin64c.EXE
2025-11-17 17:46:57,959 - INFO - Perfil ICC encontrado: C:\Program Files\gs\gs10.06.0\iccprofiles\srgb.icc
2025-11-17 17:46:57,959 - INFO - PDF/A disponível: Ghostscript e ICC encontrados
2025-11-17 17:46:58,055 - INFO - ✅ Dependências verificadas:
2025-11-17 17:46:58,055 - INFO -    - PyPDF2: True
2025-11-17 17:46:58,055 - INFO -    - pikepdf: True
2025-11-17 17:46:58,055 - INFO -    - Ghostscript: True
2025-11-17 17:46:58,055 - INFO -    - PDF/A: True
2025-11-17 17:46:58,055 - INFO -    - Drag & Drop: True
2025-11-17 17:46:58,055 - INFO - Status PDF_LIBS_AVAILABLE: True
2025-11-17 17:46:58,055 - INFO - Status GHOSTSCRIPT_PATH: C:\Program Files\gs\gs10.06.0\bin\gswin64c.EXE
2025-11-17 17:46:58,055 - INFO - Status PIKEPDF_AVAILABLE: True
2025-11-17 17:46:58,055 - INFO - Status DND_AVAILABLE: True
2025-11-17 17:46:58,055 - INFO - Status PDFA_AVAILABLE: True
2025-11-17 17:46:58,055 - INFO - ✅ JuntaPDF inicializado com sucesso!
2025-11-17 17:46:58,055 - INFO - 🚀 Iniciando interface gráfica...
2025-11-17 17:47:07,465 - INFO - Arquivo adicionado: resposta do claude.pdf
2025-11-17 17:47:07,471 - INFO - Arquivo adicionado: $11_default_titlePri..._unido_6arquivos_2025-11-13_2319.pdf
2025-11-17 17:47:07,475 - INFO - Arquivo adicionado: paginateste1_unido_3arquivos_2025-11-13_2317.pdf
2025-11-17 17:47:07,480 - INFO - Arquivo adicionado: paginateste3_unido_3arquivos_2025-11-13_2314.pdf
2025-11-17 17:47:07,480 - INFO - Arquivo adicionado: cnu matricula_p1240-1300_PDFA.pdf
2025-11-17 17:47:07,648 - INFO - Arquivo adicionado: cnu matricula.pdf
2025-11-17 17:47:13,053 - INFO - Arquivo aberto: paginateste1_unido_3arquivos_2025-11-13_2317.pdf
2025-11-17 17:47:37,634 - INFO - Iniciando limpeza de arquivos temporários
2025-11-17 17:47:37,651 - INFO - 🧹 Finalizando JuntaPDF...
2025-11-17 17:47:37,651 - INFO - Iniciando limpeza de arquivos temporários
2025-11-17 17:47:37,667 - INFO - Iniciando limpeza de arquivos temporários
2025-11-17 17:49:32,010 - INFO - ============================================================
2025-11-17 17:49:32,010 - INFO - JuntaPDF Iniciado
2025-11-17 17:49:32,010 - INFO - Versão Python: 3.12.1 (tags/v3.12.1:2305ca5, Dec  7 2023, 22:03:25) [MSC v.1937 64 bit (AMD64)]
2025-11-17 17:49:32,010 - INFO - Diretório de Log: C:\Users\Pichau\AppData\Local\Temp\JuntaPDF_Logs
2025-11-17 17:49:32,010 - INFO - Política de retenção: 30 dias
2025-11-17 17:49:32,010 - INFO - Rotacionamento: 10MB
2025-11-17 17:49:32,010 - INFO - tkinterdnd2 disponível
2025-11-17 17:49:32,058 - INFO - PyPDF2 disponível
2025-11-17 17:49:32,060 - INFO - pikepdf C++ to Python logger bridge initialized
2025-11-17 17:49:32,100 - INFO - pikepdf disponível
2025-11-17 17:49:32,224 - INFO - Janela criada com suporte a Drag & Drop
2025-11-17 17:49:32,224 - INFO - Cleanup registrado no atexit
2025-11-17 17:49:32,224 - INFO - Procurando Ghostscript no sistema...
2025-11-17 17:49:32,224 - INFO - Ghostscript encontrado no PATH: C:\Program Files\gs\gs10.06.0\bin\gswin64c.EXE
2025-11-17 17:49:32,224 - INFO - Perfil ICC encontrado: C:\Program Files\gs\gs10.06.0\iccprofiles\srgb.icc
2025-11-17 17:49:32,224 - INFO - PDF/A disponível: Ghostscript e ICC encontrados
2025-11-17 17:49:32,351 - INFO - ✅ Dependências verificadas:
2025-11-17 17:49:32,351 - INFO -    - PyPDF2: True
2025-11-17 17:49:32,351 - INFO -    - pikepdf: True
2025-11-17 17:49:32,351 - INFO -    - Ghostscript: True
2025-11-17 17:49:32,351 - INFO -    - PDF/A: True
2025-11-17 17:49:32,351 - INFO -    - Drag & Drop: True
2025-11-17 17:49:32,351 - INFO - Status PDF_LIBS_AVAILABLE: True
2025-11-17 17:49:32,351 - INFO - Status GHOSTSCRIPT_PATH: C:\Program Files\gs\gs10.06.0\bin\gswin64c.EXE
2025-11-17 17:49:32,351 - INFO - Status PIKEPDF_AVAILABLE: True
2025-11-17 17:49:32,351 - INFO - Status DND_AVAILABLE: True
2025-11-17 17:49:32,351 - INFO - Status PDFA_AVAILABLE: True
2025-11-17 17:49:32,351 - INFO - ✅ JuntaPDF inicializado com sucesso!
2025-11-17 17:49:32,351 - INFO - 🚀 Iniciando interface gráfica...
2025-11-17 17:49:37,642 - INFO - Arquivo adicionado: $11_default_titlePri..._unido_6arquivos_2025-11-13_2319.pdf
2025-11-17 17:49:37,646 - INFO - Arquivo adicionado: paginateste1_unido_3arquivos_2025-11-13_2317.pdf
2025-11-17 17:49:37,649 - INFO - Arquivo adicionado: paginateste3_unido_3arquivos_2025-11-13_2314.pdf
2025-11-17 17:49:37,649 - INFO - Arquivo adicionado: cnu matricula_p1240-1300_PDFA.pdf
2025-11-17 17:49:37,849 - INFO - Arquivo adicionado: cnu matricula.pdf
2025-11-17 17:49:48,167 - INFO - Arquivo aberto: paginateste1_unido_3arquivos_2025-11-13_2317.pdf
2025-11-17 17:51:01,304 - INFO - Iniciando limpeza de arquivos temporários
2025-11-17 17:51:01,336 - INFO - 🧹 Finalizando JuntaPDF...
2025-11-17 17:51:01,336 - INFO - Iniciando limpeza de arquivos temporários
2025-11-17 17:51:01,347 - INFO - Iniciando limpeza de arquivos temporários
2025-11-17 17:51:03,961 - INFO - Iniciando limpeza de arquivos temporários
2025-11-17 17:51:03,993 - INFO - 🧹 Finalizando JuntaPDF...
2025-11-17 17:51:03,993 - INFO - Iniciando limpeza de arquivos temporários
2025-11-17 17:51:03,993 - INFO - Iniciando limpeza de arquivos temporários
2025-11-17 17:51:38,856 - INFO - ============================================================
2025-11-17 17:51:38,856 - INFO - JuntaPDF Iniciado
2025-11-17 17:51:38,856 - INFO - Versão Python: 3.12.1 (tags/v3.12.1:2305ca5, Dec  7 2023, 22:03:25) [MSC v.1937 64 bit (AMD64)]
2025-11-17 17:51:38,856 - INFO - Diretório de Log: C:\Users\Pichau\AppData\Local\Temp\JuntaPDF_Logs
2025-11-17 17:51:38,856 - INFO - Política de retenção: 30 dias
2025-11-17 17:51:38,856 - INFO - Rotacionamento: 10MB
2025-11-17 17:51:38,856 - INFO - tkinterdnd2 disponível
2025-11-17 17:51:38,905 - INFO - PyPDF2 disponível
2025-11-17 17:51:38,915 - INFO - pikepdf C++ to Python logger bridge initialized
2025-11-17 17:51:38,951 - INFO - pikepdf disponível
2025-11-17 17:51:39,078 - INFO - Janela criada com suporte a Drag & Drop
2025-11-17 17:51:39,078 - INFO - Cleanup registrado no atexit
2025-11-17 17:51:39,078 - INFO - Procurando Ghostscript no sistema...
2025-11-17 17:51:39,078 - INFO - Ghostscript encontrado no PATH: C:\Program Files\gs\gs10.06.0\bin\gswin64c.EXE
2025-11-17 17:51:39,078 - INFO - Perfil ICC encontrado: C:\Program Files\gs\gs10.06.0\iccprofiles\srgb.icc
2025-11-17 17:51:39,078 - INFO - PDF/A disponível: Ghostscript e ICC encontrados
2025-11-17 17:51:39,189 - INFO - ✅ Dependências verificadas:
2025-11-17 17:51:39,189 - INFO -    - PyPDF2: True
2025-11-17 17:51:39,189 - INFO -    - pikepdf: True
2025-11-17 17:51:39,189 - INFO -    - Ghostscript: True
2025-11-17 17:51:39,189 - INFO -    - PDF/A: True
2025-11-17 17:51:39,189 - INFO -    - Drag & Drop: True
2025-11-17 17:51:39,189 - INFO - Status PDF_LIBS_AVAILABLE: True
2025-11-17 17:51:39,189 - INFO - Status GHOSTSCRIPT_PATH: C:\Program Files\gs\gs10.06.0\bin\gswin64c.EXE
2025-11-17 17:51:39,189 - INFO - Status PIKEPDF_AVAILABLE: True
2025-11-17 17:51:39,189 - INFO - Status DND_AVAILABLE: True
2025-11-17 17:51:39,189 - INFO - Status PDFA_AVAILABLE: True
2025-11-17 17:51:39,189 - INFO - ✅ JuntaPDF inicializado com sucesso!
2025-11-17 17:51:39,189 - INFO - 🚀 Iniciando interface gráfica...
2025-11-17 17:51:43,186 - INFO - Arquivo adicionado: paginateste1_unido_3arquivos_2025-11-13_2317.pdf
2025-11-17 17:51:43,186 - INFO - Arquivo adicionado: paginateste3_unido_3arquivos_2025-11-13_2314.pdf
2025-11-17 17:51:43,186 - INFO - Arquivo adicionado: cnu matricula_p1240-1300_PDFA.pdf
2025-11-17 17:51:43,357 - INFO - Arquivo adicionado: cnu matricula.pdf
2025-11-17 17:52:01,501 - INFO - Iniciando limpeza de arquivos temporários
2025-11-17 17:52:01,541 - INFO - 🧹 Finalizando JuntaPDF...
2025-11-17 17:52:01,541 - INFO - Iniciando limpeza de arquivos temporários
2025-11-17 17:52:01,546 - INFO - Iniciando limpeza de arquivos temporários
2025-11-17 17:54:11,431 - INFO - ============================================================
2025-11-17 17:54:11,431 - INFO - JuntaPDF Iniciado
2025-11-17 17:54:11,431 - INFO - Versão Python: 3.12.1 (tags/v3.12.1:2305ca5, Dec  7 2023, 22:03:25) [MSC v.1937 64 bit (AMD64)]
2025-11-17 17:54:11,431 - INFO - Diretório de Log: C:\Users\Pichau\AppData\Local\Temp\JuntaPDF_Logs
2025-11-17 17:54:11,431 - INFO - Política de retenção: 30 dias
2025-11-17 17:54:11,431 - INFO - Rotacionamento: 10MB
2025-11-17 17:54:11,447 - INFO - tkinterdnd2 disponível
2025-11-17 17:54:11,492 - INFO - PyPDF2 disponível
2025-11-17 17:54:11,494 - INFO - pikepdf C++ to Python logger bridge initialized
2025-11-17 17:54:11,535 - INFO - pikepdf disponível
2025-11-17 17:54:11,652 - INFO - Janela criada com suporte a Drag & Drop
2025-11-17 17:54:11,652 - INFO - Cleanup registrado no atexit
2025-11-17 17:54:11,652 - INFO - Procurando Ghostscript no sistema...
2025-11-17 17:54:11,652 - INFO - Ghostscript encontrado no PATH: C:\Program Files\gs\gs10.06.0\bin\gswin64c.EXE
2025-11-17 17:54:11,652 - INFO - Perfil ICC encontrado: C:\Program Files\gs\gs10.06.0\iccprofiles\srgb.icc
2025-11-17 17:54:11,652 - INFO - PDF/A disponível: Ghostscript e ICC encontrados
2025-11-17 17:54:11,700 - INFO - ✅ Dependências verificadas:
2025-11-17 17:54:11,700 - INFO -    - PyPDF2: True
2025-11-17 17:54:11,700 - INFO -    - pikepdf: True
2025-11-17 17:54:11,700 - INFO -    - Ghostscript: True
2025-11-17 17:54:11,700 - INFO -    - PDF/A: True
2025-11-17 17:54:11,700 - INFO -    - Drag & Drop: True
2025-11-17 17:54:11,700 - INFO - Status PDF_LIBS_AVAILABLE: True
2025-11-17 17:54:11,700 - INFO - Status GHOSTSCRIPT_PATH: C:\Program Files\gs\gs10.06.0\bin\gswin64c.EXE
2025-11-17 17:54:11,700 - INFO - Status PIKEPDF_AVAILABLE: True
2025-11-17 17:54:11,700 - INFO - Status DND_AVAILABLE: True
2025-11-17 17:54:11,700 - INFO - Status PDFA_AVAILABLE: True
2025-11-17 17:54:11,700 - INFO - ✅ JuntaPDF inicializado com sucesso!
2025-11-17 17:54:11,700 - INFO - 🚀 Iniciando interface gráfica...
2025-11-17 17:54:58,120 - INFO - Iniciando limpeza de arquivos temporários
2025-11-17 17:54:58,152 - INFO - 🧹 Finalizando JuntaPDF...
2025-11-17 17:54:58,152 - INFO - Iniciando limpeza de arquivos temporários
2025-11-17 17:54:58,163 - INFO - Iniciando limpeza de arquivos temporários
2025-11-17 17:55:37,344 - INFO - ============================================================
2025-11-17 17:55:37,344 - INFO - JuntaPDF Iniciado
2025-11-17 17:55:37,344 - INFO - Versão Python: 3.12.1 (tags/v3.12.1:2305ca5, Dec  7 2023, 22:03:25) [MSC v.1937 64 bit (AMD64)]
2025-11-17 17:55:37,344 - INFO - Diretório de Log: C:\Users\Pichau\AppData\Local\Temp\JuntaPDF_Logs
2025-11-17 17:55:37,344 - INFO - Política de retenção: 30 dias
2025-11-17 17:55:37,344 - INFO - Rotacionamento: 10MB
2025-11-17 17:55:37,360 - INFO - tkinterdnd2 disponível
2025-11-17 17:55:37,408 - INFO - PyPDF2 disponível
2025-11-17 17:55:37,415 - INFO - pikepdf C++ to Python logger bridge initialized
2025-11-17 17:55:37,456 - INFO - pikepdf disponível
2025-11-17 17:55:37,552 - INFO - Janela criada com suporte a Drag & Drop
2025-11-17 17:55:37,552 - INFO - Cleanup registrado no atexit
2025-11-17 17:55:37,552 - INFO - Procurando Ghostscript no sistema...
2025-11-17 17:55:37,556 - INFO - Ghostscript encontrado no PATH: C:\Program Files\gs\gs10.06.0\bin\gswin64c.EXE
2025-11-17 17:55:37,556 - INFO - Perfil ICC encontrado: C:\Program Files\gs\gs10.06.0\iccprofiles\srgb.icc
2025-11-17 17:55:37,556 - INFO - PDF/A disponível: Ghostscript e ICC encontrados
2025-11-17 17:55:37,597 - INFO - ✅ Dependências verificadas:
2025-11-17 17:55:37,597 - INFO -    - PyPDF2: True
2025-11-17 17:55:37,597 - INFO -    - pikepdf: True
2025-11-17 17:55:37,597 - INFO -    - Ghostscript: True
2025-11-17 17:55:37,597 - INFO -    - PDF/A: True
2025-11-17 17:55:37,597 - INFO -    - Drag & Drop: True
2025-11-17 17:55:37,597 - INFO - Status PDF_LIBS_AVAILABLE: True
2025-11-17 17:55:37,597 - INFO - Status GHOSTSCRIPT_PATH: C:\Program Files\gs\gs10.06.0\bin\gswin64c.EXE
2025-11-17 17:55:37,597 - INFO - Status PIKEPDF_AVAILABLE: True
2025-11-17 17:55:37,597 - INFO - Status DND_AVAILABLE: True
2025-11-17 17:55:37,597 - INFO - Status PDFA_AVAILABLE: True
2025-11-17 17:55:37,597 - INFO - ✅ JuntaPDF inicializado com sucesso!
2025-11-17 17:55:37,597 - INFO - 🚀 Iniciando interface gráfica...
2025-11-17 17:55:43,781 - INFO - Iniciando limpeza de arquivos temporários
2025-11-17 17:55:43,822 - INFO - 🧹 Finalizando JuntaPDF...
2025-11-17 17:55:43,822 - INFO - Iniciando limpeza de arquivos temporários
2025-11-17 17:55:43,829 - INFO - Iniciando limpeza de arquivos temporários
2025-11-17 17:56:16,338 - INFO - ============================================================
2025-11-17 17:56:16,338 - INFO - JuntaPDF Iniciado
2025-11-17 17:56:16,353 - INFO - Versão Python: 3.12.1 (tags/v3.12.1:2305ca5, Dec  7 2023, 22:03:25) [MSC v.1937 64 bit (AMD64)]
2025-11-17 17:56:16,353 - INFO - Diretório de Log: C:\Users\Pichau\AppData\Local\Temp\JuntaPDF_Logs
2025-11-17 17:56:16,353 - INFO - Política de retenção: 30 dias
2025-11-17 17:56:16,353 - INFO - Rotacionamento: 10MB
2025-11-17 17:56:16,353 - INFO - tkinterdnd2 disponível
2025-11-17 17:56:16,401 - INFO - PyPDF2 disponível
2025-11-17 17:56:16,401 - INFO - pikepdf C++ to Python logger bridge initialized
2025-11-17 17:56:16,432 - INFO - pikepdf disponível
2025-11-17 17:56:16,521 - INFO - Janela criada com suporte a Drag & Drop
2025-11-17 17:56:16,521 - INFO - Cleanup registrado no atexit
2025-11-17 17:56:16,521 - INFO - Procurando Ghostscript no sistema...
2025-11-17 17:56:16,527 - INFO - Ghostscript encontrado no PATH: C:\Program Files\gs\gs10.06.0\bin\gswin64c.EXE
2025-11-17 17:56:16,527 - INFO - Perfil ICC encontrado: C:\Program Files\gs\gs10.06.0\iccprofiles\srgb.icc
2025-11-17 17:56:16,527 - INFO - PDF/A disponível: Ghostscript e ICC encontrados
2025-11-17 17:56:16,571 - INFO - ✅ Dependências verificadas:
2025-11-17 17:56:16,573 - INFO -    - PyPDF2: True
2025-11-17 17:56:16,573 - INFO -    - pikepdf: True
2025-11-17 17:56:16,573 - INFO -    - Ghostscript: True
2025-11-17 17:56:16,573 - INFO -    - PDF/A: True
2025-11-17 17:56:16,573 - INFO -    - Drag & Drop: True
2025-11-17 17:56:16,573 - INFO - Status PDF_LIBS_AVAILABLE: True
2025-11-17 17:56:16,573 - INFO - Status GHOSTSCRIPT_PATH: C:\Program Files\gs\gs10.06.0\bin\gswin64c.EXE
2025-11-17 17:56:16,573 - INFO - Status PIKEPDF_AVAILABLE: True
2025-11-17 17:56:16,573 - INFO - Status DND_AVAILABLE: True
2025-11-17 17:56:16,573 - INFO - Status PDFA_AVAILABLE: True
2025-11-17 17:56:16,573 - INFO - ✅ JuntaPDF inicializado com sucesso!
2025-11-17 17:56:16,573 - INFO - 🚀 Iniciando interface gráfica...
2025-11-17 17:56:25,963 - INFO - Iniciando limpeza de arquivos temporários
2025-11-17 17:56:25,989 - INFO - 🧹 Finalizando JuntaPDF...
2025-11-17 17:56:25,989 - INFO - Iniciando limpeza de arquivos temporários
2025-11-17 17:56:25,989 - INFO - Iniciando limpeza de arquivos temporários
2025-11-17 17:57:36,487 - INFO - ============================================================
2025-11-17 17:57:36,487 - INFO - JuntaPDF Iniciado
2025-11-17 17:57:36,487 - INFO - Versão Python: 3.12.1 (tags/v3.12.1:2305ca5, Dec  7 2023, 22:03:25) [MSC v.1937 64 bit (AMD64)]
2025-11-17 17:57:36,487 - INFO - Diretório de Log: C:\Users\Pichau\AppData\Local\Temp\JuntaPDF_Logs
2025-11-17 17:57:36,487 - INFO - Política de retenção: 30 dias
2025-11-17 17:57:36,487 - INFO - Rotacionamento: 10MB
2025-11-17 17:57:36,487 - INFO - tkinterdnd2 disponível
2025-11-17 17:57:36,545 - INFO - PyPDF2 disponível
2025-11-17 17:57:36,545 - INFO - pikepdf C++ to Python logger bridge initialized
2025-11-17 17:57:36,576 - INFO - pikepdf disponível
2025-11-17 17:57:36,687 - INFO - Janela criada com suporte a Drag & Drop
2025-11-17 17:57:36,687 - INFO - Cleanup registrado no atexit
2025-11-17 17:57:36,687 - INFO - Procurando Ghostscript no sistema...
2025-11-17 17:57:36,687 - INFO - Ghostscript encontrado no PATH: C:\Program Files\gs\gs10.06.0\bin\gswin64c.EXE
2025-11-17 17:57:36,687 - INFO - Perfil ICC encontrado: C:\Program Files\gs\gs10.06.0\iccprofiles\srgb.icc
2025-11-17 17:57:36,687 - INFO - PDF/A disponível: Ghostscript e ICC encontrados
2025-11-17 17:57:36,719 - INFO - ✅ Dependências verificadas:
2025-11-17 17:57:36,719 - INFO -    - PyPDF2: True
2025-11-17 17:57:36,719 - INFO -    - pikepdf: True
2025-11-17 17:57:36,719 - INFO -    - Ghostscript: True
2025-11-17 17:57:36,719 - INFO -    - PDF/A: True
2025-11-17 17:57:36,719 - INFO -    - Drag & Drop: True
2025-11-17 17:57:36,719 - INFO - Status PDF_LIBS_AVAILABLE: True
2025-11-17 17:57:36,719 - INFO - Status GHOSTSCRIPT_PATH: C:\Program Files\gs\gs10.06.0\bin\gswin64c.EXE
2025-11-17 17:57:36,719 - INFO - Status PIKEPDF_AVAILABLE: True
2025-11-17 17:57:36,719 - INFO - Status DND_AVAILABLE: True
2025-11-17 17:57:36,719 - INFO - Status PDFA_AVAILABLE: True
2025-11-17 17:57:36,719 - INFO - ✅ JuntaPDF inicializado com sucesso!
2025-11-17 17:57:36,719 - INFO - 🚀 Iniciando interface gráfica...
2025-11-17 17:57:40,868 - INFO - Arquivo adicionado: resposta do claude.pdf
2025-11-17 17:57:40,868 - INFO - Arquivo adicionado: $11_default_titlePri..._unido_6arquivos_2025-11-13_2319.pdf
2025-11-17 17:57:40,868 - INFO - Arquivo adicionado: paginateste1_unido_3arquivos_2025-11-13_2317.pdf
2025-11-17 17:57:40,868 - INFO - Arquivo adicionado: paginateste3_unido_3arquivos_2025-11-13_2314.pdf
2025-11-17 17:57:40,884 - INFO - Arquivo adicionado: cnu matricula_p1240-1300_PDFA.pdf
2025-11-17 17:57:41,059 - INFO - Arquivo adicionado: cnu matricula.pdf
2025-11-17 17:57:44,324 - INFO - 🧹 Finalizando JuntaPDF...
2025-11-17 17:57:44,324 - INFO - Iniciando limpeza de arquivos temporários
2025-11-17 17:57:44,327 - INFO - Iniciando limpeza de arquivos temporários
2025-11-17 17:57:59,996 - INFO - ============================================================
2025-11-17 17:57:59,996 - INFO - JuntaPDF Iniciado
2025-11-17 17:57:59,996 - INFO - Versão Python: 3.12.1 (tags/v3.12.1:2305ca5, Dec  7 2023, 22:03:25) [MSC v.1937 64 bit (AMD64)]
2025-11-17 17:57:59,996 - INFO - Diretório de Log: C:\Users\Pichau\AppData\Local\Temp\JuntaPDF_Logs
2025-11-17 17:57:59,996 - INFO - Política de retenção: 30 dias
2025-11-17 17:57:59,996 - INFO - Rotacionamento: 10MB
2025-11-17 17:57:59,996 - INFO - tkinterdnd2 disponível
2025-11-17 17:58:00,043 - INFO - PyPDF2 disponível
2025-11-17 17:58:00,043 - INFO - pikepdf C++ to Python logger bridge initialized
2025-11-17 17:58:00,090 - INFO - pikepdf disponível
2025-11-17 17:58:00,168 - INFO - Janela criada com suporte a Drag & Drop
2025-11-17 17:58:00,168 - INFO - Cleanup registrado no atexit
2025-11-17 17:58:00,168 - INFO - Procurando Ghostscript no sistema...
2025-11-17 17:58:00,170 - INFO - Ghostscript encontrado no PATH: C:\Program Files\gs\gs10.06.0\bin\gswin64c.EXE
2025-11-17 17:58:00,170 - INFO - Perfil ICC encontrado: C:\Program Files\gs\gs10.06.0\iccprofiles\srgb.icc
2025-11-17 17:58:00,170 - INFO - PDF/A disponível: Ghostscript e ICC encontrados
2025-11-17 17:58:00,202 - INFO - ✅ Dependências verificadas:
2025-11-17 17:58:00,202 - INFO -    - PyPDF2: True
2025-11-17 17:58:00,202 - INFO -    - pikepdf: True
2025-11-17 17:58:00,202 - INFO -    - Ghostscript: True
2025-11-17 17:58:00,202 - INFO -    - PDF/A: True
2025-11-17 17:58:00,202 - INFO -    - Drag & Drop: True
2025-11-17 17:58:00,202 - INFO - Status PDF_LIBS_AVAILABLE: True
2025-11-17 17:58:00,202 - INFO - Status GHOSTSCRIPT_PATH: C:\Program Files\gs\gs10.06.0\bin\gswin64c.EXE
2025-11-17 17:58:00,202 - INFO - Status PIKEPDF_AVAILABLE: True
2025-11-17 17:58:00,202 - INFO - Status DND_AVAILABLE: True
2025-11-17 17:58:00,202 - INFO - Status PDFA_AVAILABLE: True
2025-11-17 17:58:00,202 - INFO - ✅ JuntaPDF inicializado com sucesso!
2025-11-17 17:58:00,202 - INFO - 🚀 Iniciando interface gráfica...
2025-11-17 17:58:06,417 - INFO - Arquivo adicionado: $11_default_titlePri..._unido_6arquivos_2025-11-13_2319.pdf
2025-11-17 17:58:06,417 - INFO - Arquivo adicionado: paginateste1_unido_3arquivos_2025-11-13_2317.pdf
2025-11-17 17:58:06,430 - INFO - Arquivo adicionado: paginateste3_unido_3arquivos_2025-11-13_2314.pdf
2025-11-17 17:58:06,430 - INFO - Arquivo adicionado: cnu matricula_p1240-1300_PDFA.pdf
2025-11-17 17:58:17,070 - INFO - 🧹 Finalizando JuntaPDF...
2025-11-17 17:58:17,070 - INFO - Iniciando limpeza de arquivos temporários
2025-11-17 17:58:17,070 - INFO - Iniciando limpeza de arquivos temporários
2025-11-17 18:23:36,336 - INFO - ============================================================
2025-11-17 18:23:36,336 - INFO - JuntaPDF Iniciado
2025-11-17 18:23:36,336 - INFO - Versão Python: 3.12.1 (tags/v3.12.1:2305ca5, Dec  7 2023, 22:03:25) [MSC v.1937 64 bit (AMD64)]
2025-11-17 18:23:36,336 - INFO - Diretório de Log: C:\Users\Pichau\AppData\Local\Temp\JuntaPDF_Logs
2025-11-17 18:23:36,336 - INFO - Política de retenção: 30 dias
2025-11-17 18:23:36,336 - INFO - Rotacionamento: 10MB
2025-11-17 18:23:36,336 - INFO - tkinterdnd2 disponível
2025-11-17 18:23:36,384 - INFO - PyPDF2 disponível
2025-11-17 18:23:36,384 - INFO - pikepdf C++ to Python logger bridge initialized
2025-11-17 18:23:36,438 - INFO - pikepdf disponível
2025-11-17 18:23:36,557 - INFO - Janela criada com suporte a Drag & Drop
2025-11-17 18:23:36,557 - INFO - Cleanup registrado no atexit
2025-11-17 18:23:36,557 - INFO - Procurando Ghostscript no sistema...
2025-11-17 18:23:36,573 - INFO - Ghostscript encontrado no PATH: C:\Program Files\gs\gs10.06.0\bin\gswin64c.EXE
2025-11-17 18:23:36,573 - INFO - Perfil ICC encontrado: C:\Program Files\gs\gs10.06.0\iccprofiles\srgb.icc
2025-11-17 18:23:36,573 - INFO - PDF/A disponível: Ghostscript e ICC encontrados
2025-11-17 18:23:36,605 - INFO - ✅ Dependências verificadas:
2025-11-17 18:23:36,605 - INFO -    - PyPDF2: True
2025-11-17 18:23:36,605 - INFO -    - pikepdf: True
2025-11-17 18:23:36,605 - INFO -    - Ghostscript: True
2025-11-17 18:23:36,605 - INFO -    - PDF/A: True
2025-11-17 18:23:36,605 - INFO -    - Drag & Drop: True
2025-11-17 18:23:36,605 - INFO - Status PDF_LIBS_AVAILABLE: True
2025-11-17 18:23:36,605 - INFO - Status GHOSTSCRIPT_PATH: C:\Program Files\gs\gs10.06.0\bin\gswin64c.EXE
2025-11-17 18:23:36,605 - INFO - Status PIKEPDF_AVAILABLE: True
2025-11-17 18:23:36,605 - INFO - Status DND_AVAILABLE: True
2025-11-17 18:23:36,605 - INFO - Status PDFA_AVAILABLE: True
2025-11-17 18:23:36,605 - INFO - ✅ JuntaPDF inicializado com sucesso!
2025-11-17 18:23:36,605 - INFO - 🚀 Iniciando interface gráfica...
2025-11-17 18:23:53,338 - INFO - Arquivo adicionado: resposta do claude.pdf
2025-11-17 18:23:53,344 - INFO - Arquivo adicionado: $11_default_titlePri..._unido_6arquivos_2025-11-13_2319.pdf
2025-11-17 18:23:53,344 - INFO - Arquivo adicionado: paginateste1_unido_3arquivos_2025-11-13_2317.pdf
2025-11-17 18:23:53,344 - INFO - Arquivo adicionado: paginateste3_unido_3arquivos_2025-11-13_2314.pdf
2025-11-17 18:23:53,354 - INFO - Arquivo adicionado: cnu matricula_p1240-1300_PDFA.pdf
2025-11-17 18:23:53,525 - INFO - Arquivo adicionado: cnu matricula.pdf
2025-11-17 18:23:53,527 - INFO - Arquivo adicionado: PROF SUBSTITUTO_comprimido_pdfa_comprimido_pdfa_comprimido_pdfa.pdf
2025-11-17 18:23:53,542 - INFO - Arquivo adicionado: PROF SUBSTITUTO_comprimido_pdfa_comprimido_pdfa.pdf
2025-11-17 18:23:53,553 - INFO - Arquivo adicionado: paginateste3.pdf
2025-11-17 18:23:53,553 - INFO - Arquivo adicionado: paginateste2.pdf
2025-11-17 18:23:53,557 - INFO - Arquivo adicionado: paginateste1.pdf
2025-11-17 18:24:51,913 - INFO - ============================================================
2025-11-17 18:24:51,913 - INFO - JuntaPDF Iniciado
2025-11-17 18:24:51,913 - INFO - Versão Python: 3.12.1 (tags/v3.12.1:2305ca5, Dec  7 2023, 22:03:25) [MSC v.1937 64 bit (AMD64)]
2025-11-17 18:24:51,913 - INFO - Diretório de Log: C:\Users\Pichau\AppData\Local\Temp\JuntaPDF_Logs
2025-11-17 18:24:51,913 - INFO - Política de retenção: 30 dias
2025-11-17 18:24:51,913 - INFO - Rotacionamento: 10MB
2025-11-17 18:24:51,913 - INFO - tkinterdnd2 disponível
2025-11-17 18:24:51,960 - INFO - PyPDF2 disponível
2025-11-17 18:24:51,964 - INFO - pikepdf C++ to Python logger bridge initialized
2025-11-17 18:24:51,992 - INFO - pikepdf disponível
2025-11-17 18:24:52,086 - INFO - Janela criada com suporte a Drag & Drop
2025-11-17 18:24:52,086 - INFO - Cleanup registrado no atexit
2025-11-17 18:24:52,086 - INFO - Procurando Ghostscript no sistema...
2025-11-17 18:24:52,086 - INFO - Ghostscript encontrado no PATH: C:\Program Files\gs\gs10.06.0\bin\gswin64c.EXE
2025-11-17 18:24:52,086 - INFO - Perfil ICC encontrado: C:\Program Files\gs\gs10.06.0\iccprofiles\srgb.icc
2025-11-17 18:24:52,086 - INFO - PDF/A disponível: Ghostscript e ICC encontrados
2025-11-17 18:24:52,118 - INFO - ✅ Dependências verificadas:
2025-11-17 18:24:52,118 - INFO -    - PyPDF2: True
2025-11-17 18:24:52,118 - INFO -    - pikepdf: True
2025-11-17 18:24:52,118 - INFO -    - Ghostscript: True
2025-11-17 18:24:52,118 - INFO -    - PDF/A: True
2025-11-17 18:24:52,118 - INFO -    - Drag & Drop: True
2025-11-17 18:24:52,118 - INFO - Status PDF_LIBS_AVAILABLE: True
2025-11-17 18:24:52,118 - INFO - Status GHOSTSCRIPT_PATH: C:\Program Files\gs\gs10.06.0\bin\gswin64c.EXE
2025-11-17 18:24:52,118 - INFO - Status PIKEPDF_AVAILABLE: True
2025-11-17 18:24:52,118 - INFO - Status DND_AVAILABLE: True
2025-11-17 18:24:52,118 - INFO - Status PDFA_AVAILABLE: True
2025-11-17 18:24:52,118 - INFO - ✅ JuntaPDF inicializado com sucesso!
2025-11-17 18:24:52,118 - INFO - 🚀 Iniciando interface gráfica...
2025-11-17 18:24:56,897 - INFO - Arquivo adicionado: resposta do claude.pdf
2025-11-17 18:24:56,903 - INFO - Arquivo adicionado: $11_default_titlePri..._unido_6arquivos_2025-11-13_2319.pdf
2025-11-17 18:24:56,903 - INFO - Arquivo adicionado: paginateste1_unido_3arquivos_2025-11-13_2317.pdf
2025-11-17 18:24:56,903 - INFO - Arquivo adicionado: paginateste3_unido_3arquivos_2025-11-13_2314.pdf
2025-11-17 18:24:56,917 - INFO - Arquivo adicionado: cnu matricula_p1240-1300_PDFA.pdf
2025-11-17 18:24:57,081 - INFO - Arquivo adicionado: cnu matricula.pdf
2025-11-17 18:27:14,495 - INFO - Arquivo removido: resposta do claude.pdf
2025-11-17 18:27:16,704 - INFO - Arquivo removido: paginateste2.pdf
2025-11-17 18:28:13,828 - INFO - Iniciando limpeza de arquivos temporários
2025-11-17 18:28:13,939 - INFO - Iniciando limpeza de arquivos temporários
2025-11-17 18:28:14,059 - INFO - Iniciando limpeza de arquivos temporários
2025-11-17 18:28:14,178 - INFO - Iniciando limpeza de arquivos temporários
2025-11-17 18:28:14,289 - INFO - Iniciando limpeza de arquivos temporários
2025-11-17 18:28:14,406 - INFO - Iniciando limpeza de arquivos temporários
2025-11-17 18:28:14,529 - INFO - Iniciando limpeza de arquivos temporários
2025-11-17 18:28:14,641 - INFO - Iniciando limpeza de arquivos temporários
2025-11-17 18:28:14,752 - INFO - Iniciando limpeza de arquivos temporários
2025-11-17 18:28:14,879 - INFO - Iniciando limpeza de arquivos temporários
2025-11-17 18:28:14,991 - INFO - Iniciando limpeza de arquivos temporários
2025-11-17 18:28:15,103 - INFO - Iniciando limpeza de arquivos temporários
2025-11-17 18:28:15,229 - INFO - Iniciando limpeza de arquivos temporários
2025-11-17 18:28:15,341 - INFO - Iniciando limpeza de arquivos temporários
2025-11-17 18:28:15,453 - INFO - Iniciando limpeza de arquivos temporários
2025-11-17 18:28:15,579 - INFO - Iniciando limpeza de arquivos temporários
2025-11-17 18:28:15,690 - INFO - Iniciando limpeza de arquivos temporários
2025-11-17 18:28:15,803 - INFO - Iniciando limpeza de arquivos temporários
2025-11-17 18:28:15,915 - INFO - Iniciando limpeza de arquivos temporários
2025-11-17 18:28:16,040 - INFO - Iniciando limpeza de arquivos temporários
2025-11-17 18:28:16,152 - INFO - Iniciando limpeza de arquivos temporários
2025-11-17 18:28:16,263 - INFO - Iniciando limpeza de arquivos temporários
2025-11-17 18:28:16,390 - INFO - Iniciando limpeza de arquivos temporários
2025-11-17 18:28:16,500 - INFO - Iniciando limpeza de arquivos temporários
2025-11-17 18:28:16,622 - INFO - Iniciando limpeza de arquivos temporários
2025-11-17 18:28:16,736 - INFO - Iniciando limpeza de arquivos temporários
2025-11-17 18:28:16,849 - INFO - Iniciando limpeza de arquivos temporários
2025-11-17 18:28:16,956 - INFO - Iniciando limpeza de arquivos temporários
2025-11-17 18:28:17,069 - INFO - Iniciando limpeza de arquivos temporários
2025-11-17 18:28:17,178 - INFO - Iniciando limpeza de arquivos temporários
2025-11-17 18:28:17,305 - INFO - Iniciando limpeza de arquivos temporários
2025-11-17 18:28:17,420 - INFO - Iniciando limpeza de arquivos temporários
2025-11-17 18:28:17,530 - INFO - Iniciando limpeza de arquivos temporários
2025-11-17 18:28:17,645 - INFO - Iniciando limpeza de arquivos temporários
2025-11-17 18:28:17,757 - INFO - Iniciando limpeza de arquivos temporários
2025-11-17 18:28:17,878 - INFO - Iniciando limpeza de arquivos temporários
2025-11-17 18:28:17,992 - INFO - Iniciando limpeza de arquivos temporários
2025-11-17 18:28:18,100 - INFO - Iniciando limpeza de arquivos temporários
2025-11-17 18:28:18,226 - INFO - Iniciando limpeza de arquivos temporários
2025-11-17 18:28:18,338 - INFO - Iniciando limpeza de arquivos temporários
2025-11-17 18:28:18,465 - INFO - Iniciando limpeza de arquivos temporários
2025-11-17 18:28:18,576 - INFO - Iniciando limpeza de arquivos temporários
2025-11-17 18:28:18,687 - INFO - Iniciando limpeza de arquivos temporários
2025-11-17 18:28:18,799 - INFO - Iniciando limpeza de arquivos temporários
2025-11-17 18:28:18,926 - INFO - Iniciando limpeza de arquivos temporários
2025-11-17 18:28:19,043 - INFO - Iniciando limpeza de arquivos temporários
2025-11-17 18:28:19,153 - INFO - Iniciando limpeza de arquivos temporários
2025-11-17 18:28:19,261 - INFO - Iniciando limpeza de arquivos temporários
2025-11-17 18:28:19,385 - INFO - Iniciando limpeza de arquivos temporários
2025-11-17 18:28:19,497 - INFO - Iniciando limpeza de arquivos temporários
2025-11-17 18:28:19,601 - INFO - Iniciando limpeza de arquivos temporários
2025-11-17 18:28:19,725 - INFO - Iniciando limpeza de arquivos temporários
2025-11-17 18:28:19,836 - INFO - Iniciando limpeza de arquivos temporários
2025-11-17 18:28:19,955 - INFO - Iniciando limpeza de arquivos temporários
2025-11-17 18:28:20,063 - INFO - Iniciando limpeza de arquivos temporários
2025-11-17 18:28:20,177 - INFO - Iniciando limpeza de arquivos temporários
2025-11-17 18:28:20,296 - INFO - Iniciando limpeza de arquivos temporários
2025-11-17 18:28:20,409 - INFO - Iniciando limpeza de arquivos temporários
2025-11-17 18:28:20,533 - INFO - Iniciando limpeza de arquivos temporários
2025-11-17 18:28:20,644 - INFO - Iniciando limpeza de arquivos temporários
2025-11-17 18:28:20,755 - INFO - Iniciando limpeza de arquivos temporários
2025-11-17 18:28:20,867 - INFO - Iniciando limpeza de arquivos temporários
2025-11-17 18:28:20,986 - INFO - Iniciando limpeza de arquivos temporários
2025-11-17 18:28:21,105 - INFO - Iniciando limpeza de arquivos temporários
2025-11-17 18:28:21,217 - INFO - Iniciando limpeza de arquivos temporários
2025-11-17 18:28:21,335 - INFO - Iniciando limpeza de arquivos temporários
2025-11-17 18:28:21,452 - INFO - Iniciando limpeza de arquivos temporários
2025-11-17 18:28:21,557 - INFO - Iniciando limpeza de arquivos temporários
2025-11-17 18:28:21,678 - INFO - Iniciando limpeza de arquivos temporários
2025-11-17 18:28:21,789 - INFO - Iniciando limpeza de arquivos temporários
2025-11-17 18:28:21,901 - INFO - Iniciando limpeza de arquivos temporários
2025-11-17 18:28:22,022 - INFO - Iniciando limpeza de arquivos temporários
2025-11-17 18:28:22,134 - INFO - Iniciando limpeza de arquivos temporários
2025-11-17 18:28:22,240 - INFO - Iniciando limpeza de arquivos temporários
2025-11-17 18:28:22,350 - INFO - Iniciando limpeza de arquivos temporários
2025-11-17 18:28:22,468 - INFO - Iniciando limpeza de arquivos temporários
2025-11-17 18:28:22,575 - INFO - Iniciando limpeza de arquivos temporários
2025-11-17 18:28:22,685 - INFO - Iniciando limpeza de arquivos temporários
2025-11-17 18:28:22,808 - INFO - Iniciando limpeza de arquivos temporários
2025-11-17 18:28:22,926 - INFO - Iniciando limpeza de arquivos temporários
2025-11-17 18:28:23,046 - INFO - Iniciando limpeza de arquivos temporários
2025-11-17 18:28:23,158 - INFO - Iniciando limpeza de arquivos temporários
2025-11-17 18:28:23,284 - INFO - Iniciando limpeza de arquivos temporários
2025-11-17 18:28:23,395 - INFO - Iniciando limpeza de arquivos temporários
2025-11-17 18:28:23,507 - INFO - Iniciando limpeza de arquivos temporários
2025-11-17 18:28:23,634 - INFO - Iniciando limpeza de arquivos temporários
2025-11-17 18:28:23,745 - INFO - Iniciando limpeza de arquivos temporários
2025-11-17 18:28:23,873 - INFO - Iniciando limpeza de arquivos temporários
2025-11-17 18:28:23,985 - INFO - Iniciando limpeza de arquivos temporários
2025-11-17 18:28:24,112 - INFO - Iniciando limpeza de arquivos temporários
2025-11-17 18:28:24,223 - INFO - Iniciando limpeza de arquivos temporários
2025-11-17 18:28:24,334 - INFO - Iniciando limpeza de arquivos temporários
2025-11-17 18:28:24,461 - INFO - Iniciando limpeza de arquivos temporários
2025-11-17 18:28:24,577 - INFO - Iniciando limpeza de arquivos temporários
2025-11-17 18:28:24,687 - INFO - Iniciando limpeza de arquivos temporários
2025-11-17 18:28:24,812 - INFO - Iniciando limpeza de arquivos temporários
2025-11-17 18:28:24,926 - INFO - Iniciando limpeza de arquivos temporários
2025-11-17 18:28:25,052 - INFO - Iniciando limpeza de arquivos temporários
2025-11-17 18:28:25,163 - INFO - Iniciando limpeza de arquivos temporários
2025-11-17 18:28:25,290 - INFO - Iniciando limpeza de arquivos temporários
2025-11-17 18:28:25,406 - INFO - Iniciando limpeza de arquivos temporários
2025-11-17 18:28:25,530 - INFO - Iniciando limpeza de arquivos temporários
2025-11-17 18:28:25,643 - INFO - Iniciando limpeza de arquivos temporários
2025-11-17 18:28:25,768 - INFO - Iniciando limpeza de arquivos temporários
2025-11-17 18:28:25,880 - INFO - Iniciando limpeza de arquivos temporários
2025-11-17 18:28:25,999 - INFO - Iniciando limpeza de arquivos temporários
2025-11-17 18:28:26,118 - INFO - Iniciando limpeza de arquivos temporários
2025-11-17 18:28:26,229 - INFO - Iniciando limpeza de arquivos temporários
2025-11-17 18:28:26,356 - INFO - Iniciando limpeza de arquivos temporários
2025-11-17 18:28:26,467 - INFO - Iniciando limpeza de arquivos temporários
2025-11-17 18:28:26,594 - INFO - Iniciando limpeza de arquivos temporários
2025-11-17 18:28:26,706 - INFO - Iniciando limpeza de arquivos temporários
2025-11-17 18:28:26,821 - INFO - Iniciando limpeza de arquivos temporários
2025-11-17 18:28:26,945 - INFO - Iniciando limpeza de arquivos temporários
2025-11-17 18:28:27,056 - INFO - Iniciando limpeza de arquivos temporários
2025-11-17 18:28:27,168 - INFO - Iniciando limpeza de arquivos temporários
2025-11-17 18:28:27,281 - INFO - Iniciando limpeza de arquivos temporários
2025-11-17 18:28:27,395 - INFO - Iniciando limpeza de arquivos temporários
2025-11-17 18:28:27,518 - INFO - Iniciando limpeza de arquivos temporários
2025-11-17 18:28:27,629 - INFO - Iniciando limpeza de arquivos temporários
2025-11-17 18:28:27,744 - INFO - Iniciando limpeza de arquivos temporários
2025-11-17 18:28:27,868 - INFO - Iniciando limpeza de arquivos temporários
2025-11-17 18:28:27,979 - INFO - Iniciando limpeza de arquivos temporários
2025-11-17 18:28:28,094 - INFO - Iniciando limpeza de arquivos temporários
2025-11-17 18:28:28,217 - INFO - Iniciando limpeza de arquivos temporários
2025-11-17 18:28:28,328 - INFO - Iniciando limpeza de arquivos temporários
2025-11-17 18:28:28,440 - INFO - Iniciando limpeza de arquivos temporários
2025-11-17 18:28:28,551 - INFO - Iniciando limpeza de arquivos temporários
2025-11-17 18:28:28,662 - INFO - Iniciando limpeza de arquivos temporários
2025-11-17 18:28:28,789 - INFO - Iniciando limpeza de arquivos temporários
2025-11-17 18:28:28,900 - INFO - Iniciando limpeza de arquivos temporários
2025-11-17 18:28:29,011 - INFO - Iniciando limpeza de arquivos temporários
2025-11-17 18:28:29,121 - INFO - Iniciando limpeza de arquivos temporários
2025-11-17 18:28:29,238 - INFO - Iniciando limpeza de arquivos temporários
2025-11-17 18:28:29,359 - INFO - Iniciando limpeza de arquivos temporários
2025-11-17 18:28:29,470 - INFO - Iniciando limpeza de arquivos temporários
2025-11-17 18:28:29,581 - INFO - Iniciando limpeza de arquivos temporários
2025-11-17 18:28:29,692 - INFO - Iniciando limpeza de arquivos temporários
2025-11-17 18:28:29,803 - INFO - Iniciando limpeza de arquivos temporários
2025-11-17 18:28:29,921 - INFO - Iniciando limpeza de arquivos temporários
2025-11-17 18:28:30,041 - INFO - Iniciando limpeza de arquivos temporários
2025-11-17 18:28:30,152 - INFO - Iniciando limpeza de arquivos temporários
2025-11-17 18:28:30,263 - INFO - Iniciando limpeza de arquivos temporários
2025-11-17 18:28:30,374 - INFO - Iniciando limpeza de arquivos temporários
2025-11-17 18:28:43,331 - INFO - Iniciando limpeza de arquivos temporários
2025-11-17 18:28:43,369 - INFO - 🧹 Finalizando JuntaPDF...
2025-11-17 18:28:43,369 - INFO - Iniciando limpeza de arquivos temporários
2025-11-17 18:28:43,369 - INFO - Iniciando limpeza de arquivos temporários
2025-11-17 18:28:57,172 - INFO - ============================================================
2025-11-17 18:28:57,172 - INFO - JuntaPDF Iniciado
2025-11-17 18:28:57,172 - INFO - Versão Python: 3.12.1 (tags/v3.12.1:2305ca5, Dec  7 2023, 22:03:25) [MSC v.1937 64 bit (AMD64)]
2025-11-17 18:28:57,172 - INFO - Diretório de Log: C:\Users\Pichau\AppData\Local\Temp\JuntaPDF_Logs
2025-11-17 18:28:57,172 - INFO - Política de retenção: 30 dias
2025-11-17 18:28:57,172 - INFO - Rotacionamento: 10MB
2025-11-17 18:28:57,172 - INFO - tkinterdnd2 disponível
2025-11-17 18:28:57,219 - INFO - PyPDF2 disponível
2025-11-17 18:28:57,219 - INFO - pikepdf C++ to Python logger bridge initialized
2025-11-17 18:28:57,262 - INFO - pikepdf disponível
2025-11-17 18:28:57,377 - INFO - Janela criada com suporte a Drag & Drop
2025-11-17 18:28:57,377 - INFO - Cleanup registrado no atexit
2025-11-17 18:28:57,377 - INFO - Procurando Ghostscript no sistema...
2025-11-17 18:28:57,377 - INFO - Ghostscript encontrado no PATH: C:\Program Files\gs\gs10.06.0\bin\gswin64c.EXE
2025-11-17 18:28:57,377 - INFO - Perfil ICC encontrado: C:\Program Files\gs\gs10.06.0\iccprofiles\srgb.icc
2025-11-17 18:28:57,377 - INFO - PDF/A disponível: Ghostscript e ICC encontrados
2025-11-17 18:28:57,492 - INFO - ✅ Dependências verificadas:
2025-11-17 18:28:57,492 - INFO -    - PyPDF2: True
2025-11-17 18:28:57,492 - INFO -    - pikepdf: True
2025-11-17 18:28:57,492 - INFO -    - Ghostscript: True
2025-11-17 18:28:57,492 - INFO -    - PDF/A: True
2025-11-17 18:28:57,492 - INFO -    - Drag & Drop: True
2025-11-17 18:28:57,492 - INFO - Status PDF_LIBS_AVAILABLE: True
2025-11-17 18:28:57,492 - INFO - Status GHOSTSCRIPT_PATH: C:\Program Files\gs\gs10.06.0\bin\gswin64c.EXE
2025-11-17 18:28:57,492 - INFO - Status PIKEPDF_AVAILABLE: True
2025-11-17 18:28:57,492 - INFO - Status DND_AVAILABLE: True
2025-11-17 18:28:57,492 - INFO - Status PDFA_AVAILABLE: True
2025-11-17 18:28:57,492 - INFO - ✅ JuntaPDF inicializado com sucesso!
2025-11-17 18:28:57,492 - INFO - 🚀 Iniciando interface gráfica...
2025-11-17 18:29:05,869 - INFO - Iniciando limpeza de arquivos temporários
2025-11-17 18:29:05,909 - INFO - 🧹 Finalizando JuntaPDF...
2025-11-17 18:29:05,909 - INFO - Iniciando limpeza de arquivos temporários
2025-11-17 18:29:05,909 - INFO - Iniciando limpeza de arquivos temporários
2025-11-17 18:30:36,896 - INFO - ============================================================
2025-11-17 18:30:36,898 - INFO - JuntaPDF Iniciado
2025-11-17 18:30:36,898 - INFO - Versão Python: 3.12.1 (tags/v3.12.1:2305ca5, Dec  7 2023, 22:03:25) [MSC v.1937 64 bit (AMD64)]
2025-11-17 18:30:36,898 - INFO - Diretório de Log: C:\Users\Pichau\AppData\Local\Temp\JuntaPDF_Logs
2025-11-17 18:30:36,898 - INFO - Política de retenção: 30 dias
2025-11-17 18:30:36,898 - INFO - Rotacionamento: 10MB
2025-11-17 18:30:36,901 - INFO - tkinterdnd2 disponível
2025-11-17 18:30:36,947 - INFO - PyPDF2 disponível
2025-11-17 18:30:36,947 - INFO - pikepdf C++ to Python logger bridge initialized
2025-11-17 18:30:36,981 - INFO - pikepdf disponível
2025-11-17 18:30:37,111 - INFO - Janela criada com suporte a Drag & Drop
2025-11-17 18:30:37,111 - INFO - Cleanup registrado no atexit
2025-11-17 18:30:37,111 - INFO - Procurando Ghostscript no sistema...
2025-11-17 18:30:37,114 - INFO - Ghostscript encontrado no PATH: C:\Program Files\gs\gs10.06.0\bin\gswin64c.EXE
2025-11-17 18:30:37,114 - INFO - Perfil ICC encontrado: C:\Program Files\gs\gs10.06.0\iccprofiles\srgb.icc
2025-11-17 18:30:37,114 - INFO - PDF/A disponível: Ghostscript e ICC encontrados
2025-11-17 18:30:37,154 - INFO - ✅ Dependências verificadas:
2025-11-17 18:30:37,155 - INFO -    - PyPDF2: True
2025-11-17 18:30:37,155 - INFO -    - pikepdf: True
2025-11-17 18:30:37,155 - INFO -    - Ghostscript: True
2025-11-17 18:30:37,155 - INFO -    - PDF/A: True
2025-11-17 18:30:37,155 - INFO -    - Drag & Drop: True
2025-11-17 18:30:37,155 - INFO - Status PDF_LIBS_AVAILABLE: True
2025-11-17 18:30:37,155 - INFO - Status GHOSTSCRIPT_PATH: C:\Program Files\gs\gs10.06.0\bin\gswin64c.EXE
2025-11-17 18:30:37,155 - INFO - Status PIKEPDF_AVAILABLE: True
2025-11-17 18:30:37,155 - INFO - Status DND_AVAILABLE: True
2025-11-17 18:30:37,155 - INFO - Status PDFA_AVAILABLE: True
2025-11-17 18:30:37,155 - INFO - ✅ JuntaPDF inicializado com sucesso!
2025-11-17 18:30:37,155 - INFO - 🚀 Iniciando interface gráfica...
2025-11-17 18:30:40,247 - INFO - Arquivo adicionado: resposta do claude.pdf
2025-11-17 18:30:40,247 - INFO - Arquivo adicionado: $11_default_titlePri..._unido_6arquivos_2025-11-13_2319.pdf
2025-11-17 18:30:40,247 - INFO - Arquivo adicionado: paginateste1_unido_3arquivos_2025-11-13_2317.pdf
2025-11-17 18:30:40,247 - INFO - Arquivo adicionado: paginateste3_unido_3arquivos_2025-11-13_2314.pdf
2025-11-17 18:30:40,275 - INFO - Arquivo adicionado: cnu matricula_p1240-1300_PDFA.pdf
2025-11-17 18:30:40,450 - INFO - Arquivo adicionado: cnu matricula.pdf
2025-11-17 18:30:52,823 - INFO - Iniciando limpeza de arquivos temporários
2025-11-17 18:30:52,852 - INFO - 🧹 Finalizando JuntaPDF...
2025-11-17 18:30:52,852 - INFO - Iniciando limpeza de arquivos temporários
2025-11-17 18:30:52,855 - INFO - Iniciando limpeza de arquivos temporários
2025-11-17 18:34:32,001 - INFO - ============================================================
2025-11-17 18:34:32,001 - INFO - JuntaPDF Iniciado
2025-11-17 18:34:32,001 - INFO - Versão Python: 3.12.1 (tags/v3.12.1:2305ca5, Dec  7 2023, 22:03:25) [MSC v.1937 64 bit (AMD64)]
2025-11-17 18:34:32,001 - INFO - Diretório de Log: C:\Users\Pichau\AppData\Local\Temp\JuntaPDF_Logs
2025-11-17 18:34:32,001 - INFO - Política de retenção: 30 dias
2025-11-17 18:34:32,001 - INFO - Rotacionamento: 10MB
2025-11-17 18:34:32,001 - INFO - tkinterdnd2 disponível
2025-11-17 18:34:32,051 - INFO - PyPDF2 disponível
2025-11-17 18:34:32,058 - INFO - pikepdf C++ to Python logger bridge initialized
2025-11-17 18:34:32,098 - INFO - pikepdf disponível
2025-11-17 18:34:32,206 - INFO - Janela criada com suporte a Drag & Drop
2025-11-17 18:34:32,206 - INFO - Cleanup registrado no atexit
2025-11-17 18:34:32,206 - INFO - Procurando Ghostscript no sistema...
2025-11-17 18:34:32,222 - INFO - Ghostscript encontrado no PATH: C:\Program Files\gs\gs10.06.0\bin\gswin64c.EXE
2025-11-17 18:34:32,222 - INFO - Perfil ICC encontrado: C:\Program Files\gs\gs10.06.0\iccprofiles\srgb.icc
2025-11-17 18:34:32,222 - INFO - PDF/A disponível: Ghostscript e ICC encontrados
2025-11-17 18:34:32,253 - INFO - ✅ Dependências verificadas:
2025-11-17 18:34:32,253 - INFO -    - PyPDF2: True
2025-11-17 18:34:32,253 - INFO -    - pikepdf: True
2025-11-17 18:34:32,253 - INFO -    - Ghostscript: True
2025-11-17 18:34:32,253 - INFO -    - PDF/A: True
2025-11-17 18:34:32,253 - INFO -    - Drag & Drop: True
2025-11-17 18:34:32,253 - INFO - Status PDF_LIBS_AVAILABLE: True
2025-11-17 18:34:32,253 - INFO - Status GHOSTSCRIPT_PATH: C:\Program Files\gs\gs10.06.0\bin\gswin64c.EXE
2025-11-17 18:34:32,253 - INFO - Status PIKEPDF_AVAILABLE: True
2025-11-17 18:34:32,253 - INFO - Status DND_AVAILABLE: True
2025-11-17 18:34:32,253 - INFO - Status PDFA_AVAILABLE: True
2025-11-17 18:34:32,253 - INFO - ✅ JuntaPDF inicializado com sucesso!
2025-11-17 18:34:32,253 - INFO - 🚀 Iniciando interface gráfica...
2025-11-17 18:34:37,434 - INFO - Iniciando limpeza de arquivos temporários
2025-11-17 18:34:37,466 - INFO - 🧹 Finalizando JuntaPDF...
2025-11-17 18:34:37,466 - INFO - Iniciando limpeza de arquivos temporários
2025-11-17 18:34:37,466 - INFO - Iniciando limpeza de arquivos temporários
2025-11-17 19:02:48,798 - INFO - ============================================================
2025-11-17 19:02:48,798 - INFO - JuntaPDF Iniciado
2025-11-17 19:02:48,798 - INFO - Versão Python: 3.12.1 (tags/v3.12.1:2305ca5, Dec  7 2023, 22:03:25) [MSC v.1937 64 bit (AMD64)]
2025-11-17 19:02:48,798 - INFO - Diretório de Log: C:\Users\Pichau\AppData\Local\Temp\JuntaPDF_Logs
2025-11-17 19:02:48,799 - INFO - tkinterdnd2 disponível
2025-11-17 19:02:48,847 - INFO - PyPDF2 disponível
2025-11-17 19:02:48,850 - INFO - pikepdf C++ to Python logger bridge initialized
2025-11-17 19:02:48,892 - INFO - pikepdf disponível
2025-11-17 19:02:49,008 - INFO - Janela com Drag & Drop
2025-11-17 19:02:49,008 - INFO - Cleanup registrado no atexit
2025-11-17 19:02:49,008 - INFO - Procurando Ghostscript...
2025-11-17 19:02:49,021 - INFO - Ghostscript encontrado: C:\Program Files\gs\gs10.06.0\bin\gswin64c.EXE
2025-11-17 19:02:49,021 - INFO - Perfil ICC encontrado: C:\Program Files\gs\gs10.06.0\iccprofiles\srgb.icc
2025-11-17 19:02:49,021 - INFO - PDF/A disponível
2025-11-17 19:02:49,276 - INFO - ✅ JuntaPDF inicializado com sucesso!
2025-11-17 19:02:49,276 - INFO - 🚀 Iniciando interface gráfica...
2025-11-17 19:04:43,105 - INFO - Arquivo adicionado: paginateste3.pdf
2025-11-17 19:04:43,110 - INFO - Arquivo adicionado: paginateste2.pdf
2025-11-17 19:04:43,110 - INFO - Arquivo adicionado: paginateste1.pdf
2025-11-17 19:05:35,144 - INFO - ============================================================
2025-11-17 19:05:35,144 - INFO - JuntaPDF Iniciado
2025-11-17 19:05:35,144 - INFO - Versão Python: 3.12.1 (tags/v3.12.1:2305ca5, Dec  7 2023, 22:03:25) [MSC v.1937 64 bit (AMD64)]
2025-11-17 19:05:35,144 - INFO - Diretório de Log: C:\Users\Pichau\AppData\Local\Temp\JuntaPDF_Logs
2025-11-17 19:05:35,144 - INFO - Política de retenção: 30 dias
2025-11-17 19:05:35,144 - INFO - Rotacionamento: 10MB
2025-11-17 19:05:35,144 - INFO - tkinterdnd2 disponível
2025-11-17 19:05:35,191 - INFO - PyPDF2 disponível
2025-11-17 19:05:35,191 - INFO - pikepdf C++ to Python logger bridge initialized
2025-11-17 19:05:35,223 - INFO - pikepdf disponível
2025-11-17 19:05:35,382 - INFO - Janela criada com suporte a Drag & Drop
2025-11-17 19:05:35,382 - INFO - Cleanup registrado no atexit
2025-11-17 19:05:35,382 - INFO - Procurando Ghostscript no sistema...
2025-11-17 19:05:35,382 - INFO - Ghostscript encontrado no PATH: C:\Program Files\gs\gs10.06.0\bin\gswin64c.EXE
2025-11-17 19:05:35,382 - INFO - Perfil ICC encontrado: C:\Program Files\gs\gs10.06.0\iccprofiles\srgb.icc
2025-11-17 19:05:35,382 - INFO - PDF/A disponível: Ghostscript e ICC encontrados
2025-11-17 19:05:35,493 - INFO - ✅ Dependências verificadas:
2025-11-17 19:05:35,493 - INFO -    - PyPDF2: True
2025-11-17 19:05:35,493 - INFO -    - pikepdf: True
2025-11-17 19:05:35,493 - INFO -    - Ghostscript: True
2025-11-17 19:05:35,493 - INFO -    - PDF/A: True
2025-11-17 19:05:35,493 - INFO -    - Drag & Drop: True
2025-11-17 19:05:35,493 - INFO - Status PDF_LIBS_AVAILABLE: True
2025-11-17 19:05:35,493 - INFO - Status GHOSTSCRIPT_PATH: C:\Program Files\gs\gs10.06.0\bin\gswin64c.EXE
2025-11-17 19:05:35,493 - INFO - Status PIKEPDF_AVAILABLE: True
2025-11-17 19:05:35,493 - INFO - Status DND_AVAILABLE: True
2025-11-17 19:05:35,493 - INFO - Status PDFA_AVAILABLE: True
2025-11-17 19:05:35,493 - INFO - ✅ JuntaPDF inicializado com sucesso!
2025-11-17 19:05:35,493 - INFO - 🚀 Iniciando interface gráfica...
2025-11-17 19:05:53,590 - INFO - Arquivo adicionado: resposta do claude.pdf
2025-11-17 19:05:53,594 - INFO - Arquivo adicionado: $11_default_titlePri..._unido_6arquivos_2025-11-13_2319.pdf
2025-11-17 19:05:53,594 - INFO - Arquivo adicionado: paginateste1_unido_3arquivos_2025-11-13_2317.pdf
2025-11-17 19:05:53,604 - INFO - Arquivo adicionado: paginateste3_unido_3arquivos_2025-11-13_2314.pdf
2025-11-17 19:05:53,606 - INFO - Arquivo adicionado: cnu matricula_p1240-1300_PDFA.pdf
2025-11-17 19:05:53,765 - INFO - Arquivo adicionado: cnu matricula.pdf
2025-11-17 19:10:15,053 - WARNING - PDF inválido: C:/Users/Pichau/Downloads/$11_default_titlePri..._unido_6arquivos_2025-11-13_2319.pdf - Nome de arquivo contém caracteres perigosos
2025-11-17 19:10:15,053 - WARNING - Arquivo inválido via drag & drop: $11_default_titlePri..._unido_6arquivos_2025-11-13_2319.pdf
2025-11-17 19:10:20,503 - INFO - Arquivo adicionado via drag & drop: StartDynamicContent - 2025-11-10T114438.809.pdf
2025-11-17 19:11:19,265 - INFO - Arquivo removido: paginateste3.pdf
2025-11-17 19:11:22,174 - INFO - Arquivo removido: paginateste2.pdf
2025-11-17 19:11:40,497 - INFO - Arquivo removido: StartDynamicContent - 2025-11-10T114438.809.pdf
2025-11-17 19:12:29,318 - INFO - Iniciando limpeza de arquivos temporários
2025-11-17 19:12:29,348 - INFO - 🧹 Finalizando JuntaPDF...
2025-11-17 19:12:29,349 - INFO - Iniciando limpeza de arquivos temporários
2025-11-17 19:12:29,350 - INFO - Iniciando limpeza de arquivos temporários
2025-11-17 19:12:30,020 - INFO - Iniciando limpeza de arquivos temporários
2025-11-17 19:12:30,043 - INFO - 🧹 Finalizando JuntaPDF...
2025-11-17 19:12:30,043 - INFO - Iniciando limpeza de arquivos temporários
2025-11-17 19:12:30,043 - INFO - Iniciando limpeza de arquivos temporários
2025-11-17 19:31:03,207 - INFO - ============================================================
2025-11-17 19:31:03,207 - INFO - JuntaPDF Iniciado
2025-11-17 19:31:03,207 - INFO - Versão Python: 3.12.1 (tags/v3.12.1:2305ca5, Dec  7 2023, 22:03:25) [MSC v.1937 64 bit (AMD64)]
2025-11-17 19:31:03,207 - INFO - Diretório de Log: C:\Users\Pichau\AppData\Local\Temp\JuntaPDF_Logs
2025-11-17 19:31:03,207 - INFO - Política de retenção: 30 dias
2025-11-17 19:31:03,207 - INFO - Rotacionamento: 10MB
2025-11-17 19:31:03,207 - INFO - tkinterdnd2 disponível
2025-11-17 19:31:03,255 - INFO - PyPDF2 disponível
2025-11-17 19:31:03,265 - INFO - pikepdf C++ to Python logger bridge initialized
2025-11-17 19:31:03,302 - INFO - pikepdf disponível
2025-11-17 19:31:03,434 - INFO - Janela criada com suporte a Drag & Drop
2025-11-17 19:31:03,434 - INFO - Cleanup registrado no atexit
2025-11-17 19:31:03,434 - INFO - Procurando Ghostscript no sistema...
2025-11-17 19:31:03,437 - INFO - Ghostscript encontrado no PATH: C:\Program Files\gs\gs10.06.0\bin\gswin64c.EXE
2025-11-17 19:31:03,437 - INFO - Perfil ICC encontrado: C:\Program Files\gs\gs10.06.0\iccprofiles\srgb.icc
2025-11-17 19:31:03,437 - INFO - PDF/A disponível: Ghostscript e ICC encontrados
2025-11-17 19:31:03,525 - INFO - ✅ Dependências verificadas:
2025-11-17 19:31:03,525 - INFO -    - PyPDF2: True
2025-11-17 19:31:03,525 - INFO -    - pikepdf: True
2025-11-17 19:31:03,525 - INFO -    - Ghostscript: True
2025-11-17 19:31:03,525 - INFO -    - PDF/A: True
2025-11-17 19:31:03,525 - INFO -    - Drag & Drop: True
2025-11-17 19:31:03,525 - INFO - Status PDF_LIBS_AVAILABLE: True
2025-11-17 19:31:03,525 - INFO - Status GHOSTSCRIPT_PATH: C:\Program Files\gs\gs10.06.0\bin\gswin64c.EXE
2025-11-17 19:31:03,525 - INFO - Status PIKEPDF_AVAILABLE: True
2025-11-17 19:31:03,525 - INFO - Status DND_AVAILABLE: True
2025-11-17 19:31:03,525 - INFO - Status PDFA_AVAILABLE: True
2025-11-17 19:31:03,525 - INFO - ✅ JuntaPDF inicializado com sucesso!
2025-11-17 19:31:03,525 - INFO - 🚀 Iniciando interface gráfica...
2025-11-17 19:31:11,683 - INFO - Arquivo adicionado: paginateste3.pdf
2025-11-17 19:31:11,683 - INFO - Arquivo adicionado: paginateste2.pdf
2025-11-17 19:31:11,688 - INFO - Arquivo adicionado: paginateste1.pdf
2025-11-17 19:31:21,824 - INFO - Arquivo adicionado: StartDynamicContent - 2025-11-07T110410.560.pdf
2025-11-17 19:31:21,824 - INFO - Arquivo adicionado: StartDynamicContent - 2025-11-07T105656.039.pdf
2025-11-17 19:31:21,824 - INFO - Arquivo adicionado: StartDynamicContent - 2025-11-07T104845.018.pdf
2025-11-17 19:31:21,844 - INFO - Arquivo adicionado: StartDynamicContent - 2025-11-07T104422.159.pdf
2025-11-17 19:31:40,856 - INFO - Iniciando limpeza de arquivos temporários
2025-11-17 19:31:40,888 - INFO - 🧹 Finalizando JuntaPDF...
2025-11-17 19:31:40,888 - INFO - Iniciando limpeza de arquivos temporários
2025-11-17 19:31:40,888 - INFO - Iniciando limpeza de arquivos temporários
2025-11-17 23:10:24,012 - INFO - ============================================================
2025-11-17 23:10:24,012 - INFO - JuntaPDF Iniciado
2025-11-17 23:10:24,012 - INFO - Versão Python: 3.12.1 (tags/v3.12.1:2305ca5, Dec  7 2023, 22:03:25) [MSC v.1937 64 bit (AMD64)]
2025-11-17 23:10:24,012 - INFO - Diretório de Log: C:\Users\Pichau\AppData\Local\Temp\JuntaPDF_Logs
2025-11-17 23:10:24,012 - INFO - Política de retenção: 30 dias
2025-11-17 23:10:24,012 - INFO - Rotacionamento: 10MB
2025-11-17 23:10:24,028 - INFO - tkinterdnd2 disponível
2025-11-17 23:10:24,060 - INFO - PyPDF2 disponível
2025-11-17 23:10:24,076 - INFO - pikepdf C++ to Python logger bridge initialized
2025-11-17 23:10:24,107 - INFO - pikepdf disponível
2025-11-17 23:10:24,186 - INFO - Janela criada com suporte a Drag & Drop
2025-11-17 23:10:24,186 - INFO - Cleanup registrado no atexit
2025-11-17 23:10:24,186 - INFO - Procurando Ghostscript no sistema...
2025-11-17 23:10:24,186 - INFO - Ghostscript encontrado no PATH: C:\Program Files\gs\gs10.06.0\bin\gswin64c.EXE
2025-11-17 23:10:24,186 - INFO - Perfil ICC encontrado: C:\Program Files\gs\gs10.06.0\iccprofiles\srgb.icc
2025-11-17 23:10:24,186 - INFO - PDF/A disponível: Ghostscript e ICC encontrados
2025-11-17 23:10:24,283 - INFO - ✅ Dependências verificadas:
2025-11-17 23:10:24,283 - INFO -    - PyPDF2: True
2025-11-17 23:10:24,283 - INFO -    - pikepdf: True
2025-11-17 23:10:24,283 - INFO -    - Ghostscript: True
2025-11-17 23:10:24,283 - INFO -    - PDF/A: True
2025-11-17 23:10:24,283 - INFO -    - Drag & Drop: True
2025-11-17 23:10:24,283 - INFO - Status PDF_LIBS_AVAILABLE: True
2025-11-17 23:10:24,283 - INFO - Status GHOSTSCRIPT_PATH: C:\Program Files\gs\gs10.06.0\bin\gswin64c.EXE
2025-11-17 23:10:24,288 - INFO - Status PIKEPDF_AVAILABLE: True
2025-11-17 23:10:24,288 - INFO - Status DND_AVAILABLE: True
2025-11-17 23:10:24,288 - INFO - Status PDFA_AVAILABLE: True
2025-11-17 23:10:24,288 - INFO - ✅ JuntaPDF inicializado com sucesso!
2025-11-17 23:10:24,288 - INFO - 🚀 Iniciando interface gráfica...
2025-11-17 23:10:33,792 - INFO - Iniciando limpeza de arquivos temporários
2025-11-17 23:10:33,820 - INFO - 🧹 Finalizando JuntaPDF...
2025-11-17 23:10:33,820 - INFO - Iniciando limpeza de arquivos temporários
2025-11-17 23:10:33,820 - INFO - Iniciando limpeza de arquivos temporários
